scenario_id,factor_id,stressed_value
SP-008,RATE-USD-OIS-001M,0.00637749
SP-008,RATE-USD-OIS-002M,0.00646670
SP-008,RATE-USD-OIS-003M,0.00653431
SP-008,RATE-USD-OIS-005M,0.00663968
SP-008,RATE-USD-OIS-007M,0.00672381
SP-008,RATE-USD-OIS-010M,0.00682830
SP-008,RATE-USD-OIS-015M,0.00696976
SP-008,RATE-USD-OIS-020M,0.00708743
SP-008,RATE-USD-OIS-030M,0.00728242
SP-008,RATE-USD-OIS-060M,0.00771525
SP-008,RATE-USD-OIS-090M,0.00804305
SP-008,RATE-USD-OIS-120M,0.00831752
SP-008,RATE-USD-OIS-180M,0.00877522
SP-008,RATE-USD-OIS-240M,0.00915916
SP-008,RATE-USD-OIS-360M,0.00980047
SP-008,RATE-USD-GOVT-001M,0.00838289
SP-008,RATE-USD-GOVT-002M,0.00847210
SP-008,RATE-USD-GOVT-003M,0.00853971
SP-008,RATE-USD-GOVT-005M,0.00864508
SP-008,RATE-USD-GOVT-007M,0.00872921
SP-008,RATE-USD-GOVT-010M,0.00883370
SP-008,RATE-USD-GOVT-015M,0.00897516
SP-008,RATE-USD-GOVT-020M,0.00909283
SP-008,RATE-USD-GOVT-030M,0.00928782
SP-008,RATE-USD-GOVT-060M,0.00972065
SP-008,RATE-USD-GOVT-090M,0.01004845
SP-008,RATE-USD-GOVT-120M,0.01032292
SP-008,RATE-USD-GOVT-180M,0.01078062
SP-008,RATE-USD-GOVT-240M,0.01116456
SP-008,RATE-USD-GOVT-360M,0.01180587
SP-008,RATE-USD-SWAP-001M,0.01038829
SP-008,RATE-USD-SWAP-002M,0.01047750
SP-008,RATE-USD-SWAP-003M,0.01054511
SP-008,RATE-USD-SWAP-005M,0.01065048
SP-008,RATE-USD-SWAP-007M,0.01073461
SP-008,RATE-USD-SWAP-010M,0.01083910
SP-008,RATE-USD-SWAP-015M,0.01098056
SP-008,RATE-USD-SWAP-020M,0.01109823
SP-008,RATE-USD-SWAP-030M,0.01129322
SP-008,RATE-USD-SWAP-060M,0.01172605
SP-008,RATE-USD-SWAP-090M,0.01205385
SP-008,RATE-USD-SWAP-120M,0.01232832
SP-008,RATE-USD-SWAP-180M,0.01278602
SP-008,RATE-USD-SWAP-240M,0.01316996
SP-008,RATE-USD-SWAP-360M,0.01381127
SP-008,RATE-USD-INFLATION-001M,0.01239369
SP-008,RATE-USD-INFLATION-002M,0.01248290
SP-008,RATE-USD-INFLATION-003M,0.01255051
SP-008,RATE-USD-INFLATION-005M,0.01265588
SP-008,RATE-USD-INFLATION-007M,0.01274001
SP-008,RATE-USD-INFLATION-010M,0.01284450
SP-008,RATE-USD-INFLATION-015M,0.01298596
SP-008,RATE-USD-INFLATION-020M,0.01310363
SP-008,RATE-USD-INFLATION-030M,0.01329862
SP-008,RATE-USD-INFLATION-060M,0.01373145
SP-008,RATE-USD-INFLATION-090M,0.01405925
SP-008,RATE-USD-INFLATION-120M,0.01433372
SP-008,RATE-USD-INFLATION-180M,0.01479142
SP-008,RATE-USD-INFLATION-240M,0.01517536
SP-008,RATE-USD-INFLATION-360M,0.01581667
SP-008,RATE-EUR-OIS-001M,0.00787749
SP-008,RATE-EUR-OIS-002M,0.00796670
SP-008,RATE-EUR-OIS-003M,0.00803431
SP-008,RATE-EUR-OIS-005M,0.00813968
SP-008,RATE-EUR-OIS-007M,0.00822381
SP-008,RATE-EUR-OIS-010M,0.00832830
SP-008,RATE-EUR-OIS-015M,0.00846976
SP-008,RATE-EUR-OIS-020M,0.00858743
SP-008,RATE-EUR-OIS-030M,0.00878242
SP-008,RATE-EUR-OIS-060M,0.00921525
SP-008,RATE-EUR-OIS-090M,0.00954305
SP-008,RATE-EUR-OIS-120M,0.00981752
SP-008,RATE-EUR-OIS-180M,0.01027522
SP-008,RATE-EUR-OIS-240M,0.01065916
SP-008,RATE-EUR-OIS-360M,0.01130047
SP-008,RATE-EUR-GOVT-001M,0.00988289
SP-008,RATE-EUR-GOVT-002M,0.00997210
SP-008,RATE-EUR-GOVT-003M,0.01003971
SP-008,RATE-EUR-GOVT-005M,0.01014508
SP-008,RATE-EUR-GOVT-007M,0.01022921
SP-008,RATE-EUR-GOVT-010M,0.01033370
SP-008,RATE-EUR-GOVT-015M,0.01047516
SP-008,RATE-EUR-GOVT-020M,0.01059283
SP-008,RATE-EUR-GOVT-030M,0.01078782
SP-008,RATE-EUR-GOVT-060M,0.01122065
SP-008,RATE-EUR-GOVT-090M,0.01154845
SP-008,RATE-EUR-GOVT-120M,0.01182292
SP-008,RATE-EUR-GOVT-180M,0.01228062
SP-008,RATE-EUR-GOVT-240M,0.01266456
SP-008,RATE-EUR-GOVT-360M,0.01330587
SP-008,RATE-EUR-SWAP-001M,0.01188829
SP-008,RATE-EUR-SWAP-002M,0.01197750
SP-008,RATE-EUR-SWAP-003M,0.01204511
SP-008,RATE-EUR-SWAP-005M,0.01215048
SP-008,RATE-EUR-SWAP-007M,0.01223461
SP-008,RATE-EUR-SWAP-010M,0.01233910
SP-008,RATE-EUR-SWAP-015M,0.01248056
SP-008,RATE-EUR-SWAP-020M,0.01259823
SP-008,RATE-EUR-SWAP-030M,0.01279322
SP-008,RATE-EUR-SWAP-060M,0.01322605
SP-008,RATE-EUR-SWAP-090M,0.01355385
SP-008,RATE-EUR-SWAP-120M,0.01382832
SP-008,RATE-EUR-SWAP-180M,0.01428602
SP-008,RATE-EUR-SWAP-240M,0.01466996
SP-008,RATE-EUR-SWAP-360M,0.01531127
SP-008,RATE-EUR-INFLATION-001M,0.01389369
SP-008,RATE-EUR-INFLATION-002M,0.01398290
SP-008,RATE-EUR-INFLATION-003M,0.01405051
SP-008,RATE-EUR-INFLATION-005M,0.01415588
SP-008,RATE-EUR-INFLATION-007M,0.01424001
SP-008,RATE-EUR-INFLATION-010M,0.01434450
SP-008,RATE-EUR-INFLATION-015M,0.01448596
SP-008,RATE-EUR-INFLATION-020M,0.01460363
SP-008,RATE-EUR-INFLATION-030M,0.01479862
SP-008,RATE-EUR-INFLATION-060M,0.01523145
SP-008,RATE-EUR-INFLATION-090M,0.01555925
SP-008,RATE-EUR-INFLATION-120M,0.01583372
SP-008,RATE-EUR-INFLATION-180M,0.01629142
SP-008,RATE-EUR-INFLATION-240M,0.01667536
SP-008,RATE-EUR-INFLATION-360M,0.01731667
SP-008,RATE-GBP-OIS-001M,0.00937749
SP-008,RATE-GBP-OIS-002M,0.00946670
SP-008,RATE-GBP-OIS-003M,0.00953431
SP-008,RATE-GBP-OIS-005M,0.00963968
SP-008,RATE-GBP-OIS-007M,0.00972381
SP-008,RATE-GBP-OIS-010M,0.00982830
SP-008,RATE-GBP-OIS-015M,0.00996976
SP-008,RATE-GBP-OIS-020M,0.01008743
SP-008,RATE-GBP-OIS-030M,0.01028242
SP-008,RATE-GBP-OIS-060M,0.01071525
SP-008,RATE-GBP-OIS-090M,0.01104305
SP-008,RATE-GBP-OIS-120M,0.01131752
SP-008,RATE-GBP-OIS-180M,0.01177522
SP-008,RATE-GBP-OIS-240M,0.01215916
SP-008,RATE-GBP-OIS-360M,0.01280047
SP-008,RATE-GBP-GOVT-001M,0.01138289
SP-008,RATE-GBP-GOVT-002M,0.01147210
SP-008,RATE-GBP-GOVT-003M,0.01153971
SP-008,RATE-GBP-GOVT-005M,0.01164508
SP-008,RATE-GBP-GOVT-007M,0.01172921
SP-008,RATE-GBP-GOVT-010M,0.01183370
SP-008,RATE-GBP-GOVT-015M,0.01197516
SP-008,RATE-GBP-GOVT-020M,0.01209283
SP-008,RATE-GBP-GOVT-030M,0.01228782
SP-008,RATE-GBP-GOVT-060M,0.01272065
SP-008,RATE-GBP-GOVT-090M,0.01304845
SP-008,RATE-GBP-GOVT-120M,0.01332292
SP-008,RATE-GBP-GOVT-180M,0.01378062
SP-008,RATE-GBP-GOVT-240M,0.01416456
SP-008,RATE-GBP-GOVT-360M,0.01480587
SP-008,RATE-GBP-SWAP-001M,0.01338829
SP-008,RATE-GBP-SWAP-002M,0.01347750
SP-008,RATE-GBP-SWAP-003M,0.01354511
SP-008,RATE-GBP-SWAP-005M,0.01365048
SP-008,RATE-GBP-SWAP-007M,0.01373461
SP-008,RATE-GBP-SWAP-010M,0.01383910
SP-008,RATE-GBP-SWAP-015M,0.01398056
SP-008,RATE-GBP-SWAP-020M,0.01409823
SP-008,RATE-GBP-SWAP-030M,0.01429322
SP-008,RATE-GBP-SWAP-060M,0.01472605
SP-008,RATE-GBP-SWAP-090M,0.01505385
SP-008,RATE-GBP-SWAP-120M,0.01532832
SP-008,RATE-GBP-SWAP-180M,0.01578602
SP-008,RATE-GBP-SWAP-240M,0.01616996
SP-008,RATE-GBP-SWAP-360M,0.01681127
SP-008,RATE-GBP-INFLATION-001M,0.01539369
SP-008,RATE-GBP-INFLATION-002M,0.01548290
SP-008,RATE-GBP-INFLATION-003M,0.01555051
SP-008,RATE-GBP-INFLATION-005M,0.01565588
SP-008,RATE-GBP-INFLATION-007M,0.01574001
SP-008,RATE-GBP-INFLATION-010M,0.01584450
SP-008,RATE-GBP-INFLATION-015M,0.01598596
SP-008,RATE-GBP-INFLATION-020M,0.01610363
SP-008,RATE-GBP-INFLATION-030M,0.01629862
SP-008,RATE-GBP-INFLATION-060M,0.01673145
SP-008,RATE-GBP-INFLATION-090M,0.01705925
SP-008,RATE-GBP-INFLATION-120M,0.01733372
SP-008,RATE-GBP-INFLATION-180M,0.01779142
SP-008,RATE-GBP-INFLATION-240M,0.01817536
SP-008,RATE-GBP-INFLATION-360M,0.01881667
SP-008,RATE-JPY-OIS-001M,0.01087749
SP-008,RATE-JPY-OIS-002M,0.01096670
SP-008,RATE-JPY-OIS-003M,0.01103431
SP-008,RATE-JPY-OIS-005M,0.01113968
SP-008,RATE-JPY-OIS-007M,0.01122381
SP-008,RATE-JPY-OIS-010M,0.01132830
SP-008,RATE-JPY-OIS-015M,0.01146976
SP-008,RATE-JPY-OIS-020M,0.01158743
SP-008,RATE-JPY-OIS-030M,0.01178242
SP-008,RATE-JPY-OIS-060M,0.01221525
SP-008,RATE-JPY-OIS-090M,0.01254305
SP-008,RATE-JPY-OIS-120M,0.01281752
SP-008,RATE-JPY-OIS-180M,0.01327522
SP-008,RATE-JPY-OIS-240M,0.01365916
SP-008,RATE-JPY-OIS-360M,0.01430047
SP-008,RATE-JPY-GOVT-001M,0.01288289
SP-008,RATE-JPY-GOVT-002M,0.01297210
SP-008,RATE-JPY-GOVT-003M,0.01303971
SP-008,RATE-JPY-GOVT-005M,0.01314508
SP-008,RATE-JPY-GOVT-007M,0.01322921
SP-008,RATE-JPY-GOVT-010M,0.01333370
SP-008,RATE-JPY-GOVT-015M,0.01347516
SP-008,RATE-JPY-GOVT-020M,0.01359283
SP-008,RATE-JPY-GOVT-030M,0.01378782
SP-008,RATE-JPY-GOVT-060M,0.01422065
SP-008,RATE-JPY-GOVT-090M,0.01454845
SP-008,RATE-JPY-GOVT-120M,0.01482292
SP-008,RATE-JPY-GOVT-180M,0.01528062
SP-008,RATE-JPY-GOVT-240M,0.01566456
SP-008,RATE-JPY-GOVT-360M,0.01630587
SP-008,RATE-JPY-SWAP-001M,0.01488829
SP-008,RATE-JPY-SWAP-002M,0.01497750
SP-008,RATE-JPY-SWAP-003M,0.01504511
SP-008,RATE-JPY-SWAP-005M,0.01515048
SP-008,RATE-JPY-SWAP-007M,0.01523461
SP-008,RATE-JPY-SWAP-010M,0.01533910
SP-008,RATE-JPY-SWAP-015M,0.01548056
SP-008,RATE-JPY-SWAP-020M,0.01559823
SP-008,RATE-JPY-SWAP-030M,0.01579322
SP-008,RATE-JPY-SWAP-060M,0.01622605
SP-008,RATE-JPY-SWAP-090M,0.01655385
SP-008,RATE-JPY-SWAP-120M,0.01682832
SP-008,RATE-JPY-SWAP-180M,0.01728602
SP-008,RATE-JPY-SWAP-240M,0.01766996
SP-008,RATE-JPY-SWAP-360M,0.01831127
SP-008,RATE-JPY-INFLATION-001M,0.01689369
SP-008,RATE-JPY-INFLATION-002M,0.01698290
SP-008,RATE-JPY-INFLATION-003M,0.01705051
SP-008,RATE-JPY-INFLATION-005M,0.01715588
SP-008,RATE-JPY-INFLATION-007M,0.01724001
SP-008,RATE-JPY-INFLATION-010M,0.01734450
SP-008,RATE-JPY-INFLATION-015M,0.01748596
SP-008,RATE-JPY-INFLATION-020M,0.01760363
SP-008,RATE-JPY-INFLATION-030M,0.01779862
SP-008,RATE-JPY-INFLATION-060M,0.01823145
SP-008,RATE-JPY-INFLATION-090M,0.01855925
SP-008,RATE-JPY-INFLATION-120M,0.01883372
SP-008,RATE-JPY-INFLATION-180M,0.01929142
SP-008,RATE-JPY-INFLATION-240M,0.01967536
SP-008,RATE-JPY-INFLATION-360M,0.02031667
SP-008,RATE-CHF-OIS-001M,0.01237749
SP-008,RATE-CHF-OIS-002M,0.01246670
SP-008,RATE-CHF-OIS-003M,0.01253431
SP-008,RATE-CHF-OIS-005M,0.01263968
SP-008,RATE-CHF-OIS-007M,0.01272381
SP-008,RATE-CHF-OIS-010M,0.01282830
SP-008,RATE-CHF-OIS-015M,0.01296976
SP-008,RATE-CHF-OIS-020M,0.01308743
SP-008,RATE-CHF-OIS-030M,0.01328242
SP-008,RATE-CHF-OIS-060M,0.01371525
SP-008,RATE-CHF-OIS-090M,0.01404305
SP-008,RATE-CHF-OIS-120M,0.01431752
SP-008,RATE-CHF-OIS-180M,0.01477522
SP-008,RATE-CHF-OIS-240M,0.01515916
SP-008,RATE-CHF-OIS-360M,0.01580047
SP-008,RATE-CHF-GOVT-001M,0.01438289
SP-008,RATE-CHF-GOVT-002M,0.01447210
SP-008,RATE-CHF-GOVT-003M,0.01453971
SP-008,RATE-CHF-GOVT-005M,0.01464508
SP-008,RATE-CHF-GOVT-007M,0.01472921
SP-008,RATE-CHF-GOVT-010M,0.01483370
SP-008,RATE-CHF-GOVT-015M,0.01497516
SP-008,RATE-CHF-GOVT-020M,0.01509283
SP-008,RATE-CHF-GOVT-030M,0.01528782
SP-008,RATE-CHF-GOVT-060M,0.01572065
SP-008,RATE-CHF-GOVT-090M,0.01604845
SP-008,RATE-CHF-GOVT-120M,0.01632292
SP-008,RATE-CHF-GOVT-180M,0.01678062
SP-008,RATE-CHF-GOVT-240M,0.01716456
SP-008,RATE-CHF-GOVT-360M,0.01780587
SP-008,RATE-CHF-SWAP-001M,0.01638829
SP-008,RATE-CHF-SWAP-002M,0.01647750
SP-008,RATE-CHF-SWAP-003M,0.01654511
SP-008,RATE-CHF-SWAP-005M,0.01665048
SP-008,RATE-CHF-SWAP-007M,0.01673461
SP-008,RATE-CHF-SWAP-010M,0.01683910
SP-008,RATE-CHF-SWAP-015M,0.01698056
SP-008,RATE-CHF-SWAP-020M,0.01709823
SP-008,RATE-CHF-SWAP-030M,0.01729322
SP-008,RATE-CHF-SWAP-060M,0.01772605
SP-008,RATE-CHF-SWAP-090M,0.01805385
SP-008,RATE-CHF-SWAP-120M,0.01832832
SP-008,RATE-CHF-SWAP-180M,0.01878602
SP-008,RATE-CHF-SWAP-240M,0.01916996
SP-008,RATE-CHF-SWAP-360M,0.01981127
SP-008,RATE-CHF-INFLATION-001M,0.01839369
SP-008,RATE-CHF-INFLATION-002M,0.01848290
SP-008,RATE-CHF-INFLATION-003M,0.01855051
SP-008,RATE-CHF-INFLATION-005M,0.01865588
SP-008,RATE-CHF-INFLATION-007M,0.01874001
SP-008,RATE-CHF-INFLATION-010M,0.01884450
SP-008,RATE-CHF-INFLATION-015M,0.01898596
SP-008,RATE-CHF-INFLATION-020M,0.01910363
SP-008,RATE-CHF-INFLATION-030M,0.01929862
SP-008,RATE-CHF-INFLATION-060M,0.01973145
SP-008,RATE-CHF-INFLATION-090M,0.02005925
SP-008,RATE-CHF-INFLATION-120M,0.02033372
SP-008,RATE-CHF-INFLATION-180M,0.02079142
SP-008,RATE-CHF-INFLATION-240M,0.02117536
SP-008,RATE-CHF-INFLATION-360M,0.02181667
SP-008,RATE-CAD-OIS-001M,0.01387749
SP-008,RATE-CAD-OIS-002M,0.01396670
SP-008,RATE-CAD-OIS-003M,0.01403431
SP-008,RATE-CAD-OIS-005M,0.01413968
SP-008,RATE-CAD-OIS-007M,0.01422381
SP-008,RATE-CAD-OIS-010M,0.01432830
SP-008,RATE-CAD-OIS-015M,0.01446976
SP-008,RATE-CAD-OIS-020M,0.01458743
SP-008,RATE-CAD-OIS-030M,0.01478242
SP-008,RATE-CAD-OIS-060M,0.01521525
SP-008,RATE-CAD-OIS-090M,0.01554305
SP-008,RATE-CAD-OIS-120M,0.01581752
SP-008,RATE-CAD-OIS-180M,0.01627522
SP-008,RATE-CAD-OIS-240M,0.01665916
SP-008,RATE-CAD-OIS-360M,0.01730047
SP-008,RATE-CAD-GOVT-001M,0.01588289
SP-008,RATE-CAD-GOVT-002M,0.01597210
SP-008,RATE-CAD-GOVT-003M,0.01603971
SP-008,RATE-CAD-GOVT-005M,0.01614508
SP-008,RATE-CAD-GOVT-007M,0.01622921
SP-008,RATE-CAD-GOVT-010M,0.01633370
SP-008,RATE-CAD-GOVT-015M,0.01647516
SP-008,RATE-CAD-GOVT-020M,0.01659283
SP-008,RATE-CAD-GOVT-030M,0.01678782
SP-008,RATE-CAD-GOVT-060M,0.01722065
SP-008,RATE-CAD-GOVT-090M,0.01754845
SP-008,RATE-CAD-GOVT-120M,0.01782292
SP-008,RATE-CAD-GOVT-180M,0.01828062
SP-008,RATE-CAD-GOVT-240M,0.01866456
SP-008,RATE-CAD-GOVT-360M,0.01930587
SP-008,RATE-CAD-SWAP-001M,0.01788829
SP-008,RATE-CAD-SWAP-002M,0.01797750
SP-008,RATE-CAD-SWAP-003M,0.01804511
SP-008,RATE-CAD-SWAP-005M,0.01815048
SP-008,RATE-CAD-SWAP-007M,0.01823461
SP-008,RATE-CAD-SWAP-010M,0.01833910
SP-008,RATE-CAD-SWAP-015M,0.01848056
SP-008,RATE-CAD-SWAP-020M,0.01859823
SP-008,RATE-CAD-SWAP-030M,0.01879322
SP-008,RATE-CAD-SWAP-060M,0.01922605
SP-008,RATE-CAD-SWAP-090M,0.01955385
SP-008,RATE-CAD-SWAP-120M,0.01982832
SP-008,RATE-CAD-SWAP-180M,0.02028602
SP-008,RATE-CAD-SWAP-240M,0.02066996
SP-008,RATE-CAD-SWAP-360M,0.02131127
SP-008,RATE-CAD-INFLATION-001M,0.01989369
SP-008,RATE-CAD-INFLATION-002M,0.01998290
SP-008,RATE-CAD-INFLATION-003M,0.02005051
SP-008,RATE-CAD-INFLATION-005M,0.02015588
SP-008,RATE-CAD-INFLATION-007M,0.02024001
SP-008,RATE-CAD-INFLATION-010M,0.02034450
SP-008,RATE-CAD-INFLATION-015M,0.02048596
SP-008,RATE-CAD-INFLATION-020M,0.02060363
SP-008,RATE-CAD-INFLATION-030M,0.02079862
SP-008,RATE-CAD-INFLATION-060M,0.02123145
SP-008,RATE-CAD-INFLATION-090M,0.02155925
SP-008,RATE-CAD-INFLATION-120M,0.02183372
SP-008,RATE-CAD-INFLATION-180M,0.02229142
SP-008,RATE-CAD-INFLATION-240M,0.02267536
SP-008,RATE-CAD-INFLATION-360M,0.02331667
SP-008,RATE-AUD-OIS-001M,0.01537749
SP-008,RATE-AUD-OIS-002M,0.01546670
SP-008,RATE-AUD-OIS-003M,0.01553431
SP-008,RATE-AUD-OIS-005M,0.01563968
SP-008,RATE-AUD-OIS-007M,0.01572381
SP-008,RATE-AUD-OIS-010M,0.01582830
SP-008,RATE-AUD-OIS-015M,0.01596976
SP-008,RATE-AUD-OIS-020M,0.01608743
SP-008,RATE-AUD-OIS-030M,0.01628242
SP-008,RATE-AUD-OIS-060M,0.01671525
SP-008,RATE-AUD-OIS-090M,0.01704305
SP-008,RATE-AUD-OIS-120M,0.01731752
SP-008,RATE-AUD-OIS-180M,0.01777522
SP-008,RATE-AUD-OIS-240M,0.01815916
SP-008,RATE-AUD-OIS-360M,0.01880047
SP-008,RATE-AUD-GOVT-001M,0.01738289
SP-008,RATE-AUD-GOVT-002M,0.01747210
SP-008,RATE-AUD-GOVT-003M,0.01753971
SP-008,RATE-AUD-GOVT-005M,0.01764508
SP-008,RATE-AUD-GOVT-007M,0.01772921
SP-008,RATE-AUD-GOVT-010M,0.01783370
SP-008,RATE-AUD-GOVT-015M,0.01797516
SP-008,RATE-AUD-GOVT-020M,0.01809283
SP-008,RATE-AUD-GOVT-030M,0.01828782
SP-008,RATE-AUD-GOVT-060M,0.01872065
SP-008,RATE-AUD-GOVT-090M,0.01904845
SP-008,RATE-AUD-GOVT-120M,0.01932292
SP-008,RATE-AUD-GOVT-180M,0.01978062
SP-008,RATE-AUD-GOVT-240M,0.02016456
SP-008,RATE-AUD-GOVT-360M,0.02080587
SP-008,RATE-AUD-SWAP-001M,0.01938829
SP-008,RATE-AUD-SWAP-002M,0.01947750
SP-008,RATE-AUD-SWAP-003M,0.01954511
SP-008,RATE-AUD-SWAP-005M,0.01965048
SP-008,RATE-AUD-SWAP-007M,0.01973461
SP-008,RATE-AUD-SWAP-010M,0.01983910
SP-008,RATE-AUD-SWAP-015M,0.01998056
SP-008,RATE-AUD-SWAP-020M,0.02009823
SP-008,RATE-AUD-SWAP-030M,0.02029322
SP-008,RATE-AUD-SWAP-060M,0.02072605
SP-008,RATE-AUD-SWAP-090M,0.02105385
SP-008,RATE-AUD-SWAP-120M,0.02132832
SP-008,RATE-AUD-SWAP-180M,0.02178602
SP-008,RATE-AUD-SWAP-240M,0.02216996
SP-008,RATE-AUD-SWAP-360M,0.02281127
SP-008,RATE-AUD-INFLATION-001M,0.02139369
SP-008,RATE-AUD-INFLATION-002M,0.02148290
SP-008,RATE-AUD-INFLATION-003M,0.02155051
SP-008,RATE-AUD-INFLATION-005M,0.02165588
SP-008,RATE-AUD-INFLATION-007M,0.02174001
SP-008,RATE-AUD-INFLATION-010M,0.02184450
SP-008,RATE-AUD-INFLATION-015M,0.02198596
SP-008,RATE-AUD-INFLATION-020M,0.02210363
SP-008,RATE-AUD-INFLATION-030M,0.02229862
SP-008,RATE-AUD-INFLATION-060M,0.02273145
SP-008,RATE-AUD-INFLATION-090M,0.02305925
SP-008,RATE-AUD-INFLATION-120M,0.02333372
SP-008,RATE-AUD-INFLATION-180M,0.02379142
SP-008,RATE-AUD-INFLATION-240M,0.02417536
SP-008,RATE-AUD-INFLATION-360M,0.02481667
SP-008,RATE-NZD-OIS-001M,0.01687749
SP-008,RATE-NZD-OIS-002M,0.01696670
SP-008,RATE-NZD-OIS-003M,0.01703431
SP-008,RATE-NZD-OIS-005M,0.01713968
SP-008,RATE-NZD-OIS-007M,0.01722381
SP-008,RATE-NZD-OIS-010M,0.01732830
SP-008,RATE-NZD-OIS-015M,0.01746976
SP-008,RATE-NZD-OIS-020M,0.01758743
SP-008,RATE-NZD-OIS-030M,0.01778242
SP-008,RATE-NZD-OIS-060M,0.01821525
SP-008,RATE-NZD-OIS-090M,0.01854305
SP-008,RATE-NZD-OIS-120M,0.01881752
SP-008,RATE-NZD-OIS-180M,0.01927522
SP-008,RATE-NZD-OIS-240M,0.01965916
SP-008,RATE-NZD-OIS-360M,0.02030047
SP-008,RATE-NZD-GOVT-001M,0.01888289
SP-008,RATE-NZD-GOVT-002M,0.01897210
SP-008,RATE-NZD-GOVT-003M,0.01903971
SP-008,RATE-NZD-GOVT-005M,0.01914508
SP-008,RATE-NZD-GOVT-007M,0.01922921
SP-008,RATE-NZD-GOVT-010M,0.01933370
SP-008,RATE-NZD-GOVT-015M,0.01947516
SP-008,RATE-NZD-GOVT-020M,0.01959283
SP-008,RATE-NZD-GOVT-030M,0.01978782
SP-008,RATE-NZD-GOVT-060M,0.02022065
SP-008,RATE-NZD-GOVT-090M,0.02054845
SP-008,RATE-NZD-GOVT-120M,0.02082292
SP-008,RATE-NZD-GOVT-180M,0.02128062
SP-008,RATE-NZD-GOVT-240M,0.02166456
SP-008,RATE-NZD-GOVT-360M,0.02230587
SP-008,RATE-NZD-SWAP-001M,0.02088829
SP-008,RATE-NZD-SWAP-002M,0.02097750
SP-008,RATE-NZD-SWAP-003M,0.02104511
SP-008,RATE-NZD-SWAP-005M,0.02115048
SP-008,RATE-NZD-SWAP-007M,0.02123461
SP-008,RATE-NZD-SWAP-010M,0.02133910
SP-008,RATE-NZD-SWAP-015M,0.02148056
SP-008,RATE-NZD-SWAP-020M,0.02159823
SP-008,RATE-NZD-SWAP-030M,0.02179322
SP-008,RATE-NZD-SWAP-060M,0.02222605
SP-008,RATE-NZD-SWAP-090M,0.02255385
SP-008,RATE-NZD-SWAP-120M,0.02282832
SP-008,RATE-NZD-SWAP-180M,0.02328602
SP-008,RATE-NZD-SWAP-240M,0.02366996
SP-008,RATE-NZD-SWAP-360M,0.02431127
SP-008,RATE-NZD-INFLATION-001M,0.02289369
SP-008,RATE-NZD-INFLATION-002M,0.02298290
SP-008,RATE-NZD-INFLATION-003M,0.02305051
SP-008,RATE-NZD-INFLATION-005M,0.02315588
SP-008,RATE-NZD-INFLATION-007M,0.02324001
SP-008,RATE-NZD-INFLATION-010M,0.02334450
SP-008,RATE-NZD-INFLATION-015M,0.02348596
SP-008,RATE-NZD-INFLATION-020M,0.02360363
SP-008,RATE-NZD-INFLATION-030M,0.02379862
SP-008,RATE-NZD-INFLATION-060M,0.02423145
SP-008,RATE-NZD-INFLATION-090M,0.02455925
SP-008,RATE-NZD-INFLATION-120M,0.02483372
SP-008,RATE-NZD-INFLATION-180M,0.02529142
SP-008,RATE-NZD-INFLATION-240M,0.02567536
SP-008,RATE-NZD-INFLATION-360M,0.02631667
SP-008,RATE-SEK-OIS-001M,0.01837749
SP-008,RATE-SEK-OIS-002M,0.01846670
SP-008,RATE-SEK-OIS-003M,0.01853431
SP-008,RATE-SEK-OIS-005M,0.01863968
SP-008,RATE-SEK-OIS-007M,0.01872381
SP-008,RATE-SEK-OIS-010M,0.01882830
SP-008,RATE-SEK-OIS-015M,0.01896976
SP-008,RATE-SEK-OIS-020M,0.01908743
SP-008,RATE-SEK-OIS-030M,0.01928242
SP-008,RATE-SEK-OIS-060M,0.01971525
SP-008,RATE-SEK-OIS-090M,0.02004305
SP-008,RATE-SEK-OIS-120M,0.02031752
SP-008,RATE-SEK-OIS-180M,0.02077522
SP-008,RATE-SEK-OIS-240M,0.02115916
SP-008,RATE-SEK-OIS-360M,0.02180047
SP-008,RATE-SEK-GOVT-001M,0.02038289
SP-008,RATE-SEK-GOVT-002M,0.02047210
SP-008,RATE-SEK-GOVT-003M,0.02053971
SP-008,RATE-SEK-GOVT-005M,0.02064508
SP-008,RATE-SEK-GOVT-007M,0.02072921
SP-008,RATE-SEK-GOVT-010M,0.02083370
SP-008,RATE-SEK-GOVT-015M,0.02097516
SP-008,RATE-SEK-GOVT-020M,0.02109283
SP-008,RATE-SEK-GOVT-030M,0.02128782
SP-008,RATE-SEK-GOVT-060M,0.02172065
SP-008,RATE-SEK-GOVT-090M,0.02204845
SP-008,RATE-SEK-GOVT-120M,0.02232292
SP-008,RATE-SEK-GOVT-180M,0.02278062
SP-008,RATE-SEK-GOVT-240M,0.02316456
SP-008,RATE-SEK-GOVT-360M,0.02380587
SP-008,RATE-SEK-SWAP-001M,0.02238829
SP-008,RATE-SEK-SWAP-002M,0.02247750
SP-008,RATE-SEK-SWAP-003M,0.02254511
SP-008,RATE-SEK-SWAP-005M,0.02265048
SP-008,RATE-SEK-SWAP-007M,0.02273461
SP-008,RATE-SEK-SWAP-010M,0.02283910
SP-008,RATE-SEK-SWAP-015M,0.02298056
SP-008,RATE-SEK-SWAP-020M,0.02309823
SP-008,RATE-SEK-SWAP-030M,0.02329322
SP-008,RATE-SEK-SWAP-060M,0.02372605
SP-008,RATE-SEK-SWAP-090M,0.02405385
SP-008,RATE-SEK-SWAP-120M,0.02432832
SP-008,RATE-SEK-SWAP-180M,0.02478602
SP-008,RATE-SEK-SWAP-240M,0.02516996
SP-008,RATE-SEK-SWAP-360M,0.02581127
SP-008,RATE-SEK-INFLATION-001M,0.02439369
SP-008,RATE-SEK-INFLATION-002M,0.02448290
SP-008,RATE-SEK-INFLATION-003M,0.02455051
SP-008,RATE-SEK-INFLATION-005M,0.02465588
SP-008,RATE-SEK-INFLATION-007M,0.02474001
SP-008,RATE-SEK-INFLATION-010M,0.02484450
SP-008,RATE-SEK-INFLATION-015M,0.02498596
SP-008,RATE-SEK-INFLATION-020M,0.02510363
SP-008,RATE-SEK-INFLATION-030M,0.02529862
SP-008,RATE-SEK-INFLATION-060M,0.02573145
SP-008,RATE-SEK-INFLATION-090M,0.02605925
SP-008,RATE-SEK-INFLATION-120M,0.02633372
SP-008,RATE-SEK-INFLATION-180M,0.02679142
SP-008,RATE-SEK-INFLATION-240M,0.02717536
SP-008,RATE-SEK-INFLATION-360M,0.02781667
SP-008,RATE-NOK-OIS-001M,0.01987749
SP-008,RATE-NOK-OIS-002M,0.01996670
SP-008,RATE-NOK-OIS-003M,0.02003431
SP-008,RATE-NOK-OIS-005M,0.02013968
SP-008,RATE-NOK-OIS-007M,0.02022381
SP-008,RATE-NOK-OIS-010M,0.02032830
SP-008,RATE-NOK-OIS-015M,0.02046976
SP-008,RATE-NOK-OIS-020M,0.02058743
SP-008,RATE-NOK-OIS-030M,0.02078242
SP-008,RATE-NOK-OIS-060M,0.02121525
SP-008,RATE-NOK-OIS-090M,0.02154305
SP-008,RATE-NOK-OIS-120M,0.02181752
SP-008,RATE-NOK-OIS-180M,0.02227522
SP-008,RATE-NOK-OIS-240M,0.02265916
SP-008,RATE-NOK-OIS-360M,0.02330047
SP-008,RATE-NOK-GOVT-001M,0.02188289
SP-008,RATE-NOK-GOVT-002M,0.02197210
SP-008,RATE-NOK-GOVT-003M,0.02203971
SP-008,RATE-NOK-GOVT-005M,0.02214508
SP-008,RATE-NOK-GOVT-007M,0.02222921
SP-008,RATE-NOK-GOVT-010M,0.02233370
SP-008,RATE-NOK-GOVT-015M,0.02247516
SP-008,RATE-NOK-GOVT-020M,0.02259283
SP-008,RATE-NOK-GOVT-030M,0.02278782
SP-008,RATE-NOK-GOVT-060M,0.02322065
SP-008,RATE-NOK-GOVT-090M,0.02354845
SP-008,RATE-NOK-GOVT-120M,0.02382292
SP-008,RATE-NOK-GOVT-180M,0.02428062
SP-008,RATE-NOK-GOVT-240M,0.02466456
SP-008,RATE-NOK-GOVT-360M,0.02530587
SP-008,RATE-NOK-SWAP-001M,0.02388829
SP-008,RATE-NOK-SWAP-002M,0.02397750
SP-008,RATE-NOK-SWAP-003M,0.02404511
SP-008,RATE-NOK-SWAP-005M,0.02415048
SP-008,RATE-NOK-SWAP-007M,0.02423461
SP-008,RATE-NOK-SWAP-010M,0.02433910
SP-008,RATE-NOK-SWAP-015M,0.02448056
SP-008,RATE-NOK-SWAP-020M,0.02459823
SP-008,RATE-NOK-SWAP-030M,0.02479322
SP-008,RATE-NOK-SWAP-060M,0.02522605
SP-008,RATE-NOK-SWAP-090M,0.02555385
SP-008,RATE-NOK-SWAP-120M,0.02582832
SP-008,RATE-NOK-SWAP-180M,0.02628602
SP-008,RATE-NOK-SWAP-240M,0.02666996
SP-008,RATE-NOK-SWAP-360M,0.02731127
SP-008,RATE-NOK-INFLATION-001M,0.02589369
SP-008,RATE-NOK-INFLATION-002M,0.02598290
SP-008,RATE-NOK-INFLATION-003M,0.02605051
SP-008,RATE-NOK-INFLATION-005M,0.02615588
SP-008,RATE-NOK-INFLATION-007M,0.02624001
SP-008,RATE-NOK-INFLATION-010M,0.02634450
SP-008,RATE-NOK-INFLATION-015M,0.02648596
SP-008,RATE-NOK-INFLATION-020M,0.02660363
SP-008,RATE-NOK-INFLATION-030M,0.02679862
SP-008,RATE-NOK-INFLATION-060M,0.02723145
SP-008,RATE-NOK-INFLATION-090M,0.02755925
SP-008,RATE-NOK-INFLATION-120M,0.02783372
SP-008,RATE-NOK-INFLATION-180M,0.02829142
SP-008,RATE-NOK-INFLATION-240M,0.02867536
SP-008,RATE-NOK-INFLATION-360M,0.02931667
SP-008,RATE-DKK-OIS-001M,0.02137749
SP-008,RATE-DKK-OIS-002M,0.02146670
SP-008,RATE-DKK-OIS-003M,0.02153431
SP-008,RATE-DKK-OIS-005M,0.02163968
SP-008,RATE-DKK-OIS-007M,0.02172381
SP-008,RATE-DKK-OIS-010M,0.02182830
SP-008,RATE-DKK-OIS-015M,0.02196976
SP-008,RATE-DKK-OIS-020M,0.02208743
SP-008,RATE-DKK-OIS-030M,0.02228242
SP-008,RATE-DKK-OIS-060M,0.02271525
SP-008,RATE-DKK-OIS-090M,0.02304305
SP-008,RATE-DKK-OIS-120M,0.02331752
SP-008,RATE-DKK-OIS-180M,0.02377522
SP-008,RATE-DKK-OIS-240M,0.02415916
SP-008,RATE-DKK-OIS-360M,0.02480047
SP-008,RATE-DKK-GOVT-001M,0.02338289
SP-008,RATE-DKK-GOVT-002M,0.02347210
SP-008,RATE-DKK-GOVT-003M,0.02353971
SP-008,RATE-DKK-GOVT-005M,0.02364508
SP-008,RATE-DKK-GOVT-007M,0.02372921
SP-008,RATE-DKK-GOVT-010M,0.02383370
SP-008,RATE-DKK-GOVT-015M,0.02397516
SP-008,RATE-DKK-GOVT-020M,0.02409283
SP-008,RATE-DKK-GOVT-030M,0.02428782
SP-008,RATE-DKK-GOVT-060M,0.02472065
SP-008,RATE-DKK-GOVT-090M,0.02504845
SP-008,RATE-DKK-GOVT-120M,0.02532292
SP-008,RATE-DKK-GOVT-180M,0.02578062
SP-008,RATE-DKK-GOVT-240M,0.02616456
SP-008,RATE-DKK-GOVT-360M,0.02680587
SP-008,RATE-DKK-SWAP-001M,0.02538829
SP-008,RATE-DKK-SWAP-002M,0.02547750
SP-008,RATE-DKK-SWAP-003M,0.02554511
SP-008,RATE-DKK-SWAP-005M,0.02565048
SP-008,RATE-DKK-SWAP-007M,0.02573461
SP-008,RATE-DKK-SWAP-010M,0.02583910
SP-008,RATE-DKK-SWAP-015M,0.02598056
SP-008,RATE-DKK-SWAP-020M,0.02609823
SP-008,RATE-DKK-SWAP-030M,0.02629322
SP-008,RATE-DKK-SWAP-060M,0.02672605
SP-008,RATE-DKK-SWAP-090M,0.02705385
SP-008,RATE-DKK-SWAP-120M,0.02732832
SP-008,RATE-DKK-SWAP-180M,0.02778602
SP-008,RATE-DKK-SWAP-240M,0.02816996
SP-008,RATE-DKK-SWAP-360M,0.02881127
SP-008,RATE-DKK-INFLATION-001M,0.02739369
SP-008,RATE-DKK-INFLATION-002M,0.02748290
SP-008,RATE-DKK-INFLATION-003M,0.02755051
SP-008,RATE-DKK-INFLATION-005M,0.02765588
SP-008,RATE-DKK-INFLATION-007M,0.02774001
SP-008,RATE-DKK-INFLATION-010M,0.02784450
SP-008,RATE-DKK-INFLATION-015M,0.02798596
SP-008,RATE-DKK-INFLATION-020M,0.02810363
SP-008,RATE-DKK-INFLATION-030M,0.02829862
SP-008,RATE-DKK-INFLATION-060M,0.02873145
SP-008,RATE-DKK-INFLATION-090M,0.02905925
SP-008,RATE-DKK-INFLATION-120M,0.02933372
SP-008,RATE-DKK-INFLATION-180M,0.02979142
SP-008,RATE-DKK-INFLATION-240M,0.03017536
SP-008,RATE-DKK-INFLATION-360M,0.03081667
SP-008,RATE-PLN-OIS-001M,0.02287749
SP-008,RATE-PLN-OIS-002M,0.02296670
SP-008,RATE-PLN-OIS-003M,0.02303431
SP-008,RATE-PLN-OIS-005M,0.02313968
SP-008,RATE-PLN-OIS-007M,0.02322381
SP-008,RATE-PLN-OIS-010M,0.02332830
SP-008,RATE-PLN-OIS-015M,0.02346976
SP-008,RATE-PLN-OIS-020M,0.02358743
SP-008,RATE-PLN-OIS-030M,0.02378242
SP-008,RATE-PLN-OIS-060M,0.02421525
SP-008,RATE-PLN-OIS-090M,0.02454305
SP-008,RATE-PLN-OIS-120M,0.02481752
SP-008,RATE-PLN-OIS-180M,0.02527522
SP-008,RATE-PLN-OIS-240M,0.02565916
SP-008,RATE-PLN-OIS-360M,0.02630047
SP-008,RATE-PLN-GOVT-001M,0.02488289
SP-008,RATE-PLN-GOVT-002M,0.02497210
SP-008,RATE-PLN-GOVT-003M,0.02503971
SP-008,RATE-PLN-GOVT-005M,0.02514508
SP-008,RATE-PLN-GOVT-007M,0.02522921
SP-008,RATE-PLN-GOVT-010M,0.02533370
SP-008,RATE-PLN-GOVT-015M,0.02547516
SP-008,RATE-PLN-GOVT-020M,0.02559283
SP-008,RATE-PLN-GOVT-030M,0.02578782
SP-008,RATE-PLN-GOVT-060M,0.02622065
SP-008,RATE-PLN-GOVT-090M,0.02654845
SP-008,RATE-PLN-GOVT-120M,0.02682292
SP-008,RATE-PLN-GOVT-180M,0.02728062
SP-008,RATE-PLN-GOVT-240M,0.02766456
SP-008,RATE-PLN-GOVT-360M,0.02830587
SP-008,RATE-PLN-SWAP-001M,0.02688829
SP-008,RATE-PLN-SWAP-002M,0.02697750
SP-008,RATE-PLN-SWAP-003M,0.02704511
SP-008,RATE-PLN-SWAP-005M,0.02715048
SP-008,RATE-PLN-SWAP-007M,0.02723461
SP-008,RATE-PLN-SWAP-010M,0.02733910
SP-008,RATE-PLN-SWAP-015M,0.02748056
SP-008,RATE-PLN-SWAP-020M,0.02759823
SP-008,RATE-PLN-SWAP-030M,0.02779322
SP-008,RATE-PLN-SWAP-060M,0.02822605
SP-008,RATE-PLN-SWAP-090M,0.02855385
SP-008,RATE-PLN-SWAP-120M,0.02882832
SP-008,RATE-PLN-SWAP-180M,0.02928602
SP-008,RATE-PLN-SWAP-240M,0.02966996
SP-008,RATE-PLN-SWAP-360M,0.03031127
SP-008,RATE-PLN-INFLATION-001M,0.02889369
SP-008,RATE-PLN-INFLATION-002M,0.02898290
SP-008,RATE-PLN-INFLATION-003M,0.02905051
SP-008,RATE-PLN-INFLATION-005M,0.02915588
SP-008,RATE-PLN-INFLATION-007M,0.02924001
SP-008,RATE-PLN-INFLATION-010M,0.02934450
SP-008,RATE-PLN-INFLATION-015M,0.02948596
SP-008,RATE-PLN-INFLATION-020M,0.02960363
SP-008,RATE-PLN-INFLATION-030M,0.02979862
SP-008,RATE-PLN-INFLATION-060M,0.03023145
SP-008,RATE-PLN-INFLATION-090M,0.03055925
SP-008,RATE-PLN-INFLATION-120M,0.03083372
SP-008,RATE-PLN-INFLATION-180M,0.03129142
SP-008,RATE-PLN-INFLATION-240M,0.03167536
SP-008,RATE-PLN-INFLATION-360M,0.03231667
SP-008,RATE-CZK-OIS-001M,0.02437749
SP-008,RATE-CZK-OIS-002M,0.02446670
SP-008,RATE-CZK-OIS-003M,0.02453431
SP-008,RATE-CZK-OIS-005M,0.02463968
SP-008,RATE-CZK-OIS-007M,0.02472381
SP-008,RATE-CZK-OIS-010M,0.02482830
SP-008,RATE-CZK-OIS-015M,0.02496976
SP-008,RATE-CZK-OIS-020M,0.02508743
SP-008,RATE-CZK-OIS-030M,0.02528242
SP-008,RATE-CZK-OIS-060M,0.02571525
SP-008,RATE-CZK-OIS-090M,0.02604305
SP-008,RATE-CZK-OIS-120M,0.02631752
SP-008,RATE-CZK-OIS-180M,0.02677522
SP-008,RATE-CZK-OIS-240M,0.02715916
SP-008,RATE-CZK-OIS-360M,0.02780047
SP-008,RATE-CZK-GOVT-001M,0.02638289
SP-008,RATE-CZK-GOVT-002M,0.02647210
SP-008,RATE-CZK-GOVT-003M,0.02653971
SP-008,RATE-CZK-GOVT-005M,0.02664508
SP-008,RATE-CZK-GOVT-007M,0.02672921
SP-008,RATE-CZK-GOVT-010M,0.02683370
SP-008,RATE-CZK-GOVT-015M,0.02697516
SP-008,RATE-CZK-GOVT-020M,0.02709283
SP-008,RATE-CZK-GOVT-030M,0.02728782
SP-008,RATE-CZK-GOVT-060M,0.02772065
SP-008,RATE-CZK-GOVT-090M,0.02804845
SP-008,RATE-CZK-GOVT-120M,0.02832292
SP-008,RATE-CZK-GOVT-180M,0.02878062
SP-008,RATE-CZK-GOVT-240M,0.02916456
SP-008,RATE-CZK-GOVT-360M,0.02980587
SP-008,RATE-CZK-SWAP-001M,0.02838829
SP-008,RATE-CZK-SWAP-002M,0.02847750
SP-008,RATE-CZK-SWAP-003M,0.02854511
SP-008,RATE-CZK-SWAP-005M,0.02865048
SP-008,RATE-CZK-SWAP-007M,0.02873461
SP-008,RATE-CZK-SWAP-010M,0.02883910
SP-008,RATE-CZK-SWAP-015M,0.02898056
SP-008,RATE-CZK-SWAP-020M,0.02909823
SP-008,RATE-CZK-SWAP-030M,0.02929322
SP-008,RATE-CZK-SWAP-060M,0.02972605
SP-008,RATE-CZK-SWAP-090M,0.03005385
SP-008,RATE-CZK-SWAP-120M,0.03032832
SP-008,RATE-CZK-SWAP-180M,0.03078602
SP-008,RATE-CZK-SWAP-240M,0.03116996
SP-008,RATE-CZK-SWAP-360M,0.03181127
SP-008,RATE-CZK-INFLATION-001M,0.03039369
SP-008,RATE-CZK-INFLATION-002M,0.03048290
SP-008,RATE-CZK-INFLATION-003M,0.03055051
SP-008,RATE-CZK-INFLATION-005M,0.03065588
SP-008,RATE-CZK-INFLATION-007M,0.03074001
SP-008,RATE-CZK-INFLATION-010M,0.03084450
SP-008,RATE-CZK-INFLATION-015M,0.03098596
SP-008,RATE-CZK-INFLATION-020M,0.03110363
SP-008,RATE-CZK-INFLATION-030M,0.03129862
SP-008,RATE-CZK-INFLATION-060M,0.03173145
SP-008,RATE-CZK-INFLATION-090M,0.03205925
SP-008,RATE-CZK-INFLATION-120M,0.03233372
SP-008,RATE-CZK-INFLATION-180M,0.03279142
SP-008,RATE-CZK-INFLATION-240M,0.03317536
SP-008,RATE-CZK-INFLATION-360M,0.03381667
SP-008,RATE-HUF-OIS-001M,0.02587749
SP-008,RATE-HUF-OIS-002M,0.02596670
SP-008,RATE-HUF-OIS-003M,0.02603431
SP-008,RATE-HUF-OIS-005M,0.02613968
SP-008,RATE-HUF-OIS-007M,0.02622381
SP-008,RATE-HUF-OIS-010M,0.02632830
SP-008,RATE-HUF-OIS-015M,0.02646976
SP-008,RATE-HUF-OIS-020M,0.02658743
SP-008,RATE-HUF-OIS-030M,0.02678242
SP-008,RATE-HUF-OIS-060M,0.02721525
SP-008,RATE-HUF-OIS-090M,0.02754305
SP-008,RATE-HUF-OIS-120M,0.02781752
SP-008,RATE-HUF-OIS-180M,0.02827522
SP-008,RATE-HUF-OIS-240M,0.02865916
SP-008,RATE-HUF-OIS-360M,0.02930047
SP-008,RATE-HUF-GOVT-001M,0.02788289
SP-008,RATE-HUF-GOVT-002M,0.02797210
SP-008,RATE-HUF-GOVT-003M,0.02803971
SP-008,RATE-HUF-GOVT-005M,0.02814508
SP-008,RATE-HUF-GOVT-007M,0.02822921
SP-008,RATE-HUF-GOVT-010M,0.02833370
SP-008,RATE-HUF-GOVT-015M,0.02847516
SP-008,RATE-HUF-GOVT-020M,0.02859283
SP-008,RATE-HUF-GOVT-030M,0.02878782
SP-008,RATE-HUF-GOVT-060M,0.02922065
SP-008,RATE-HUF-GOVT-090M,0.02954845
SP-008,RATE-HUF-GOVT-120M,0.02982292
SP-008,RATE-HUF-GOVT-180M,0.03028062
SP-008,RATE-HUF-GOVT-240M,0.03066456
SP-008,RATE-HUF-GOVT-360M,0.03130587
SP-008,RATE-HUF-SWAP-001M,0.02988829
SP-008,RATE-HUF-SWAP-002M,0.02997750
SP-008,RATE-HUF-SWAP-003M,0.03004511
SP-008,RATE-HUF-SWAP-005M,0.03015048
SP-008,RATE-HUF-SWAP-007M,0.03023461
SP-008,RATE-HUF-SWAP-010M,0.03033910
SP-008,RATE-HUF-SWAP-015M,0.03048056
SP-008,RATE-HUF-SWAP-020M,0.03059823
SP-008,RATE-HUF-SWAP-030M,0.03079322
SP-008,RATE-HUF-SWAP-060M,0.03122605
SP-008,RATE-HUF-SWAP-090M,0.03155385
SP-008,RATE-HUF-SWAP-120M,0.03182832
SP-008,RATE-HUF-SWAP-180M,0.03228602
SP-008,RATE-HUF-SWAP-240M,0.03266996
SP-008,RATE-HUF-SWAP-360M,0.03331127
SP-008,RATE-HUF-INFLATION-001M,0.03189369
SP-008,RATE-HUF-INFLATION-002M,0.03198290
SP-008,RATE-HUF-INFLATION-003M,0.03205051
SP-008,RATE-HUF-INFLATION-005M,0.03215588
SP-008,RATE-HUF-INFLATION-007M,0.03224001
SP-008,RATE-HUF-INFLATION-010M,0.03234450
SP-008,RATE-HUF-INFLATION-015M,0.03248596
SP-008,RATE-HUF-INFLATION-020M,0.03260363
SP-008,RATE-HUF-INFLATION-030M,0.03279862
SP-008,RATE-HUF-INFLATION-060M,0.03323145
SP-008,RATE-HUF-INFLATION-090M,0.03355925
SP-008,RATE-HUF-INFLATION-120M,0.03383372
SP-008,RATE-HUF-INFLATION-180M,0.03429142
SP-008,RATE-HUF-INFLATION-240M,0.03467536
SP-008,RATE-HUF-INFLATION-360M,0.03531667
SP-008,RATE-SGD-OIS-001M,0.02737749
SP-008,RATE-SGD-OIS-002M,0.02746670
SP-008,RATE-SGD-OIS-003M,0.02753431
SP-008,RATE-SGD-OIS-005M,0.02763968
SP-008,RATE-SGD-OIS-007M,0.02772381
SP-008,RATE-SGD-OIS-010M,0.02782830
SP-008,RATE-SGD-OIS-015M,0.02796976
SP-008,RATE-SGD-OIS-020M,0.02808743
SP-008,RATE-SGD-OIS-030M,0.02828242
SP-008,RATE-SGD-OIS-060M,0.02871525
SP-008,RATE-SGD-OIS-090M,0.02904305
SP-008,RATE-SGD-OIS-120M,0.02931752
SP-008,RATE-SGD-OIS-180M,0.02977522
SP-008,RATE-SGD-OIS-240M,0.03015916
SP-008,RATE-SGD-OIS-360M,0.03080047
SP-008,RATE-SGD-GOVT-001M,0.02938289
SP-008,RATE-SGD-GOVT-002M,0.02947210
SP-008,RATE-SGD-GOVT-003M,0.02953971
SP-008,RATE-SGD-GOVT-005M,0.02964508
SP-008,RATE-SGD-GOVT-007M,0.02972921
SP-008,RATE-SGD-GOVT-010M,0.02983370
SP-008,RATE-SGD-GOVT-015M,0.02997516
SP-008,RATE-SGD-GOVT-020M,0.03009283
SP-008,RATE-SGD-GOVT-030M,0.03028782
SP-008,RATE-SGD-GOVT-060M,0.03072065
SP-008,RATE-SGD-GOVT-090M,0.03104845
SP-008,RATE-SGD-GOVT-120M,0.03132292
SP-008,RATE-SGD-GOVT-180M,0.03178062
SP-008,RATE-SGD-GOVT-240M,0.03216456
SP-008,RATE-SGD-GOVT-360M,0.03280587
SP-008,RATE-SGD-SWAP-001M,0.03138829
SP-008,RATE-SGD-SWAP-002M,0.03147750
SP-008,RATE-SGD-SWAP-003M,0.03154511
SP-008,RATE-SGD-SWAP-005M,0.03165048
SP-008,RATE-SGD-SWAP-007M,0.03173461
SP-008,RATE-SGD-SWAP-010M,0.03183910
SP-008,RATE-SGD-SWAP-015M,0.03198056
SP-008,RATE-SGD-SWAP-020M,0.03209823
SP-008,RATE-SGD-SWAP-030M,0.03229322
SP-008,RATE-SGD-SWAP-060M,0.03272605
SP-008,RATE-SGD-SWAP-090M,0.03305385
SP-008,RATE-SGD-SWAP-120M,0.03332832
SP-008,RATE-SGD-SWAP-180M,0.03378602
SP-008,RATE-SGD-SWAP-240M,0.03416996
SP-008,RATE-SGD-SWAP-360M,0.03481127
SP-008,RATE-SGD-INFLATION-001M,0.03339369
SP-008,RATE-SGD-INFLATION-002M,0.03348290
SP-008,RATE-SGD-INFLATION-003M,0.03355051
SP-008,RATE-SGD-INFLATION-005M,0.03365588
SP-008,RATE-SGD-INFLATION-007M,0.03374001
SP-008,RATE-SGD-INFLATION-010M,0.03384450
SP-008,RATE-SGD-INFLATION-015M,0.03398596
SP-008,RATE-SGD-INFLATION-020M,0.03410363
SP-008,RATE-SGD-INFLATION-030M,0.03429862
SP-008,RATE-SGD-INFLATION-060M,0.03473145
SP-008,RATE-SGD-INFLATION-090M,0.03505925
SP-008,RATE-SGD-INFLATION-120M,0.03533372
SP-008,RATE-SGD-INFLATION-180M,0.03579142
SP-008,RATE-SGD-INFLATION-240M,0.03617536
SP-008,RATE-SGD-INFLATION-360M,0.03681667
SP-008,RATE-HKD-OIS-001M,0.02887749
SP-008,RATE-HKD-OIS-002M,0.02896670
SP-008,RATE-HKD-OIS-003M,0.02903431
SP-008,RATE-HKD-OIS-005M,0.02913968
SP-008,RATE-HKD-OIS-007M,0.02922381
SP-008,RATE-HKD-OIS-010M,0.02932830
SP-008,RATE-HKD-OIS-015M,0.02946976
SP-008,RATE-HKD-OIS-020M,0.02958743
SP-008,RATE-HKD-OIS-030M,0.02978242
SP-008,RATE-HKD-OIS-060M,0.03021525
SP-008,RATE-HKD-OIS-090M,0.03054305
SP-008,RATE-HKD-OIS-120M,0.03081752
SP-008,RATE-HKD-OIS-180M,0.03127522
SP-008,RATE-HKD-OIS-240M,0.03165916
SP-008,RATE-HKD-OIS-360M,0.03230047
SP-008,RATE-HKD-GOVT-001M,0.03088289
SP-008,RATE-HKD-GOVT-002M,0.03097210
SP-008,RATE-HKD-GOVT-003M,0.03103971
SP-008,RATE-HKD-GOVT-005M,0.03114508
SP-008,RATE-HKD-GOVT-007M,0.03122921
SP-008,RATE-HKD-GOVT-010M,0.03133370
SP-008,RATE-HKD-GOVT-015M,0.03147516
SP-008,RATE-HKD-GOVT-020M,0.03159283
SP-008,RATE-HKD-GOVT-030M,0.03178782
SP-008,RATE-HKD-GOVT-060M,0.03222065
SP-008,RATE-HKD-GOVT-090M,0.03254845
SP-008,RATE-HKD-GOVT-120M,0.03282292
SP-008,RATE-HKD-GOVT-180M,0.03328062
SP-008,RATE-HKD-GOVT-240M,0.03366456
SP-008,RATE-HKD-GOVT-360M,0.03430587
SP-008,RATE-HKD-SWAP-001M,0.03288829
SP-008,RATE-HKD-SWAP-002M,0.03297750
SP-008,RATE-HKD-SWAP-003M,0.03304511
SP-008,RATE-HKD-SWAP-005M,0.03315048
SP-008,RATE-HKD-SWAP-007M,0.03323461
SP-008,RATE-HKD-SWAP-010M,0.03333910
SP-008,RATE-HKD-SWAP-015M,0.03348056
SP-008,RATE-HKD-SWAP-020M,0.03359823
SP-008,RATE-HKD-SWAP-030M,0.03379322
SP-008,RATE-HKD-SWAP-060M,0.03422605
SP-008,RATE-HKD-SWAP-090M,0.03455385
SP-008,RATE-HKD-SWAP-120M,0.03482832
SP-008,RATE-HKD-SWAP-180M,0.03528602
SP-008,RATE-HKD-SWAP-240M,0.03566996
SP-008,RATE-HKD-SWAP-360M,0.03631127
SP-008,RATE-HKD-INFLATION-001M,0.03489369
SP-008,RATE-HKD-INFLATION-002M,0.03498290
SP-008,RATE-HKD-INFLATION-003M,0.03505051
SP-008,RATE-HKD-INFLATION-005M,0.03515588
SP-008,RATE-HKD-INFLATION-007M,0.03524001
SP-008,RATE-HKD-INFLATION-010M,0.03534450
SP-008,RATE-HKD-INFLATION-015M,0.03548596
SP-008,RATE-HKD-INFLATION-020M,0.03560363
SP-008,RATE-HKD-INFLATION-030M,0.03579862
SP-008,RATE-HKD-INFLATION-060M,0.03623145
SP-008,RATE-HKD-INFLATION-090M,0.03655925
SP-008,RATE-HKD-INFLATION-120M,0.03683372
SP-008,RATE-HKD-INFLATION-180M,0.03729142
SP-008,RATE-HKD-INFLATION-240M,0.03767536
SP-008,RATE-HKD-INFLATION-360M,0.03831667
SP-008,RATE-KRW-OIS-001M,0.03037749
SP-008,RATE-KRW-OIS-002M,0.03046670
SP-008,RATE-KRW-OIS-003M,0.03053431
SP-008,RATE-KRW-OIS-005M,0.03063968
SP-008,RATE-KRW-OIS-007M,0.03072381
SP-008,RATE-KRW-OIS-010M,0.03082830
SP-008,RATE-KRW-OIS-015M,0.03096976
SP-008,RATE-KRW-OIS-020M,0.03108743
SP-008,RATE-KRW-OIS-030M,0.03128242
SP-008,RATE-KRW-OIS-060M,0.03171525
SP-008,RATE-KRW-OIS-090M,0.03204305
SP-008,RATE-KRW-OIS-120M,0.03231752
SP-008,RATE-KRW-OIS-180M,0.03277522
SP-008,RATE-KRW-OIS-240M,0.03315916
SP-008,RATE-KRW-OIS-360M,0.03380047
SP-008,RATE-KRW-GOVT-001M,0.03238289
SP-008,RATE-KRW-GOVT-002M,0.03247210
SP-008,RATE-KRW-GOVT-003M,0.03253971
SP-008,RATE-KRW-GOVT-005M,0.03264508
SP-008,RATE-KRW-GOVT-007M,0.03272921
SP-008,RATE-KRW-GOVT-010M,0.03283370
SP-008,RATE-KRW-GOVT-015M,0.03297516
SP-008,RATE-KRW-GOVT-020M,0.03309283
SP-008,RATE-KRW-GOVT-030M,0.03328782
SP-008,RATE-KRW-GOVT-060M,0.03372065
SP-008,RATE-KRW-GOVT-090M,0.03404845
SP-008,RATE-KRW-GOVT-120M,0.03432292
SP-008,RATE-KRW-GOVT-180M,0.03478062
SP-008,RATE-KRW-GOVT-240M,0.03516456
SP-008,RATE-KRW-GOVT-360M,0.03580587
SP-008,RATE-KRW-SWAP-001M,0.03438829
SP-008,RATE-KRW-SWAP-002M,0.03447750
SP-008,RATE-KRW-SWAP-003M,0.03454511
SP-008,RATE-KRW-SWAP-005M,0.03465048
SP-008,RATE-KRW-SWAP-007M,0.03473461
SP-008,RATE-KRW-SWAP-010M,0.03483910
SP-008,RATE-KRW-SWAP-015M,0.03498056
SP-008,RATE-KRW-SWAP-020M,0.03509823
SP-008,RATE-KRW-SWAP-030M,0.03529322
SP-008,RATE-KRW-SWAP-060M,0.03572605
SP-008,RATE-KRW-SWAP-090M,0.03605385
SP-008,RATE-KRW-SWAP-120M,0.03632832
SP-008,RATE-KRW-SWAP-180M,0.03678602
SP-008,RATE-KRW-SWAP-240M,0.03716996
SP-008,RATE-KRW-SWAP-360M,0.03781127
SP-008,RATE-KRW-INFLATION-001M,0.03639369
SP-008,RATE-KRW-INFLATION-002M,0.03648290
SP-008,RATE-KRW-INFLATION-003M,0.03655051
SP-008,RATE-KRW-INFLATION-005M,0.03665588
SP-008,RATE-KRW-INFLATION-007M,0.03674001
SP-008,RATE-KRW-INFLATION-010M,0.03684450
SP-008,RATE-KRW-INFLATION-015M,0.03698596
SP-008,RATE-KRW-INFLATION-020M,0.03710363
SP-008,RATE-KRW-INFLATION-030M,0.03729862
SP-008,RATE-KRW-INFLATION-060M,0.03773145
SP-008,RATE-KRW-INFLATION-090M,0.03805925
SP-008,RATE-KRW-INFLATION-120M,0.03833372
SP-008,RATE-KRW-INFLATION-180M,0.03879142
SP-008,RATE-KRW-INFLATION-240M,0.03917536
SP-008,RATE-KRW-INFLATION-360M,0.03981667
SP-008,RATE-CNY-OIS-001M,0.03187749
SP-008,RATE-CNY-OIS-002M,0.03196670
SP-008,RATE-CNY-OIS-003M,0.03203431
SP-008,RATE-CNY-OIS-005M,0.03213968
SP-008,RATE-CNY-OIS-007M,0.03222381
SP-008,RATE-CNY-OIS-010M,0.03232830
SP-008,RATE-CNY-OIS-015M,0.03246976
SP-008,RATE-CNY-OIS-020M,0.03258743
SP-008,RATE-CNY-OIS-030M,0.03278242
SP-008,RATE-CNY-OIS-060M,0.03321525
SP-008,RATE-CNY-OIS-090M,0.03354305
SP-008,RATE-CNY-OIS-120M,0.03381752
SP-008,RATE-CNY-OIS-180M,0.03427522
SP-008,RATE-CNY-OIS-240M,0.03465916
SP-008,RATE-CNY-OIS-360M,0.03530047
SP-008,RATE-CNY-GOVT-001M,0.03388289
SP-008,RATE-CNY-GOVT-002M,0.03397210
SP-008,RATE-CNY-GOVT-003M,0.03403971
SP-008,RATE-CNY-GOVT-005M,0.03414508
SP-008,RATE-CNY-GOVT-007M,0.03422921
SP-008,RATE-CNY-GOVT-010M,0.03433370
SP-008,RATE-CNY-GOVT-015M,0.03447516
SP-008,RATE-CNY-GOVT-020M,0.03459283
SP-008,RATE-CNY-GOVT-030M,0.03478782
SP-008,RATE-CNY-GOVT-060M,0.03522065
SP-008,RATE-CNY-GOVT-090M,0.03554845
SP-008,RATE-CNY-GOVT-120M,0.03582292
SP-008,RATE-CNY-GOVT-180M,0.03628062
SP-008,RATE-CNY-GOVT-240M,0.03666456
SP-008,RATE-CNY-GOVT-360M,0.03730587
SP-008,RATE-CNY-SWAP-001M,0.03588829
SP-008,RATE-CNY-SWAP-002M,0.03597750
SP-008,RATE-CNY-SWAP-003M,0.03604511
SP-008,RATE-CNY-SWAP-005M,0.03615048
SP-008,RATE-CNY-SWAP-007M,0.03623461
SP-008,RATE-CNY-SWAP-010M,0.03633910
SP-008,RATE-CNY-SWAP-015M,0.03648056
SP-008,RATE-CNY-SWAP-020M,0.03659823
SP-008,RATE-CNY-SWAP-030M,0.03679322
SP-008,RATE-CNY-SWAP-060M,0.03722605
SP-008,RATE-CNY-SWAP-090M,0.03755385
SP-008,RATE-CNY-SWAP-120M,0.03782832
SP-008,RATE-CNY-SWAP-180M,0.03828602
SP-008,RATE-CNY-SWAP-240M,0.03866996
SP-008,RATE-CNY-SWAP-360M,0.03931127
SP-008,RATE-CNY-INFLATION-001M,0.03789369
SP-008,RATE-CNY-INFLATION-002M,0.03798290
SP-008,RATE-CNY-INFLATION-003M,0.03805051
SP-008,RATE-CNY-INFLATION-005M,0.03815588
SP-008,RATE-CNY-INFLATION-007M,0.03824001
SP-008,RATE-CNY-INFLATION-010M,0.03834450
SP-008,RATE-CNY-INFLATION-015M,0.03848596
SP-008,RATE-CNY-INFLATION-020M,0.03860363
SP-008,RATE-CNY-INFLATION-030M,0.03879862
SP-008,RATE-CNY-INFLATION-060M,0.03923145
SP-008,RATE-CNY-INFLATION-090M,0.03955925
SP-008,RATE-CNY-INFLATION-120M,0.03983372
SP-008,RATE-CNY-INFLATION-180M,0.04029142
SP-008,RATE-CNY-INFLATION-240M,0.04067536
SP-008,RATE-CNY-INFLATION-360M,0.04131667
SP-008,CREDIT-G001-006M,0.00193463
SP-008,CREDIT-G001-012M,0.00386553
SP-008,CREDIT-G001-024M,0.00771617
SP-008,CREDIT-G001-036M,0.01155196
SP-008,CREDIT-G001-060M,0.01917926
SP-008,CREDIT-G001-084M,0.02423010
SP-008,CREDIT-G001-120M,0.03836944
SP-008,CREDIT-G001-144M,0.04604510
SP-008,CREDIT-G001-180M,0.05745163
SP-008,CREDIT-G001-240M,0.07555149
SP-008,CREDIT-G001-300M,0.09330518
SP-008,CREDIT-G001-360M,0.11071932
SP-008,CREDIT-G002-006M,0.00201447
SP-008,CREDIT-G002-012M,0.00402490
SP-008,CREDIT-G002-024M,0.00803365
SP-008,CREDIT-G002-036M,0.01202630
SP-008,CREDIT-G002-060M,0.01996360
SP-008,CREDIT-G002-084M,0.02533176
SP-008,CREDIT-G002-120M,0.03990558
SP-008,CREDIT-G002-144M,0.04787309
SP-008,CREDIT-G002-180M,0.05970856
SP-008,CREDIT-G002-240M,0.07850333
SP-008,CREDIT-G002-300M,0.09692385
SP-008,CREDIT-G002-360M,0.11497757
SP-008,CREDIT-G003-006M,0.00209431
SP-008,CREDIT-G003-012M,0.00418424
SP-008,CREDIT-G003-024M,0.00835103
SP-008,CREDIT-G003-036M,0.01250042
SP-008,CREDIT-G003-060M,0.02074732
SP-008,CREDIT-G003-084M,0.02643219
SP-008,CREDIT-G003-120M,0.04143927
SP-008,CREDIT-G003-144M,0.04969756
SP-008,CREDIT-G003-180M,0.06196007
SP-008,CREDIT-G003-240M,0.08144572
SP-008,CREDIT-G003-300M,0.10052805
SP-008,CREDIT-G003-360M,0.11921541
SP-008,CREDIT-G004-006M,0.00217414
SP-008,CREDIT-G004-012M,0.00434356
SP-008,CREDIT-G004-024M,0.00866830
SP-008,CREDIT-G004-036M,0.01297430
SP-008,CREDIT-G004-060M,0.02153041
SP-008,CREDIT-G004-084M,0.02753141
SP-008,CREDIT-G004-120M,0.04297051
SP-008,CREDIT-G004-144M,0.05151853
SP-008,CREDIT-G004-180M,0.06420617
SP-008,CREDIT-G004-240M,0.08437869
SP-008,CREDIT-G004-300M,0.10411785
SP-008,CREDIT-G004-360M,0.12343293
SP-008,CREDIT-G005-006M,0.00225396
SP-008,CREDIT-G005-012M,0.00450285
SP-008,CREDIT-G005-024M,0.00898548
SP-008,CREDIT-G005-036M,0.01344796
SP-008,CREDIT-G005-060M,0.02231287
SP-008,CREDIT-G005-084M,0.02862941
SP-008,CREDIT-G005-120M,0.04449929
SP-008,CREDIT-G005-144M,0.05333600
SP-008,CREDIT-G005-180M,0.06644687
SP-008,CREDIT-G005-240M,0.08730228
SP-008,CREDIT-G005-300M,0.10769329
SP-008,CREDIT-G005-360M,0.12763023
SP-008,CREDIT-G006-006M,0.00233378
SP-008,CREDIT-G006-012M,0.00466212
SP-008,CREDIT-G006-024M,0.00930255
SP-008,CREDIT-G006-036M,0.01392139
SP-008,CREDIT-G006-060M,0.02309471
SP-008,CREDIT-G006-084M,0.02972619
SP-008,CREDIT-G006-120M,0.04602563
SP-008,CREDIT-G006-144M,0.05514998
SP-008,CREDIT-G006-180M,0.06868219
SP-008,CREDIT-G006-240M,0.09021651
SP-008,CREDIT-G006-300M,0.11125444
SP-008,CREDIT-G006-360M,0.13180741
SP-008,CREDIT-G007-006M,0.00241359
SP-008,CREDIT-G007-012M,0.00482136
SP-008,CREDIT-G007-024M,0.00961952
SP-008,CREDIT-G007-036M,0.01439460
SP-008,CREDIT-G007-060M,0.02387592
SP-008,CREDIT-G007-084M,0.03082176
SP-008,CREDIT-G007-120M,0.04754953
SP-008,CREDIT-G007-144M,0.05696048
SP-008,CREDIT-G007-180M,0.07091214
SP-008,CREDIT-G007-240M,0.09312141
SP-008,CREDIT-G007-300M,0.11480136
SP-008,CREDIT-G007-360M,0.13596457
SP-008,CREDIT-G008-006M,0.00249339
SP-008,CREDIT-G008-012M,0.00498058
SP-008,CREDIT-G008-024M,0.00993640
SP-008,CREDIT-G008-036M,0.01486757
SP-008,CREDIT-G008-060M,0.02465651
SP-008,CREDIT-G008-084M,0.03191612
SP-008,CREDIT-G008-120M,0.04907098
SP-008,CREDIT-G008-144M,0.05876749
SP-008,CREDIT-G008-180M,0.07313673
SP-008,CREDIT-G008-240M,0.09601702
SP-008,CREDIT-G008-300M,0.11833409
SP-008,CREDIT-G008-360M,0.14010180
SP-008,CREDIT-G009-006M,0.00257319
SP-008,CREDIT-G009-012M,0.00513977
SP-008,CREDIT-G009-024M,0.01025316
SP-008,CREDIT-G009-036M,0.01534032
SP-008,CREDIT-G009-060M,0.02543647
SP-008,CREDIT-G009-084M,0.03300927
SP-008,CREDIT-G009-120M,0.05059000
SP-008,CREDIT-G009-144M,0.06057104
SP-008,CREDIT-G009-180M,0.07535598
SP-008,CREDIT-G009-240M,0.09890336
SP-008,CREDIT-G009-300M,0.12185271
SP-008,CREDIT-G009-360M,0.14421919
SP-008,CREDIT-G010-006M,0.00265298
SP-008,CREDIT-G010-012M,0.00529893
SP-008,CREDIT-G010-024M,0.01056983
SP-008,CREDIT-G010-036M,0.01581285
SP-008,CREDIT-G010-060M,0.02621581
SP-008,CREDIT-G010-084M,0.03410120
SP-008,CREDIT-G010-120M,0.05210659
SP-008,CREDIT-G010-144M,0.06237111
SP-008,CREDIT-G010-180M,0.07756989
SP-008,CREDIT-G010-240M,0.10178047
SP-008,CREDIT-G010-300M,0.12535726
SP-008,CREDIT-G010-360M,0.14831684
SP-008,CREDIT-G011-006M,0.00273276
SP-008,CREDIT-G011-012M,0.00545807
SP-008,CREDIT-G011-024M,0.01088640
SP-008,CREDIT-G011-036M,0.01628514
SP-008,CREDIT-G011-060M,0.02699452
SP-008,CREDIT-G011-084M,0.03519193
SP-008,CREDIT-G011-120M,0.05362075
SP-008,CREDIT-G011-144M,0.06416773
SP-008,CREDIT-G011-180M,0.07977849
SP-008,CREDIT-G011-240M,0.10464836
SP-008,CREDIT-G011-300M,0.12884780
SP-008,CREDIT-G011-360M,0.15239484
SP-008,CREDIT-G012-006M,0.00281254
SP-008,CREDIT-G012-012M,0.00561719
SP-008,CREDIT-G012-024M,0.01120287
SP-008,CREDIT-G012-036M,0.01675721
SP-008,CREDIT-G012-060M,0.02777262
SP-008,CREDIT-G012-084M,0.03628145
SP-008,CREDIT-G012-120M,0.05513249
SP-008,CREDIT-G012-144M,0.06596090
SP-008,CREDIT-G012-180M,0.08198178
SP-008,CREDIT-G012-240M,0.10750708
SP-008,CREDIT-G012-300M,0.13232438
SP-008,CREDIT-G012-360M,0.15645330
SP-008,CREDIT-G013-006M,0.00289231
SP-008,CREDIT-G013-012M,0.00577628
SP-008,CREDIT-G013-024M,0.01151923
SP-008,CREDIT-G013-036M,0.01722906
SP-008,CREDIT-G013-060M,0.02855009
SP-008,CREDIT-G013-084M,0.03736977
SP-008,CREDIT-G013-120M,0.05664181
SP-008,CREDIT-G013-144M,0.06775062
SP-008,CREDIT-G013-180M,0.08417978
SP-008,CREDIT-G013-240M,0.11035665
SP-008,CREDIT-G013-300M,0.13578707
SP-008,CREDIT-G013-360M,0.16049230
SP-008,CREDIT-G014-006M,0.00297208
SP-008,CREDIT-G014-012M,0.00593534
SP-008,CREDIT-G014-024M,0.01183549
SP-008,CREDIT-G014-036M,0.01770067
SP-008,CREDIT-G014-060M,0.02932694
SP-008,CREDIT-G014-084M,0.03845688
SP-008,CREDIT-G014-120M,0.05814871
SP-008,CREDIT-G014-144M,0.06953691
SP-008,CREDIT-G014-180M,0.08637250
SP-008,CREDIT-G014-240M,0.11319710
SP-008,CREDIT-G014-300M,0.13923591
SP-008,CREDIT-G014-360M,0.16451193
SP-008,CREDIT-G015-006M,0.00305184
SP-008,CREDIT-G015-012M,0.00609438
SP-008,CREDIT-G015-024M,0.01215166
SP-008,CREDIT-G015-036M,0.01817206
SP-008,CREDIT-G015-060M,0.03010316
SP-008,CREDIT-G015-084M,0.03954278
SP-008,CREDIT-G015-120M,0.05965320
SP-008,CREDIT-G015-144M,0.07131976
SP-008,CREDIT-G015-180M,0.08855995
SP-008,CREDIT-G015-240M,0.11602846
SP-008,CREDIT-G015-300M,0.14267097
SP-008,CREDIT-G015-360M,0.16851229
SP-008,CREDIT-G016-006M,0.00313159
SP-008,CREDIT-G016-012M,0.00625339
SP-008,CREDIT-G016-024M,0.01246772
SP-008,CREDIT-G016-036M,0.01864323
SP-008,CREDIT-G016-060M,0.03087877
SP-008,CREDIT-G016-084M,0.04062749
SP-008,CREDIT-G016-120M,0.06115528
SP-008,CREDIT-G016-144M,0.07309918
SP-008,CREDIT-G016-180M,0.09074214
SP-008,CREDIT-G016-240M,0.11885076
SP-008,CREDIT-G016-300M,0.14609230
SP-008,CREDIT-G016-360M,0.17249348
SP-008,CREDIT-G017-006M,0.00321134
SP-008,CREDIT-G017-012M,0.00641238
SP-008,CREDIT-G017-024M,0.01278368
SP-008,CREDIT-G017-036M,0.01911417
SP-008,CREDIT-G017-060M,0.03165376
SP-008,CREDIT-G017-084M,0.04171100
SP-008,CREDIT-G017-120M,0.06265495
SP-008,CREDIT-G017-144M,0.07487519
SP-008,CREDIT-G017-180M,0.09291910
SP-008,CREDIT-G017-240M,0.12166402
SP-008,CREDIT-G017-300M,0.14949994
SP-008,CREDIT-G017-360M,0.17645557
SP-008,CREDIT-G018-006M,0.00329108
SP-008,CREDIT-G018-012M,0.00657134
SP-008,CREDIT-G018-024M,0.01309954
SP-008,CREDIT-G018-036M,0.01958488
SP-008,CREDIT-G018-060M,0.03242813
SP-008,CREDIT-G018-084M,0.04279330
SP-008,CREDIT-G018-120M,0.06415223
SP-008,CREDIT-G018-144M,0.07664778
SP-008,CREDIT-G018-180M,0.09509082
SP-008,CREDIT-G018-240M,0.12446828
SP-008,CREDIT-G018-300M,0.15289397
SP-008,CREDIT-G018-360M,0.18039867
SP-008,CREDIT-G019-006M,0.00337081
SP-008,CREDIT-G019-012M,0.00673027
SP-008,CREDIT-G019-024M,0.01341529
SP-008,CREDIT-G019-036M,0.02005537
SP-008,CREDIT-G019-060M,0.03320187
SP-008,CREDIT-G019-084M,0.04387441
SP-008,CREDIT-G019-120M,0.06564711
SP-008,CREDIT-G019-144M,0.07841697
SP-008,CREDIT-G019-180M,0.09725732
SP-008,CREDIT-G019-240M,0.12726357
SP-008,CREDIT-G019-300M,0.15627442
SP-008,CREDIT-G019-360M,0.18432287
SP-008,CREDIT-G020-006M,0.00345054
SP-008,CREDIT-G020-012M,0.00688918
SP-008,CREDIT-G020-024M,0.01373095
SP-008,CREDIT-G020-036M,0.02052563
SP-008,CREDIT-G020-060M,0.03397500
SP-008,CREDIT-G020-084M,0.04495432
SP-008,CREDIT-G020-120M,0.06713960
SP-008,CREDIT-G020-144M,0.08018276
SP-008,CREDIT-G020-180M,0.09941862
SP-008,CREDIT-G020-240M,0.13004991
SP-008,CREDIT-G020-300M,0.15964137
SP-008,CREDIT-G020-360M,0.18822825
SP-008,CREDIT-G021-006M,0.00353026
SP-008,CREDIT-G021-012M,0.00704807
SP-008,CREDIT-G021-024M,0.01404650
SP-008,CREDIT-G021-036M,0.02099566
SP-008,CREDIT-G021-060M,0.03474751
SP-008,CREDIT-G021-084M,0.04603304
SP-008,CREDIT-G021-120M,0.06862970
SP-008,CREDIT-G021-144M,0.08194515
SP-008,CREDIT-G021-180M,0.10157473
SP-008,CREDIT-G021-240M,0.13282733
SP-008,CREDIT-G021-300M,0.16299485
SP-008,CREDIT-G021-360M,0.19211491
SP-008,CREDIT-G022-006M,0.00360997
SP-008,CREDIT-G022-012M,0.00720693
SP-008,CREDIT-G022-024M,0.01436196
SP-008,CREDIT-G022-036M,0.02146547
SP-008,CREDIT-G022-060M,0.03551941
SP-008,CREDIT-G022-084M,0.04711056
SP-008,CREDIT-G022-120M,0.07011741
SP-008,CREDIT-G022-144M,0.08370416
SP-008,CREDIT-G022-180M,0.10372565
SP-008,CREDIT-G022-240M,0.13559587
SP-008,CREDIT-G022-300M,0.16633492
SP-008,CREDIT-G022-360M,0.19598293
SP-008,CREDIT-G023-006M,0.00368968
SP-008,CREDIT-G023-012M,0.00736576
SP-008,CREDIT-G023-024M,0.01467731
SP-008,CREDIT-G023-036M,0.02193505
SP-008,CREDIT-G023-060M,0.03629068
SP-008,CREDIT-G023-084M,0.04818689
SP-008,CREDIT-G023-120M,0.07160274
SP-008,CREDIT-G023-144M,0.08545979
SP-008,CREDIT-G023-180M,0.10587141
SP-008,CREDIT-G023-240M,0.13835554
SP-008,CREDIT-G023-300M,0.16966164
SP-008,CREDIT-G023-360M,0.19983241
SP-008,CREDIT-G024-006M,0.00376938
SP-008,CREDIT-G024-012M,0.00752457
SP-008,CREDIT-G024-024M,0.01499257
SP-008,CREDIT-G024-036M,0.02240441
SP-008,CREDIT-G024-060M,0.03706134
SP-008,CREDIT-G024-084M,0.04926203
SP-008,CREDIT-G024-120M,0.07308569
SP-008,CREDIT-G024-144M,0.08721205
SP-008,CREDIT-G024-180M,0.10801201
SP-008,CREDIT-G024-240M,0.14110638
SP-008,CREDIT-G024-300M,0.17297506
SP-008,CREDIT-G024-360M,0.20366343
SP-008,CREDIT-G025-006M,0.00384908
SP-008,CREDIT-G025-012M,0.00768335
SP-008,CREDIT-G025-024M,0.01530772
SP-008,CREDIT-G025-036M,0.02287355
SP-008,CREDIT-G025-060M,0.03783138
SP-008,CREDIT-G025-084M,0.05033598
SP-008,CREDIT-G025-120M,0.07456627
SP-008,CREDIT-G025-144M,0.08896093
SP-008,CREDIT-G025-180M,0.11014747
SP-008,CREDIT-G025-240M,0.14384842
SP-008,CREDIT-G025-300M,0.17627524
SP-008,CREDIT-G025-360M,0.20747608
SP-008,CREDIT-G026-006M,0.00392877
SP-008,CREDIT-G026-012M,0.00784211
SP-008,CREDIT-G026-024M,0.01562277
SP-008,CREDIT-G026-036M,0.02334245
SP-008,CREDIT-G026-060M,0.03860081
SP-008,CREDIT-G026-084M,0.05140874
SP-008,CREDIT-G026-120M,0.07604448
SP-008,CREDIT-G026-144M,0.09070646
SP-008,CREDIT-G026-180M,0.11227780
SP-008,CREDIT-G026-240M,0.14658168
SP-008,CREDIT-G026-300M,0.17956222
SP-008,CREDIT-G026-360M,0.21127045
SP-008,CREDIT-G027-006M,0.00400845
SP-008,CREDIT-G027-012M,0.00800084
SP-008,CREDIT-G027-024M,0.01593772
SP-008,CREDIT-G027-036M,0.02381114
SP-008,CREDIT-G027-060M,0.03936962
SP-008,CREDIT-G027-084M,0.05248031
SP-008,CREDIT-G027-120M,0.07752033
SP-008,CREDIT-G027-144M,0.09244864
SP-008,CREDIT-G027-180M,0.11440301
SP-008,CREDIT-G027-240M,0.14930619
SP-008,CREDIT-G027-300M,0.18283606
SP-008,CREDIT-G027-360M,0.21504663
SP-008,CREDIT-G028-006M,0.00408813
SP-008,CREDIT-G028-012M,0.00815955
SP-008,CREDIT-G028-024M,0.01625257
SP-008,CREDIT-G028-036M,0.02427960
SP-008,CREDIT-G028-060M,0.04013782
SP-008,CREDIT-G028-084M,0.05355070
SP-008,CREDIT-G028-120M,0.07899381
SP-008,CREDIT-G028-144M,0.09418746
SP-008,CREDIT-G028-180M,0.11652312
SP-008,CREDIT-G028-240M,0.15202198
SP-008,CREDIT-G028-300M,0.18609681
SP-008,CREDIT-G028-360M,0.21880470
SP-008,CREDIT-G029-006M,0.00416780
SP-008,CREDIT-G029-012M,0.00831823
SP-008,CREDIT-G029-024M,0.01656732
SP-008,CREDIT-G029-036M,0.02474783
SP-008,CREDIT-G029-060M,0.04090540
SP-008,CREDIT-G029-084M,0.05461990
SP-008,CREDIT-G029-120M,0.08046493
SP-008,CREDIT-G029-144M,0.09592295
SP-008,CREDIT-G029-180M,0.11863813
SP-008,CREDIT-G029-240M,0.15472908
SP-008,CREDIT-G029-300M,0.18934453
SP-008,CREDIT-G029-360M,0.22254475
SP-008,CREDIT-G030-006M,0.00424746
SP-008,CREDIT-G030-012M,0.00847689
SP-008,CREDIT-G030-024M,0.01688197
SP-008,CREDIT-G030-036M,0.02521584
SP-008,CREDIT-G030-060M,0.04167237
SP-008,CREDIT-G030-084M,0.05568792
SP-008,CREDIT-G030-120M,0.08193370
SP-008,CREDIT-G030-144M,0.09765510
SP-008,CREDIT-G030-180M,0.12074806
SP-008,CREDIT-G030-240M,0.15742752
SP-008,CREDIT-G030-300M,0.19257926
SP-008,CREDIT-G030-360M,0.22626688
SP-008,CREDIT-G031-006M,0.00432712
SP-008,CREDIT-G031-012M,0.00863552
SP-008,CREDIT-G031-024M,0.01719651
SP-008,CREDIT-G031-036M,0.02568362
SP-008,CREDIT-G031-060M,0.04243873
SP-008,CREDIT-G031-084M,0.05675476
SP-008,CREDIT-G031-120M,0.08340012
SP-008,CREDIT-G031-144M,0.09938392
SP-008,CREDIT-G031-180M,0.12285292
SP-008,CREDIT-G031-240M,0.16011731
SP-008,CREDIT-G031-300M,0.19580105
SP-008,CREDIT-G031-360M,0.22997115
SP-008,CREDIT-G032-006M,0.00440677
SP-008,CREDIT-G032-012M,0.00879413
SP-008,CREDIT-G032-024M,0.01751096
SP-008,CREDIT-G032-036M,0.02615118
SP-008,CREDIT-G032-060M,0.04320447
SP-008,CREDIT-G032-084M,0.05782042
SP-008,CREDIT-G032-120M,0.08486419
SP-008,CREDIT-G032-144M,0.10110942
SP-008,CREDIT-G032-180M,0.12495272
SP-008,CREDIT-G032-240M,0.16279850
SP-008,CREDIT-G032-300M,0.19900997
SP-008,CREDIT-G032-360M,0.23365766
SP-008,CREDIT-G033-006M,0.00448641
SP-008,CREDIT-G033-012M,0.00895271
SP-008,CREDIT-G033-024M,0.01782531
SP-008,CREDIT-G033-036M,0.02661852
SP-008,CREDIT-G033-060M,0.04396960
SP-008,CREDIT-G033-084M,0.05888490
SP-008,CREDIT-G033-120M,0.08632591
SP-008,CREDIT-G033-144M,0.10283160
SP-008,CREDIT-G033-180M,0.12704748
SP-008,CREDIT-G033-240M,0.16547111
SP-008,CREDIT-G033-300M,0.20220606
SP-008,CREDIT-G033-360M,0.23732650
SP-008,CREDIT-G034-006M,0.00456605
SP-008,CREDIT-G034-012M,0.00911126
SP-008,CREDIT-G034-024M,0.01813955
SP-008,CREDIT-G034-036M,0.02708563
SP-008,CREDIT-G034-060M,0.04473412
SP-008,CREDIT-G034-084M,0.05994820
SP-008,CREDIT-G034-120M,0.08778530
SP-008,CREDIT-G034-144M,0.10455048
SP-008,CREDIT-G034-180M,0.12913720
SP-008,CREDIT-G034-240M,0.16813516
SP-008,CREDIT-G034-300M,0.20538937
SP-008,CREDIT-G034-360M,0.24097775
SP-008,CREDIT-G035-006M,0.00464568
SP-008,CREDIT-G035-012M,0.00926979
SP-008,CREDIT-G035-024M,0.01845370
SP-008,CREDIT-G035-036M,0.02755251
SP-008,CREDIT-G035-060M,0.04549803
SP-008,CREDIT-G035-084M,0.06101032
SP-008,CREDIT-G035-120M,0.08924235
SP-008,CREDIT-G035-144M,0.10626605
SP-008,CREDIT-G035-180M,0.13122191
SP-008,CREDIT-G035-240M,0.17079069
SP-008,CREDIT-G035-300M,0.20855995
SP-008,CREDIT-G035-360M,0.24461148
SP-008,CREDIT-G036-006M,0.00472531
SP-008,CREDIT-G036-012M,0.00942829
SP-008,CREDIT-G036-024M,0.01876774
SP-008,CREDIT-G036-036M,0.02801918
SP-008,CREDIT-G036-060M,0.04626132
SP-008,CREDIT-G036-084M,0.06207127
SP-008,CREDIT-G036-120M,0.09069707
SP-008,CREDIT-G036-144M,0.10797833
SP-008,CREDIT-G036-180M,0.13330160
SP-008,CREDIT-G036-240M,0.17343772
SP-008,CREDIT-G036-300M,0.21171785
SP-008,CREDIT-G036-360M,0.24822780
SP-008,CREDIT-G037-006M,0.00480492
SP-008,CREDIT-G037-012M,0.00958677
SP-008,CREDIT-G037-024M,0.01908169
SP-008,CREDIT-G037-036M,0.02848562
SP-008,CREDIT-G037-060M,0.04702401
SP-008,CREDIT-G037-084M,0.06313104
SP-008,CREDIT-G037-120M,0.09214946
SP-008,CREDIT-G037-144M,0.10968731
SP-008,CREDIT-G037-180M,0.13537630
SP-008,CREDIT-G037-240M,0.17607627
SP-008,CREDIT-G037-300M,0.21486313
SP-008,CREDIT-G037-360M,0.25182677
SP-008,CREDIT-G038-006M,0.00488454
SP-008,CREDIT-G038-012M,0.00974523
SP-008,CREDIT-G038-024M,0.01939553
SP-008,CREDIT-G038-036M,0.02895183
SP-008,CREDIT-G038-060M,0.04778608
SP-008,CREDIT-G038-084M,0.06418965
SP-008,CREDIT-G038-120M,0.09359952
SP-008,CREDIT-G038-144M,0.11139301
SP-008,CREDIT-G038-180M,0.13744601
SP-008,CREDIT-G038-240M,0.17870638
SP-008,CREDIT-G038-300M,0.21799584
SP-008,CREDIT-G038-360M,0.25540849
SP-008,CREDIT-G039-006M,0.00496414
SP-008,CREDIT-G039-012M,0.00990366
SP-008,CREDIT-G039-024M,0.01970927
SP-008,CREDIT-G039-036M,0.02941782
SP-008,CREDIT-G039-060M,0.04854755
SP-008,CREDIT-G039-084M,0.06524708
SP-008,CREDIT-G039-120M,0.09504726
SP-008,CREDIT-G039-144M,0.11309544
SP-008,CREDIT-G039-180M,0.13951075
SP-008,CREDIT-G039-240M,0.18132807
SP-008,CREDIT-G039-300M,0.22111602
SP-008,CREDIT-G039-360M,0.25897303
SP-008,CREDIT-G040-006M,0.00504374
SP-008,CREDIT-G040-012M,0.01006206
SP-008,CREDIT-G040-024M,0.02002292
SP-008,CREDIT-G040-036M,0.02988359
SP-008,CREDIT-G040-060M,0.04930841
SP-008,CREDIT-G040-084M,0.06630334
SP-008,CREDIT-G040-120M,0.09649269
SP-008,CREDIT-G040-144M,0.11479459
SP-008,CREDIT-G040-180M,0.14157053
SP-008,CREDIT-G040-240M,0.18394137
SP-008,CREDIT-G040-300M,0.22422372
SP-008,CREDIT-G040-360M,0.26252048
SP-008,CREDIT-G041-006M,0.00512334
SP-008,CREDIT-G041-012M,0.01022044
SP-008,CREDIT-G041-024M,0.02033646
SP-008,CREDIT-G041-036M,0.03034913
SP-008,CREDIT-G041-060M,0.05006866
SP-008,CREDIT-G041-084M,0.06735843
SP-008,CREDIT-G041-120M,0.09793580
SP-008,CREDIT-G041-144M,0.11649048
SP-008,CREDIT-G041-180M,0.14362536
SP-008,CREDIT-G041-240M,0.18654630
SP-008,CREDIT-G041-300M,0.22731900
SP-008,CREDIT-G041-360M,0.26605092
SP-008,CREDIT-G042-006M,0.00520292
SP-008,CREDIT-G042-012M,0.01037879
SP-008,CREDIT-G042-024M,0.02064990
SP-008,CREDIT-G042-036M,0.03081445
SP-008,CREDIT-G042-060M,0.05082830
SP-008,CREDIT-G042-084M,0.06841235
SP-008,CREDIT-G042-120M,0.09937660
SP-008,CREDIT-G042-144M,0.11818310
SP-008,CREDIT-G042-180M,0.14567525
SP-008,CREDIT-G042-240M,0.18914290
SP-008,CREDIT-G042-300M,0.23040190
SP-008,CREDIT-G042-360M,0.26956443
SP-008,CREDIT-G043-006M,0.00528250
SP-008,CREDIT-G043-012M,0.01053711
SP-008,CREDIT-G043-024M,0.02096324
SP-008,CREDIT-G043-036M,0.03127955
SP-008,CREDIT-G043-060M,0.05158733
SP-008,CREDIT-G043-084M,0.06946511
SP-008,CREDIT-G043-120M,0.10081510
SP-008,CREDIT-G043-144M,0.11987248
SP-008,CREDIT-G043-180M,0.14772021
SP-008,CREDIT-G043-240M,0.19173118
SP-008,CREDIT-G043-300M,0.23347247
SP-008,CREDIT-G043-360M,0.27306110
SP-008,CREDIT-G044-006M,0.00536208
SP-008,CREDIT-G044-012M,0.01069542
SP-008,CREDIT-G044-024M,0.02127648
SP-008,CREDIT-G044-036M,0.03174443
SP-008,CREDIT-G044-060M,0.05234576
SP-008,CREDIT-G044-084M,0.07051671
SP-008,CREDIT-G044-120M,0.10225129
SP-008,CREDIT-G044-144M,0.12155861
SP-008,CREDIT-G044-180M,0.14976026
SP-008,CREDIT-G044-240M,0.19431118
SP-008,CREDIT-G044-300M,0.23653077
SP-008,CREDIT-G044-360M,0.27654099
SP-008,CREDIT-G045-006M,0.00544165
SP-008,CREDIT-G045-012M,0.01085369
SP-008,CREDIT-G045-024M,0.02158963
SP-008,CREDIT-G045-036M,0.03220908
SP-008,CREDIT-G045-060M,0.05310358
SP-008,CREDIT-G045-084M,0.07156714
SP-008,CREDIT-G045-120M,0.10368519
SP-008,CREDIT-G045-144M,0.12324150
SP-008,CREDIT-G045-180M,0.15179541
SP-008,CREDIT-G045-240M,0.19688292
SP-008,CREDIT-G045-300M,0.23957684
SP-008,CREDIT-G045-360M,0.28000420
SP-008,CREDIT-G046-006M,0.00552121
SP-008,CREDIT-G046-012M,0.01101194
SP-008,CREDIT-G046-024M,0.02190267
SP-008,CREDIT-G046-036M,0.03267351
SP-008,CREDIT-G046-060M,0.05386079
SP-008,CREDIT-G046-084M,0.07261641
SP-008,CREDIT-G046-120M,0.10511679
SP-008,CREDIT-G046-144M,0.12492115
SP-008,CREDIT-G046-180M,0.15382567
SP-008,CREDIT-G046-240M,0.19944643
SP-008,CREDIT-G046-300M,0.24261073
SP-008,CREDIT-G046-360M,0.28345081
SP-008,CREDIT-G047-006M,0.00560076
SP-008,CREDIT-G047-012M,0.01117017
SP-008,CREDIT-G047-024M,0.02221561
SP-008,CREDIT-G047-036M,0.03313771
SP-008,CREDIT-G047-060M,0.05461740
SP-008,CREDIT-G047-084M,0.07366451
SP-008,CREDIT-G047-120M,0.10654609
SP-008,CREDIT-G047-144M,0.12659758
SP-008,CREDIT-G047-180M,0.15585106
SP-008,CREDIT-G047-240M,0.20200173
SP-008,CREDIT-G047-300M,0.24563249
SP-008,CREDIT-G047-360M,0.28688088
SP-008,CREDIT-G048-006M,0.00568031
SP-008,CREDIT-G048-012M,0.01132837
SP-008,CREDIT-G048-024M,0.02252845
SP-008,CREDIT-G048-036M,0.03360169
SP-008,CREDIT-G048-060M,0.05537341
SP-008,CREDIT-G048-084M,0.07471146
SP-008,CREDIT-G048-120M,0.10797311
SP-008,CREDIT-G048-144M,0.12827079
SP-008,CREDIT-G048-180M,0.15787157
SP-008,CREDIT-G048-240M,0.20454885
SP-008,CREDIT-G048-300M,0.24864217
SP-008,CREDIT-G048-360M,0.29029451
SP-008,CREDIT-G049-006M,0.00575985
SP-008,CREDIT-G049-012M,0.01148654
SP-008,CREDIT-G049-024M,0.02284119
SP-008,CREDIT-G049-036M,0.03406545
SP-008,CREDIT-G049-060M,0.05612880
SP-008,CREDIT-G049-084M,0.07575725
SP-008,CREDIT-G049-120M,0.10939785
SP-008,CREDIT-G049-144M,0.12994078
SP-008,CREDIT-G049-180M,0.15988723
SP-008,CREDIT-G049-240M,0.20708782
SP-008,CREDIT-G049-300M,0.25163981
SP-008,CREDIT-G049-360M,0.29369176
SP-008,CREDIT-G050-006M,0.00583939
SP-008,CREDIT-G050-012M,0.01164469
SP-008,CREDIT-G050-024M,0.02315383
SP-008,CREDIT-G050-036M,0.03452899
SP-008,CREDIT-G050-060M,0.05688360
SP-008,CREDIT-G050-084M,0.07680189
SP-008,CREDIT-G050-120M,0.11082030
SP-008,CREDIT-G050-144M,0.13160756
SP-008,CREDIT-G050-180M,0.16189805
SP-008,CREDIT-G050-240M,0.20961867
SP-008,CREDIT-G050-300M,0.25462547
SP-008,CREDIT-G050-360M,0.29707273
SP-008,CREDIT-G051-006M,0.00591892
SP-008,CREDIT-G051-012M,0.01180282
SP-008,CREDIT-G051-024M,0.02346637
SP-008,CREDIT-G051-036M,0.03499231
SP-008,CREDIT-G051-060M,0.05763779
SP-008,CREDIT-G051-084M,0.07784536
SP-008,CREDIT-G051-120M,0.11224048
SP-008,CREDIT-G051-144M,0.13327114
SP-008,CREDIT-G051-180M,0.16390403
SP-008,CREDIT-G051-240M,0.21214141
SP-008,CREDIT-G051-300M,0.25759918
SP-008,CREDIT-G051-360M,0.30043748
SP-008,CREDIT-G052-006M,0.00599844
SP-008,CREDIT-G052-012M,0.01196092
SP-008,CREDIT-G052-024M,0.02377881
SP-008,CREDIT-G052-036M,0.03545540
SP-008,CREDIT-G052-060M,0.05839138
SP-008,CREDIT-G052-084M,0.07888769
SP-008,CREDIT-G052-120M,0.11365838
SP-008,CREDIT-G052-144M,0.13493152
SP-008,CREDIT-G052-180M,0.16590519
SP-008,CREDIT-G052-240M,0.21465607
SP-008,CREDIT-G052-300M,0.26056101
SP-008,CREDIT-G052-360M,0.30378610
SP-008,CREDIT-G053-006M,0.00607796
SP-008,CREDIT-G053-012M,0.01211899
SP-008,CREDIT-G053-024M,0.02409115
SP-008,CREDIT-G053-036M,0.03591827
SP-008,CREDIT-G053-060M,0.05914436
SP-008,CREDIT-G053-084M,0.07992886
SP-008,CREDIT-G053-120M,0.11507401
SP-008,CREDIT-G053-144M,0.13658871
SP-008,CREDIT-G053-180M,0.16790155
SP-008,CREDIT-G053-240M,0.21716269
SP-008,CREDIT-G053-300M,0.26351100
SP-008,CREDIT-G053-360M,0.30711866
SP-008,CREDIT-G054-006M,0.00615747
SP-008,CREDIT-G054-012M,0.01227704
SP-008,CREDIT-G054-024M,0.02440339
SP-008,CREDIT-G054-036M,0.03638092
SP-008,CREDIT-G054-060M,0.05989675
SP-008,CREDIT-G054-084M,0.08096887
SP-008,CREDIT-G054-120M,0.11648738
SP-008,CREDIT-G054-144M,0.13824272
SP-008,CREDIT-G054-180M,0.16989311
SP-008,CREDIT-G054-240M,0.21966128
SP-008,CREDIT-G054-300M,0.26644919
SP-008,CREDIT-G054-360M,0.31043524
SP-008,CREDIT-G055-006M,0.00623697
SP-008,CREDIT-G055-012M,0.01243506
SP-008,CREDIT-G055-024M,0.02471553
SP-008,CREDIT-G055-036M,0.03684334
SP-008,CREDIT-G055-060M,0.06064853
SP-008,CREDIT-G055-084M,0.08200774
SP-008,CREDIT-G055-120M,0.11789849
SP-008,CREDIT-G055-144M,0.13989354
SP-008,CREDIT-G055-180M,0.17187988
SP-008,CREDIT-G055-240M,0.22215187
SP-008,CREDIT-G055-300M,0.26937562
SP-008,CREDIT-G055-360M,0.31373591
SP-008,CREDIT-G056-006M,0.00631647
SP-008,CREDIT-G056-012M,0.01259306
SP-008,CREDIT-G056-024M,0.02502758
SP-008,CREDIT-G056-036M,0.03730555
SP-008,CREDIT-G056-060M,0.06139971
SP-008,CREDIT-G056-084M,0.08304546
SP-008,CREDIT-G056-120M,0.11930733
SP-008,CREDIT-G056-144M,0.14154120
SP-008,CREDIT-G056-180M,0.17386188
SP-008,CREDIT-G056-240M,0.22463450
SP-008,CREDIT-G056-300M,0.27229036
SP-008,CREDIT-G056-360M,0.31702075
SP-008,CREDIT-G057-006M,0.00639596
SP-008,CREDIT-G057-012M,0.01275103
SP-008,CREDIT-G057-024M,0.02533952
SP-008,CREDIT-G057-036M,0.03776753
SP-008,CREDIT-G057-060M,0.06215029
SP-008,CREDIT-G057-084M,0.08408203
SP-008,CREDIT-G057-120M,0.12071392
SP-008,CREDIT-G057-144M,0.14318569
SP-008,CREDIT-G057-180M,0.17583911
SP-008,CREDIT-G057-240M,0.22710917
SP-008,CREDIT-G057-300M,0.27519345
SP-008,CREDIT-G057-360M,0.32028984
SP-008,CREDIT-G058-006M,0.00647545
SP-008,CREDIT-G058-012M,0.01290898
SP-008,CREDIT-G058-024M,0.02565136
SP-008,CREDIT-G058-036M,0.03822929
SP-008,CREDIT-G058-060M,0.06290027
SP-008,CREDIT-G058-084M,0.08511745
SP-008,CREDIT-G058-120M,0.12211826
SP-008,CREDIT-G058-144M,0.14482702
SP-008,CREDIT-G058-180M,0.17781159
SP-008,CREDIT-G058-240M,0.22957592
SP-008,CREDIT-G058-300M,0.27808492
SP-008,CREDIT-G058-360M,0.32354326
SP-008,CREDIT-G059-006M,0.00655493
SP-008,CREDIT-G059-012M,0.01306690
SP-008,CREDIT-G059-024M,0.02596310
SP-008,CREDIT-G059-036M,0.03869083
SP-008,CREDIT-G059-060M,0.06364965
SP-008,CREDIT-G059-084M,0.08615173
SP-008,CREDIT-G059-120M,0.12352035
SP-008,CREDIT-G059-144M,0.14646519
SP-008,CREDIT-G059-180M,0.17977934
SP-008,CREDIT-G059-240M,0.23203478
SP-008,CREDIT-G059-300M,0.28096483
SP-008,CREDIT-G059-360M,0.32678107
SP-008,CREDIT-G060-006M,0.00663440
SP-008,CREDIT-G060-012M,0.01322480
SP-008,CREDIT-G060-024M,0.02627474
SP-008,CREDIT-G060-036M,0.03915215
SP-008,CREDIT-G060-060M,0.06439843
SP-008,CREDIT-G060-084M,0.08718487
SP-008,CREDIT-G060-120M,0.12492020
SP-008,CREDIT-G060-144M,0.14810022
SP-008,CREDIT-G060-180M,0.18174235
SP-008,CREDIT-G060-240M,0.23448576
SP-008,CREDIT-G060-300M,0.28383323
SP-008,CREDIT-G060-360M,0.33000335
SP-008,CREDIT-G061-006M,0.00671387
SP-008,CREDIT-G061-012M,0.01338267
SP-008,CREDIT-G061-024M,0.02658628
SP-008,CREDIT-G061-036M,0.03961324
SP-008,CREDIT-G061-060M,0.06514661
SP-008,CREDIT-G061-084M,0.08821686
SP-008,CREDIT-G061-120M,0.12631781
SP-008,CREDIT-G061-144M,0.14973210
SP-008,CREDIT-G061-180M,0.18370065
SP-008,CREDIT-G061-240M,0.23692890
SP-008,CREDIT-G061-300M,0.28669015
SP-008,CREDIT-G061-360M,0.33321018
SP-008,CREDIT-G062-006M,0.00679333
SP-008,CREDIT-G062-012M,0.01354051
SP-008,CREDIT-G062-024M,0.02689773
SP-008,CREDIT-G062-036M,0.04007412
SP-008,CREDIT-G062-060M,0.06589420
SP-008,CREDIT-G062-084M,0.08924771
SP-008,CREDIT-G062-120M,0.12771317
SP-008,CREDIT-G062-144M,0.15136085
SP-008,CREDIT-G062-180M,0.18565424
SP-008,CREDIT-G062-240M,0.23936421
SP-008,CREDIT-G062-300M,0.28953565
SP-008,CREDIT-G062-360M,0.33640163
SP-008,CREDIT-G063-006M,0.00687278
SP-008,CREDIT-G063-012M,0.01369833
SP-008,CREDIT-G063-024M,0.02720907
SP-008,CREDIT-G063-036M,0.04053477
SP-008,CREDIT-G063-060M,0.06664118
SP-008,CREDIT-G063-084M,0.09027742
SP-008,CREDIT-G063-120M,0.12910631
SP-008,CREDIT-G063-144M,0.15298647
SP-008,CREDIT-G063-180M,0.18760314
SP-008,CREDIT-G063-240M,0.24179173
SP-008,CREDIT-G063-300M,0.29236978
SP-008,CREDIT-G063-360M,0.33957778
SP-008,CREDIT-G064-006M,0.00695223
SP-008,CREDIT-G064-012M,0.01385613
SP-008,CREDIT-G064-024M,0.02752031
SP-008,CREDIT-G064-036M,0.04099521
SP-008,CREDIT-G064-060M,0.06738757
SP-008,CREDIT-G064-084M,0.09130599
SP-008,CREDIT-G064-120M,0.13049721
SP-008,CREDIT-G064-144M,0.15460896
SP-008,CREDIT-G064-180M,0.18954735
SP-008,CREDIT-G064-240M,0.24421148
SP-008,CREDIT-G064-300M,0.29519256
SP-008,CREDIT-G064-360M,0.34273869
SP-008,CREDIT-G065-006M,0.00703167
SP-008,CREDIT-G065-012M,0.01401390
SP-008,CREDIT-G065-024M,0.02783146
SP-008,CREDIT-G065-036M,0.04145542
SP-008,CREDIT-G065-060M,0.06813336
SP-008,CREDIT-G065-084M,0.09233342
SP-008,CREDIT-G065-120M,0.13188589
SP-008,CREDIT-G065-144M,0.15622834
SP-008,CREDIT-G065-180M,0.19148689
SP-008,CREDIT-G065-240M,0.24662349
SP-008,CREDIT-G065-300M,0.29800407
SP-008,CREDIT-G065-360M,0.34588445
SP-008,CREDIT-G066-006M,0.00711110
SP-008,CREDIT-G066-012M,0.01417165
SP-008,CREDIT-G066-024M,0.02814250
SP-008,CREDIT-G066-036M,0.04191541
SP-008,CREDIT-G066-060M,0.06887856
SP-008,CREDIT-G066-084M,0.09335972
SP-008,CREDIT-G066-120M,0.13327235
SP-008,CREDIT-G066-144M,0.15784460
SP-008,CREDIT-G066-180M,0.19342177
SP-008,CREDIT-G066-240M,0.24902777
SP-008,CREDIT-G066-300M,0.30080432
SP-008,CREDIT-G066-360M,0.34901511
SP-008,CREDIT-G067-006M,0.00719053
SP-008,CREDIT-G067-012M,0.01432937
SP-008,CREDIT-G067-024M,0.02845345
SP-008,CREDIT-G067-036M,0.04237518
SP-008,CREDIT-G067-060M,0.06962316
SP-008,CREDIT-G067-084M,0.09438488
SP-008,CREDIT-G067-120M,0.13465658
SP-008,CREDIT-G067-144M,0.15945776
SP-008,CREDIT-G067-180M,0.19535200
SP-008,CREDIT-G067-240M,0.25142435
SP-008,CREDIT-G067-300M,0.30359338
SP-008,CREDIT-G067-360M,0.35213076
SP-008,CREDIT-G068-006M,0.00726995
SP-008,CREDIT-G068-012M,0.01448706
SP-008,CREDIT-G068-024M,0.02876429
SP-008,CREDIT-G068-036M,0.04283473
SP-008,CREDIT-G068-060M,0.07036716
SP-008,CREDIT-G068-084M,0.09540891
SP-008,CREDIT-G068-120M,0.13603860
SP-008,CREDIT-G068-144M,0.16106782
SP-008,CREDIT-G068-180M,0.19727759
SP-008,CREDIT-G068-240M,0.25381326
SP-008,CREDIT-G068-300M,0.30637129
SP-008,CREDIT-G068-360M,0.35523147
SP-008,CREDIT-G069-006M,0.00734937
SP-008,CREDIT-G069-012M,0.01464473
SP-008,CREDIT-G069-024M,0.02907504
SP-008,CREDIT-G069-036M,0.04329406
SP-008,CREDIT-G069-060M,0.07111057
SP-008,CREDIT-G069-084M,0.09643181
SP-008,CREDIT-G069-120M,0.13741841
SP-008,CREDIT-G069-144M,0.16267478
SP-008,CREDIT-G069-180M,0.19919856
SP-008,CREDIT-G069-240M,0.25619452
SP-008,CREDIT-G069-300M,0.30913809
SP-008,CREDIT-G069-360M,0.35831731
SP-008,CREDIT-G070-006M,0.00742877
SP-008,CREDIT-G070-012M,0.01480237
SP-008,CREDIT-G070-024M,0.02938568
SP-008,CREDIT-G070-036M,0.04375317
SP-008,CREDIT-G070-060M,0.07185338
SP-008,CREDIT-G070-084M,0.09745357
SP-008,CREDIT-G070-120M,0.13879601
SP-008,CREDIT-G070-144M,0.16427866
SP-008,CREDIT-G070-180M,0.20111490
SP-008,CREDIT-G070-240M,0.25856816
SP-008,CREDIT-G070-300M,0.31189382
SP-008,CREDIT-G070-360M,0.36138835
SP-008,CREDIT-G071-006M,0.00750818
SP-008,CREDIT-G071-012M,0.01495999
SP-008,CREDIT-G071-024M,0.02969623
SP-008,CREDIT-G071-036M,0.04421205
SP-008,CREDIT-G071-060M,0.07259560
SP-008,CREDIT-G071-084M,0.09847420
SP-008,CREDIT-G071-120M,0.14017140
SP-008,CREDIT-G071-144M,0.16587945
SP-008,CREDIT-G071-180M,0.20302665
SP-008,CREDIT-G071-240M,0.26093421
SP-008,CREDIT-G071-300M,0.31463853
SP-008,CREDIT-G071-360M,0.36444466
SP-008,CREDIT-G072-006M,0.00758757
SP-008,CREDIT-G072-012M,0.01511759
SP-008,CREDIT-G072-024M,0.03000668
SP-008,CREDIT-G072-036M,0.04467072
SP-008,CREDIT-G072-060M,0.07333723
SP-008,CREDIT-G072-084M,0.09949371
SP-008,CREDIT-G072-120M,0.14154459
SP-008,CREDIT-G072-144M,0.16747717
SP-008,CREDIT-G072-180M,0.20493379
SP-008,CREDIT-G072-240M,0.26329267
SP-008,CREDIT-G072-300M,0.31737227
SP-008,CREDIT-G072-360M,0.36748631
SP-008,CREDIT-G073-006M,0.00766696
SP-008,CREDIT-G073-012M,0.01527516
SP-008,CREDIT-G073-024M,0.03031703
SP-008,CREDIT-G073-036M,0.04512917
SP-008,CREDIT-G073-060M,0.07407827
SP-008,CREDIT-G073-084M,0.10051209
SP-008,CREDIT-G073-120M,0.14291558
SP-008,CREDIT-G073-144M,0.16907181
SP-008,CREDIT-G073-180M,0.20683636
SP-008,CREDIT-G073-240M,0.26564359
SP-008,CREDIT-G073-300M,0.32009507
SP-008,CREDIT-G073-360M,0.37051337
SP-008,CREDIT-G074-006M,0.00774635
SP-008,CREDIT-G074-012M,0.01543270
SP-008,CREDIT-G074-024M,0.03062727
SP-008,CREDIT-G074-036M,0.04558740
SP-008,CREDIT-G074-060M,0.07481871
SP-008,CREDIT-G074-084M,0.10152934
SP-008,CREDIT-G074-120M,0.14428438
SP-008,CREDIT-G074-144M,0.17066340
SP-008,CREDIT-G074-180M,0.20873435
SP-008,CREDIT-G074-240M,0.26798697
SP-008,CREDIT-G074-300M,0.32280698
SP-008,CREDIT-G074-360M,0.37352592
SP-008,CREDIT-G075-006M,0.00782572
SP-008,CREDIT-G075-012M,0.01559022
SP-008,CREDIT-G075-024M,0.03093742
SP-008,CREDIT-G075-036M,0.04604541
SP-008,CREDIT-G075-060M,0.07555856
SP-008,CREDIT-G075-084M,0.10254547
SP-008,CREDIT-G075-120M,0.14565099
SP-008,CREDIT-G075-144M,0.17225192
SP-008,CREDIT-G075-180M,0.21062778
SP-008,CREDIT-G075-240M,0.27032286
SP-008,CREDIT-G075-300M,0.32550805
SP-008,CREDIT-G075-360M,0.37652401
SP-008,CREDIT-G076-006M,0.00790509
SP-008,CREDIT-G076-012M,0.01574771
SP-008,CREDIT-G076-024M,0.03124747
SP-008,CREDIT-G076-036M,0.04650319
SP-008,CREDIT-G076-060M,0.07629781
SP-008,CREDIT-G076-084M,0.10356047
SP-008,CREDIT-G076-120M,0.14701541
SP-008,CREDIT-G076-144M,0.17383739
SP-008,CREDIT-G076-180M,0.21251666
SP-008,CREDIT-G076-240M,0.27265127
SP-008,CREDIT-G076-300M,0.32819832
SP-008,CREDIT-G076-360M,0.37950773
SP-008,CREDIT-G077-006M,0.00798446
SP-008,CREDIT-G077-012M,0.01590518
SP-008,CREDIT-G077-024M,0.03155743
SP-008,CREDIT-G077-036M,0.04696076
SP-008,CREDIT-G077-060M,0.07703648
SP-008,CREDIT-G077-084M,0.10457435
SP-008,CREDIT-G077-120M,0.14837764
SP-008,CREDIT-G077-144M,0.17541981
SP-008,CREDIT-G077-180M,0.21440100
SP-008,CREDIT-G077-240M,0.27497222
SP-008,CREDIT-G077-300M,0.33087783
SP-008,CREDIT-G077-360M,0.38247713
SP-008,CREDIT-G078-006M,0.00806382
SP-008,CREDIT-G078-012M,0.01606262
SP-008,CREDIT-G078-024M,0.03186728
SP-008,CREDIT-G078-036M,0.04741811
SP-008,CREDIT-G078-060M,0.07777455
SP-008,CREDIT-G078-084M,0.10558711
SP-008,CREDIT-G078-120M,0.14973769
SP-008,CREDIT-G078-144M,0.17699919
SP-008,CREDIT-G078-180M,0.21628081
SP-008,CREDIT-G078-240M,0.27728574
SP-008,CREDIT-G078-300M,0.33354662
SP-008,CREDIT-G078-360M,0.38543229
SP-008,CREDIT-G079-006M,0.00814317
SP-008,CREDIT-G079-012M,0.01622004
SP-008,CREDIT-G079-024M,0.03217703
SP-008,CREDIT-G079-036M,0.04787524
SP-008,CREDIT-G079-060M,0.07851204
SP-008,CREDIT-G079-084M,0.10659875
SP-008,CREDIT-G079-120M,0.15109557
SP-008,CREDIT-G079-144M,0.17857554
SP-008,CREDIT-G079-180M,0.21815611
SP-008,CREDIT-G079-240M,0.27959186
SP-008,CREDIT-G079-300M,0.33620473
SP-008,CREDIT-G079-360M,0.38837328
SP-008,CREDIT-G080-006M,0.00822251
SP-008,CREDIT-G080-012M,0.01637743
SP-008,CREDIT-G080-024M,0.03248668
SP-008,CREDIT-G080-036M,0.04833215
SP-008,CREDIT-G080-060M,0.07924894
SP-008,CREDIT-G080-084M,0.10760927
SP-008,CREDIT-G080-120M,0.15245127
SP-008,CREDIT-G080-144M,0.18014885
SP-008,CREDIT-G080-180M,0.22002689
SP-008,CREDIT-G080-240M,0.28189059
SP-008,CREDIT-G080-300M,0.33885222
SP-008,CREDIT-G080-360M,0.39130016
SP-008,CREDIT-G081-006M,0.00830185
SP-008,CREDIT-G081-012M,0.01653480
SP-008,CREDIT-G081-024M,0.03279624
SP-008,CREDIT-G081-036M,0.04878884
SP-008,CREDIT-G081-060M,0.07998524
SP-008,CREDIT-G081-084M,0.10861867
SP-008,CREDIT-G081-120M,0.15380481
SP-008,CREDIT-G081-144M,0.18171915
SP-008,CREDIT-G081-180M,0.22189318
SP-008,CREDIT-G081-240M,0.28418196
SP-008,CREDIT-G081-300M,0.34148912
SP-008,CREDIT-G081-360M,0.39421300
SP-008,CREDIT-G082-006M,0.00838119
SP-008,CREDIT-G082-012M,0.01669214
SP-008,CREDIT-G082-024M,0.03310569
SP-008,CREDIT-G082-036M,0.04924531
SP-008,CREDIT-G082-060M,0.08072096
SP-008,CREDIT-G082-084M,0.10962696
SP-008,CREDIT-G082-120M,0.15515617
SP-008,CREDIT-G082-144M,0.18328642
SP-008,CREDIT-G082-180M,0.22375499
SP-008,CREDIT-G082-240M,0.28646600
SP-008,CREDIT-G082-300M,0.34411547
SP-008,CREDIT-G082-360M,0.39711187
SP-008,CREDIT-G083-006M,0.00846051
SP-008,CREDIT-G083-012M,0.01684946
SP-008,CREDIT-G083-024M,0.03341505
SP-008,CREDIT-G083-036M,0.04970157
SP-008,CREDIT-G083-060M,0.08145609
SP-008,CREDIT-G083-084M,0.11063413
SP-008,CREDIT-G083-120M,0.15650537
SP-008,CREDIT-G083-144M,0.18485068
SP-008,CREDIT-G083-180M,0.22561232
SP-008,CREDIT-G083-240M,0.28874272
SP-008,CREDIT-G083-300M,0.34673132
SP-008,CREDIT-G083-360M,0.39999684
SP-008,CREDIT-G084-006M,0.00853983
SP-008,CREDIT-G084-012M,0.01700675
SP-008,CREDIT-G084-024M,0.03372431
SP-008,CREDIT-G084-036M,0.05015760
SP-008,CREDIT-G084-060M,0.08219063
SP-008,CREDIT-G084-084M,0.11164019
SP-008,CREDIT-G084-120M,0.15785242
SP-008,CREDIT-G084-144M,0.18641194
SP-008,CREDIT-G084-180M,0.22746518
SP-008,CREDIT-G084-240M,0.29101216
SP-008,CREDIT-G084-300M,0.34933671
SP-008,CREDIT-G084-360M,0.40286797
SP-008,CREDIT-G085-006M,0.00861915
SP-008,CREDIT-G085-012M,0.01716401
SP-008,CREDIT-G085-024M,0.03403347
SP-008,CREDIT-G085-036M,0.05061342
SP-008,CREDIT-G085-060M,0.08292458
SP-008,CREDIT-G085-084M,0.11264513
SP-008,CREDIT-G085-120M,0.15919730
SP-008,CREDIT-G085-144M,0.18797020
SP-008,CREDIT-G085-180M,0.22931360
SP-008,CREDIT-G085-240M,0.29327432
SP-008,CREDIT-G085-300M,0.35193167
SP-008,CREDIT-G085-360M,0.40572533
SP-008,CREDIT-G086-006M,0.00869845
SP-008,CREDIT-G086-012M,0.01732125
SP-008,CREDIT-G086-024M,0.03434253
SP-008,CREDIT-G086-036M,0.05106901
SP-008,CREDIT-G086-060M,0.08365795
SP-008,CREDIT-G086-084M,0.11364897
SP-008,CREDIT-G086-120M,0.16054004
SP-008,CREDIT-G086-144M,0.18952546
SP-008,CREDIT-G086-180M,0.23115757
SP-008,CREDIT-G086-240M,0.29552925
SP-008,CREDIT-G086-300M,0.35451626
SP-008,CREDIT-G086-360M,0.40856898
SP-008,CREDIT-G087-006M,0.00877775
SP-008,CREDIT-G087-012M,0.01747847
SP-008,CREDIT-G087-024M,0.03465149
SP-008,CREDIT-G087-036M,0.05152439
SP-008,CREDIT-G087-060M,0.08439073
SP-008,CREDIT-G087-084M,0.11465169
SP-008,CREDIT-G087-120M,0.16188062
SP-008,CREDIT-G087-144M,0.19107773
SP-008,CREDIT-G087-180M,0.23299711
SP-008,CREDIT-G087-240M,0.29777695
SP-008,CREDIT-G087-300M,0.35709051
SP-008,CREDIT-G087-360M,0.41139899
SP-008,CREDIT-G088-006M,0.00885705
SP-008,CREDIT-G088-012M,0.01763566
SP-008,CREDIT-G088-024M,0.03496035
SP-008,CREDIT-G088-036M,0.05197955
SP-008,CREDIT-G088-060M,0.08512293
SP-008,CREDIT-G088-084M,0.11565331
SP-008,CREDIT-G088-120M,0.16321906
SP-008,CREDIT-G088-144M,0.19262702
SP-008,CREDIT-G088-180M,0.23483222
SP-008,CREDIT-G088-240M,0.30001746
SP-008,CREDIT-G088-300M,0.35965447
SP-008,CREDIT-G088-360M,0.41421542
SP-008,CREDIT-G089-006M,0.00893634
SP-008,CREDIT-G089-012M,0.01779283
SP-008,CREDIT-G089-024M,0.03526911
SP-008,CREDIT-G089-036M,0.05243449
SP-008,CREDIT-G089-060M,0.08585453
SP-008,CREDIT-G089-084M,0.11665381
SP-008,CREDIT-G089-120M,0.16455535
SP-008,CREDIT-G089-144M,0.19417333
SP-008,CREDIT-G089-180M,0.23666293
SP-008,CREDIT-G089-240M,0.30225079
SP-008,CREDIT-G089-300M,0.36220817
SP-008,CREDIT-G089-360M,0.41701835
SP-008,CREDIT-G090-006M,0.00901562
SP-008,CREDIT-G090-012M,0.01794997
SP-008,CREDIT-G090-024M,0.03557778
SP-008,CREDIT-G090-036M,0.05288921
SP-008,CREDIT-G090-060M,0.08658556
SP-008,CREDIT-G090-084M,0.11765321
SP-008,CREDIT-G090-120M,0.16588951
SP-008,CREDIT-G090-144M,0.19571667
SP-008,CREDIT-G090-180M,0.23848924
SP-008,CREDIT-G090-240M,0.30447698
SP-008,CREDIT-G090-300M,0.36475165
SP-008,CREDIT-G090-360M,0.41980783
SP-008,CREDIT-G091-006M,0.00909489
SP-008,CREDIT-G091-012M,0.01810708
SP-008,CREDIT-G091-024M,0.03588634
SP-008,CREDIT-G091-036M,0.05334372
SP-008,CREDIT-G091-060M,0.08731600
SP-008,CREDIT-G091-084M,0.11865151
SP-008,CREDIT-G091-120M,0.16722153
SP-008,CREDIT-G091-144M,0.19725704
SP-008,CREDIT-G091-180M,0.24031115
SP-008,CREDIT-G091-240M,0.30669603
SP-008,CREDIT-G091-300M,0.36728497
SP-008,CREDIT-G091-360M,0.42258393
SP-008,CREDIT-G092-006M,0.00917416
SP-008,CREDIT-G092-012M,0.01826417
SP-008,CREDIT-G092-024M,0.03619481
SP-008,CREDIT-G092-036M,0.05379800
SP-008,CREDIT-G092-060M,0.08804585
SP-008,CREDIT-G092-084M,0.11964870
SP-008,CREDIT-G092-120M,0.16855141
SP-008,CREDIT-G092-144M,0.19879445
SP-008,CREDIT-G092-180M,0.24212869
SP-008,CREDIT-G092-240M,0.30890798
SP-008,CREDIT-G092-300M,0.36980815
SP-008,CREDIT-G092-360M,0.42534671
SP-008,CREDIT-G093-006M,0.00925343
SP-008,CREDIT-G093-012M,0.01842124
SP-008,CREDIT-G093-024M,0.03650318
SP-008,CREDIT-G093-036M,0.05425207
SP-008,CREDIT-G093-060M,0.08877512
SP-008,CREDIT-G093-084M,0.12064480
SP-008,CREDIT-G093-120M,0.16987917
SP-008,CREDIT-G093-144M,0.20032891
SP-008,CREDIT-G093-180M,0.24394186
SP-008,CREDIT-G093-240M,0.31111285
SP-008,CREDIT-G093-300M,0.37232123
SP-008,CREDIT-G093-360M,0.42809624
SP-008,CREDIT-G094-006M,0.00933268
SP-008,CREDIT-G094-012M,0.01857828
SP-008,CREDIT-G094-024M,0.03681145
SP-008,CREDIT-G094-036M,0.05470592
SP-008,CREDIT-G094-060M,0.08950381
SP-008,CREDIT-G094-084M,0.12163978
SP-008,CREDIT-G094-120M,0.17120480
SP-008,CREDIT-G094-144M,0.20186042
SP-008,CREDIT-G094-180M,0.24575067
SP-008,CREDIT-G094-240M,0.31331066
SP-008,CREDIT-G094-300M,0.37482427
SP-008,CREDIT-G094-360M,0.43083258
SP-008,CREDIT-G095-006M,0.00941193
SP-008,CREDIT-G095-012M,0.01873529
SP-008,CREDIT-G095-024M,0.03711962
SP-008,CREDIT-G095-036M,0.05515955
SP-008,CREDIT-G095-060M,0.09023192
SP-008,CREDIT-G095-084M,0.12263367
SP-008,CREDIT-G095-120M,0.17252831
SP-008,CREDIT-G095-144M,0.20338898
SP-008,CREDIT-G095-180M,0.24755513
SP-008,CREDIT-G095-240M,0.31550143
SP-008,CREDIT-G095-300M,0.37731729
SP-008,CREDIT-G095-360M,0.43355579
SP-008,CREDIT-G096-006M,0.00949118
SP-008,CREDIT-G096-012M,0.01889228
SP-008,CREDIT-G096-024M,0.03742769
SP-008,CREDIT-G096-036M,0.05561297
SP-008,CREDIT-G096-060M,0.09095944
SP-008,CREDIT-G096-084M,0.12362646
SP-008,CREDIT-G096-120M,0.17384970
SP-008,CREDIT-G096-144M,0.20491461
SP-008,CREDIT-G096-180M,0.24935526
SP-008,CREDIT-G096-240M,0.31768518
SP-008,CREDIT-G096-300M,0.37980035
SP-008,CREDIT-G096-360M,0.43626594
SP-008,CREDIT-G097-006M,0.00957041
SP-008,CREDIT-G097-012M,0.01904925
SP-008,CREDIT-G097-024M,0.03773567
SP-008,CREDIT-G097-036M,0.05606616
SP-008,CREDIT-G097-060M,0.09168638
SP-008,CREDIT-G097-084M,0.12461816
SP-008,CREDIT-G097-120M,0.17516898
SP-008,CREDIT-G097-144M,0.20643730
SP-008,CREDIT-G097-180M,0.25115106
SP-008,CREDIT-G097-240M,0.31986194
SP-008,CREDIT-G097-300M,0.38227347
SP-008,CREDIT-G097-360M,0.43896309
SP-008,CREDIT-G098-006M,0.00964965
SP-008,CREDIT-G098-012M,0.01920619
SP-008,CREDIT-G098-024M,0.03804354
SP-008,CREDIT-G098-036M,0.05651914
SP-008,CREDIT-G098-060M,0.09241274
SP-008,CREDIT-G098-084M,0.12560875
SP-008,CREDIT-G098-120M,0.17648614
SP-008,CREDIT-G098-144M,0.20795707
SP-008,CREDIT-G098-180M,0.25294254
SP-008,CREDIT-G098-240M,0.32203174
SP-008,CREDIT-G098-300M,0.38473670
SP-008,CREDIT-G098-360M,0.44164730
SP-008,CREDIT-G099-006M,0.00972887
SP-008,CREDIT-G099-012M,0.01936310
SP-008,CREDIT-G099-024M,0.03835132
SP-008,CREDIT-G099-036M,0.05697191
SP-008,CREDIT-G099-060M,0.09313852
SP-008,CREDIT-G099-084M,0.12659825
SP-008,CREDIT-G099-120M,0.17780120
SP-008,CREDIT-G099-144M,0.20947392
SP-008,CREDIT-G099-180M,0.25472972
SP-008,CREDIT-G099-240M,0.32419458
SP-008,CREDIT-G099-300M,0.38719007
SP-008,CREDIT-G099-360M,0.44431864
SP-008,CREDIT-G100-006M,0.00980809
SP-008,CREDIT-G100-012M,0.01951999
SP-008,CREDIT-G100-024M,0.03865900
SP-008,CREDIT-G100-036M,0.05742445
SP-008,CREDIT-G100-060M,0.09386372
SP-008,CREDIT-G100-084M,0.12758666
SP-008,CREDIT-G100-120M,0.17911415
SP-008,CREDIT-G100-144M,0.21098785
SP-008,CREDIT-G100-180M,0.25651260
SP-008,CREDIT-G100-240M,0.32635050
SP-008,CREDIT-G100-300M,0.38963364
SP-008,CREDIT-G100-360M,0.44697716
SP-008,FX-USDEUR-1D,0.92567850
SP-008,FX-USDEUR-1M,0.92661390
SP-008,FX-USDEUR-3M,0.92842887
SP-008,FX-USDGBP-1D,0.78669040
SP-008,FX-USDGBP-1M,0.78648592
SP-008,FX-USDGBP-3M,0.78614615
SP-008,FX-USDJPY-1D,149.32928963
SP-008,FX-USDJPY-1M,149.81028415
SP-008,FX-USDJPY-3M,150.74627637
SP-008,FX-USDCHF-1D,0.89300146
SP-008,FX-USDCHF-1M,0.89550064
SP-008,FX-USDCHF-3M,0.90040612
SP-008,FX-USDCAD-1D,1.35039344
SP-008,FX-USDCAD-1M,1.35087100
SP-008,FX-USDCAD-3M,1.35193043
SP-008,FX-USDAUD-1D,1.51348039
SP-008,FX-USDAUD-1M,1.51343913
SP-008,FX-USDAUD-3M,1.51359327
SP-008,FX-USDNZD-1D,1.63700798
SP-008,FX-USDNZD-1M,1.63568078
SP-008,FX-USDNZD-3M,1.63337022
SP-008,FX-USDSEK-1D,10.52266700
SP-008,FX-USDSEK-1M,10.53558709
SP-008,FX-USDSEK-3M,10.56124191
SP-008,FX-USDNOK-1D,10.62925031
SP-008,FX-USDNOK-1M,10.63188984
SP-008,FX-USDNOK-3M,10.63819205
SP-008,FX-USDDKK-1D,6.89424132
SP-008,FX-USDDKK-1M,6.90159376
SP-008,FX-USDDKK-3M,6.91609383
SP-008,FX-USDPLN-1D,3.99435437
SP-008,FX-USDPLN-1M,3.99057122
SP-008,FX-USDPLN-3M,3.98370444
SP-008,FX-USDCZK-1D,23.22862182
SP-008,FX-USDCZK-1M,23.21769464
SP-008,FX-USDCZK-3M,23.19878406
SP-008,FX-USDHUF-1D,356.45075862
SP-008,FX-USDHUF-1M,355.68754361
SP-008,FX-USDHUF-3M,354.25450830
SP-008,FX-USDSGD-1D,1.35074686
SP-008,FX-USDSGD-1M,1.35190267
SP-008,FX-USDSGD-3M,1.35422460
SP-008,FX-USDHKD-1D,7.81039865
SP-008,FX-USDHKD-1M,7.81177959
SP-008,FX-USDHKD-3M,7.81484220
SP-008,FX-USDKRW-1D,1350.87013237
SP-008,FX-USDKRW-1M,1352.05062951
SP-008,FX-USDKRW-3M,1354.28085589
SP-008,FX-USDCNY-1D,7.19560250
SP-008,FX-USDCNY-1M,7.20805315
SP-008,FX-USDCNY-3M,7.23234337
SP-008,FX-USDINR-1D,83.18665439
SP-008,FX-USDINR-1M,83.01932921
SP-008,FX-USDINR-3M,82.70271741
SP-008,FX-USDBRL-1D,4.98766259
SP-008,FX-USDBRL-1M,4.96035211
SP-008,FX-USDBRL-3M,4.90693517
SP-008,FX-EURGBP-1D,0.84985273
SP-008,FX-EURGBP-1M,0.84877414
SP-008,FX-EURGBP-3M,0.84674893
SP-008,FX-EURJPY-1D,161.31874028
SP-008,FX-EURJPY-1M,161.67498026
SP-008,FX-EURJPY-3M,162.36707105
SP-008,FX-EURCHF-1D,0.96469937
SP-008,FX-EURCHF-1M,0.96642262
SP-008,FX-EURCHF-3M,0.96981702
SP-008,FX-EURCAD-1D,1.45881474
SP-008,FX-EURCAD-1M,1.45785747
SP-008,FX-EURCAD-3M,1.45614863
SP-008,FX-EURAUD-1D,1.63499573
SP-008,FX-EURAUD-1M,1.63330069
SP-008,FX-EURAUD-3M,1.63027381
SP-008,FX-EURNZD-1D,1.76844118
SP-008,FX-EURNZD-1M,1.76522365
SP-008,FX-EURNZD-3M,1.75928418
SP-008,FX-EURSEK-1D,11.36751798
SP-008,FX-EURSEK-1M,11.36998601
SP-008,FX-EURSEK-3M,11.37539153
SP-008,FX-EURNOK-1D,11.48265872
SP-008,FX-EURNOK-1M,11.47391576
SP-008,FX-EURNOK-3M,11.45827364
SP-008,FX-EURDKK-1D,7.44777081
SP-008,FX-EURDKK-1M,7.44818716
SP-008,FX-EURDKK-3M,7.44924469
SP-008,FX-EURPLN-1D,4.31505579
SP-008,FX-EURPLN-1M,4.30661704
SP-008,FX-EURPLN-3M,4.29080198
SP-008,FX-EURCZK-1D,25.09361706
SP-008,FX-EURCZK-1M,25.05649291
SP-008,FX-EURCZK-3M,24.98714205
SP-008,FX-EURHUF-1D,385.06971737
SP-008,FX-EURHUF-1M,383.85733608
SP-008,FX-EURHUF-3M,381.56343431
SP-008,FX-EURSGD-1D,1.45919653
SP-008,FX-EURSGD-1M,1.45897085
SP-008,FX-EURSGD-3M,1.45861966
SP-008,FX-EURHKD-1D,8.43748520
SP-008,FX-EURHKD-1M,8.43045801
SP-008,FX-EURHKD-3M,8.41727617
SP-008,FX-EURKRW-1D,1459.32970403
SP-008,FX-EURKRW-1M,1459.13052683
SP-008,FX-EURKRW-3M,1458.68024906
SP-008,FX-EURCNY-1D,7.77332788
SP-008,FX-EURCNY-1M,7.77891757
SP-008,FX-EURCNY-3M,7.78987341
SP-008,FX-EURINR-1D,89.86560056
SP-008,FX-EURINR-1M,89.59430580
SP-008,FX-EURINR-3M,89.07814056
SP-008,FX-EURBRL-1D,5.38811541
SP-008,FX-EURBRL-1M,5.35320278
SP-008,FX-EURBRL-3M,5.28520312
SP-008,FX-GBPJPY-1D,189.81964204
SP-008,FX-GBPJPY-1M,190.48056767
SP-008,FX-GBPJPY-3M,191.75350116
SP-008,FX-GBPCHF-1D,1.13513711
SP-008,FX-GBPCHF-1M,1.13860988
SP-008,FX-GBPCHF-3M,1.14534190
SP-008,FX-GBPCAD-1D,1.71655005
SP-008,FX-GBPCAD-1M,1.71760354
SP-008,FX-GBPCAD-3M,1.71969351
SP-008,FX-GBPAUD-1D,1.92385772
SP-008,FX-GBPAUD-1M,1.92430544
SP-008,FX-GBPAUD-3M,1.92533319
SP-008,FX-GBPNZD-1D,2.08087958
SP-008,FX-GBPNZD-1M,2.07973307
SP-008,FX-GBPNZD-3M,2.07769284
SP-008,FX-GBPSEK-1D,13.37586812
SP-008,FX-GBPSEK-1M,13.39577333
SP-008,FX-GBPSEK-3M,13.43419659
SP-008,FX-GBPNOK-1D,13.51135128
SP-008,FX-GBPNOK-1M,13.51822022
SP-008,FX-GBPNOK-3M,13.53207934
SP-008,FX-GBPDKK-1D,8.76360172
SP-008,FX-GBPDKK-1M,8.77522865
SP-008,FX-GBPDKK-3M,8.79746577
SP-008,FX-GBPPLN-1D,5.07741595
SP-008,FX-GBPPLN-1M,5.07392583
SP-008,FX-GBPPLN-3M,5.06738403
SP-008,FX-GBPCZK-1D,29.52701838
SP-008,FX-GBPCZK-1M,29.52080146
SP-008,FX-GBPCZK-3M,29.50950547
SP-008,FX-GBPHUF-1D,453.10170279
SP-008,FX-GBPHUF-1M,452.24909361
SP-008,FX-GBPHUF-3M,450.62169298
SP-008,FX-GBPSGD-1D,1.71699929
SP-008,FX-GBPSGD-1M,1.71891529
SP-008,FX-GBPSGD-3M,1.72261176
SP-008,FX-GBPHKD-1D,9.92817337
SP-008,FX-GBPHKD-1M,9.93251043
SP-008,FX-GBPHKD-3M,9.94069896
SP-008,FX-GBPKRW-1D,1717.15599538
SP-008,FX-GBPKRW-1M,1719.10341733
SP-008,FX-GBPKRW-3M,1722.68331880
SP-008,FX-GBPCNY-1D,9.14667641
SP-008,FX-GBPCNY-1M,9.16488520
SP-008,FX-GBPCNY-3M,9.19974407
SP-008,FX-GBPINR-1D,105.74255725
SP-008,FX-GBPINR-1M,105.55729899
SP-008,FX-GBPINR-3M,105.20018140
SP-008,FX-GBPBRL-1D,6.34005780
SP-008,FX-GBPBRL-1M,6.30698147
SP-008,FX-GBPBRL-3M,6.24175947
SP-008,FX-JPYCHF-1D,0.00598008
SP-008,FX-JPYCHF-1M,0.00597756
SP-008,FX-JPYCHF-3M,0.00597299
SP-008,FX-JPYCAD-1D,0.00904306
SP-008,FX-JPYCAD-1M,0.00901721
SP-008,FX-JPYCAD-3M,0.00896825
SP-008,FX-JPYAUD-1D,0.01013519
SP-008,FX-JPYAUD-1M,0.01010237
SP-008,FX-JPYAUD-3M,0.01004067
SP-008,FX-JPYNZD-1D,0.01096240
SP-008,FX-JPYNZD-1M,0.01091835
SP-008,FX-JPYNZD-3M,0.01083523
SP-008,FX-JPYSEK-1D,0.07046620
SP-008,FX-JPYSEK-1M,0.07032619
SP-008,FX-JPYSEK-3M,0.07005972
SP-008,FX-JPYNOK-1D,0.07117994
SP-008,FX-JPYNOK-1M,0.07096903
SP-008,FX-JPYNOK-3M,0.07057018
SP-008,FX-JPYDKK-1D,0.04616804
SP-008,FX-JPYDKK-1M,0.04606889
SP-008,FX-JPYDKK-3M,0.04587904
SP-008,FX-JPYPLN-1D,0.02674863
SP-008,FX-JPYPLN-1M,0.02663750
SP-008,FX-JPYPLN-3M,0.02642655
SP-008,FX-JPYCZK-1D,0.15555302
SP-008,FX-JPYCZK-1M,0.15498065
SP-008,FX-JPYCZK-3M,0.15389292
SP-008,FX-JPYHUF-1D,2.38701168
SP-008,FX-JPYHUF-1M,2.37425318
SP-008,FX-JPYHUF-3M,2.35000503
SP-008,FX-JPYSGD-1D,0.00904542
SP-008,FX-JPYSGD-1M,0.00902410
SP-008,FX-JPYSGD-3M,0.00898347
SP-008,FX-JPYHKD-1D,0.05230319
SP-008,FX-JPYHKD-1M,0.05214448
SP-008,FX-JPYHKD-3M,0.05184103
SP-008,FX-JPYKRW-1D,9.04625031
SP-008,FX-JPYKRW-1M,9.02508554
SP-008,FX-JPYKRW-3M,8.98384284
SP-008,FX-JPYCNY-1D,0.04818614
SP-008,FX-JPYCNY-1M,0.04811454
SP-008,FX-JPYCNY-3M,0.04797693
SP-008,FX-JPYINR-1D,0.55706857
SP-008,FX-JPYINR-1M,0.55416308
SP-008,FX-JPYINR-3M,0.54862196
SP-008,FX-JPYBRL-1D,0.03340043
SP-008,FX-JPYBRL-1M,0.03311089
SP-008,FX-JPYBRL-3M,0.03255095
SP-008,FX-CHFCAD-1D,1.51219622
SP-008,FX-CHFCAD-1M,1.50850926
SP-008,FX-CHFCAD-3M,1.50146739
SP-008,FX-CHFAUD-1D,1.69482409
SP-008,FX-CHFAUD-1M,1.69004808
SP-008,FX-CHFAUD-3M,1.68101175
SP-008,FX-CHFNZD-1D,1.83315263
SP-008,FX-CHFNZD-1M,1.82655457
SP-008,FX-CHFNZD-3M,1.81403723
SP-008,FX-CHFSEK-1D,11.78348237
SP-008,FX-CHFSEK-1M,11.76502468
SP-008,FX-CHFSEK-3M,11.72942036
SP-008,FX-CHFNOK-1D,11.90283637
SP-008,FX-CHFNOK-1M,11.87256537
SP-008,FX-CHFNOK-3M,11.81488196
SP-008,FX-CHFDKK-1D,7.72030237
SP-008,FX-CHFDKK-1M,7.70696690
SP-008,FX-CHFDKK-3M,7.68108263
SP-008,FX-CHFPLN-1D,4.47295389
SP-008,FX-CHFPLN-1M,4.45624610
SP-008,FX-CHFPLN-3M,4.42434179
SP-008,FX-CHFCZK-1D,26.01185189
SP-008,FX-CHFCZK-1M,25.92705544
SP-008,FX-CHFCZK-3M,25.76480045
SP-008,FX-CHFHUF-1D,399.16032955
SP-008,FX-CHFHUF-1M,397.19407135
SP-008,FX-CHFHUF-3M,393.43858230
SP-008,FX-CHFSGD-1D,1.51259198
SP-008,FX-CHFSGD-1M,1.50966132
SP-008,FX-CHFSGD-3M,1.50401532
SP-008,FX-CHFHKD-1D,8.74623275
SP-008,FX-CHFHKD-1M,8.72336576
SP-008,FX-CHFHKD-3M,8.67924152
SP-008,FX-CHFKRW-1D,1512.73003122
SP-008,FX-CHFKRW-1M,1509.82654257
SP-008,FX-CHFKRW-3M,1504.07779576
SP-008,FX-CHFCNY-1D,8.05777235
SP-008,FX-CHFCNY-1M,8.04918820
SP-008,FX-CHFCNY-3M,8.03231252
SP-008,FX-CHFINR-1D,93.15399554
SP-008,FX-CHFINR-1M,92.70716943
SP-008,FX-CHFINR-3M,91.85046098
SP-008,FX-CHFBRL-1D,5.58527930
SP-008,FX-CHFBRL-1M,5.53919440
SP-008,FX-CHFBRL-3M,5.44969103
SP-008,FX-CADAUD-1D,1.12076995
SP-008,FX-CADAUD-1M,1.12034319
SP-008,FX-CADAUD-3M,1.11957926
SP-008,FX-CADNZD-1D,1.21224521
SP-008,FX-CADNZD-1M,1.21083418
SP-008,FX-CADNZD-3M,1.20817624
SP-008,FX-CADSEK-1D,7.79229720
SP-008,FX-CADSEK-1M,7.79910672
SP-008,FX-CADSEK-3M,7.81197146
SP-008,FX-CADNOK-1D,7.87122479
SP-008,FX-CADNOK-1M,7.87039610
SP-008,FX-CADNOK-3M,7.86889018
SP-008,FX-CADDKK-1D,5.10535754
SP-008,FX-CADDKK-1M,5.10899543
SP-008,FX-CADDKK-3M,5.11571727
SP-008,FX-CADPLN-1D,2.95791898
SP-008,FX-CADPLN-1M,2.95407276
SP-008,FX-CADPLN-3M,2.94667859
SP-008,FX-CADCZK-1D,17.20137344
SP-008,FX-CADCZK-1M,17.18720342
SP-008,FX-CADCZK-3M,17.15974699
SP-008,FX-CADHUF-1D,263.96067149
SP-008,FX-CADHUF-1M,263.30237603
SP-008,FX-CADHUF-3M,262.03604955
SP-008,FX-CADSGD-1D,1.00026171
SP-008,FX-CADSGD-1M,1.00076371
SP-008,FX-CADSGD-3M,1.00169696
SP-008,FX-CADHKD-1D,5.78379488
SP-008,FX-CADHKD-1M,5.78277245
SP-008,FX-CADHKD-3M,5.78050619
SP-008,FX-CADKRW-1D,1000.35300420
SP-008,FX-CADKRW-1M,1000.87323738
SP-008,FX-CADKRW-3M,1001.73857257
SP-008,FX-CADCNY-1D,5.32852301
SP-008,FX-CADCNY-1M,5.33585602
SP-008,FX-CADCNY-3M,5.34964169
SP-008,FX-CADINR-1D,61.60179105
SP-008,FX-CADINR-1M,61.45614889
SP-008,FX-CADINR-3M,61.17379695
SP-008,FX-CADBRL-1D,3.69348847
SP-008,FX-CADBRL-1M,3.67196580
SP-008,FX-CADBRL-3M,3.62957669
SP-008,FX-AUDNZD-1D,1.08161823
SP-008,FX-AUDNZD-1M,1.08077077
SP-008,FX-AUDNZD-3M,1.07913417
SP-008,FX-AUDSEK-1D,6.95262857
SP-008,FX-AUDSEK-1M,6.96135503
SP-008,FX-AUDSEK-3M,6.97759570
SP-008,FX-AUDNOK-1D,7.02305122
SP-008,FX-AUDNOK-1M,7.02498677
SP-008,FX-AUDNOK-3M,7.02843508
SP-008,FX-AUDDKK-1D,4.55522341
SP-008,FX-AUDDKK-1M,4.56020572
SP-008,FX-AUDDKK-3M,4.56932120
SP-008,FX-AUDPLN-1D,2.63918475
SP-008,FX-AUDPLN-1M,2.63675700
SP-008,FX-AUDPLN-3M,2.63195174
SP-008,FX-AUDCZK-1D,15.34781815
SP-008,FX-AUDCZK-1M,15.34101651
SP-008,FX-AUDCZK-3M,15.32696035
SP-008,FX-AUDHUF-1D,235.51726251
SP-008,FX-AUDHUF-1M,235.01939203
SP-008,FX-AUDHUF-3M,234.04868069
SP-008,FX-AUDSGD-1D,0.89247728
SP-008,FX-AUDSGD-1M,0.89326531
SP-008,FX-AUDSGD-3M,0.89470839
SP-008,FX-AUDHKD-1D,5.16055490
SP-008,FX-AUDHKD-1M,5.16160805
SP-008,FX-AUDHKD-3M,5.16310580
SP-008,FX-AUDKRW-1D,892.55872763
SP-008,FX-AUDKRW-1M,893.36307287
SP-008,FX-AUDKRW-3M,894.74555772
SP-008,FX-AUDCNY-1D,4.75434141
SP-008,FX-AUDCNY-1M,4.76269777
SP-008,FX-AUDCNY-3M,4.77826078
SP-008,FX-AUDINR-1D,54.96381378
SP-008,FX-AUDINR-1M,54.85475279
SP-008,FX-AUDINR-3M,54.63998749
SP-008,FX-AUDBRL-1D,3.29549205
SP-008,FX-AUDBRL-1M,3.27753658
SP-008,FX-AUDBRL-3M,3.24191132
SP-008,FX-NZDSEK-1D,6.42798759
SP-008,FX-NZDSEK-1M,6.44110223
SP-008,FX-NZDSEK-3M,6.46592043
SP-008,FX-NZDNOK-1D,6.49309620
SP-008,FX-NZDNOK-1M,6.49997848
SP-008,FX-NZDNOK-3M,6.51303170
SP-008,FX-NZDDKK-1D,4.21148912
SP-008,FX-NZDDKK-1M,4.21940140
SP-008,FX-NZDDKK-3M,4.23424752
SP-008,FX-NZDPLN-1D,2.44003353
SP-008,FX-NZDPLN-1M,2.43970051
SP-008,FX-NZDPLN-3M,2.43894763
SP-008,FX-NZDCZK-1D,14.18968146
SP-008,FX-NZDCZK-1M,14.19451459
SP-008,FX-NZDCZK-3M,14.20301638
SP-008,FX-NZDHUF-1D,217.74527822
SP-008,FX-NZDHUF-1M,217.45535487
SP-008,FX-NZDHUF-3M,216.88561657
SP-008,FX-NZDSGD-1D,0.82513150
SP-008,FX-NZDSGD-1M,0.82650765
SP-008,FX-NZDSGD-3M,0.82909837
SP-008,FX-NZDHKD-1D,4.77114268
SP-008,FX-NZDHKD-1M,4.77585829
SP-008,FX-NZDHKD-3M,4.78448920
SP-008,FX-NZDKRW-1D,825.20680823
SP-008,FX-NZDKRW-1M,826.59810478
SP-008,FX-NZDKRW-3M,829.13281711
SP-008,FX-NZDCNY-1D,4.39558180
SP-008,FX-NZDCNY-1M,4.40676033
SP-008,FX-NZDCNY-3M,4.42786532
SP-008,FX-NZDINR-1D,50.81627901
SP-008,FX-NZDINR-1M,50.75521485
SP-008,FX-NZDINR-3M,50.63317315
SP-008,FX-NZDBRL-1D,3.04681629
SP-008,FX-NZDBRL-1M,3.03259180
SP-008,FX-NZDBRL-3M,3.00417817
SP-008,FX-SEKNOK-1D,1.01012892
SP-008,FX-SEKNOK-1M,1.00914071
SP-008,FX-SEKNOK-3M,1.00728609
SP-008,FX-SEKDKK-1D,0.65518003
SP-008,FX-SEKDKK-1M,0.65507444
SP-008,FX-SEKDKK-3M,0.65485611
SP-008,FX-SEKPLN-1D,0.37959525
SP-008,FX-SEKPLN-1M,0.37877065
SP-008,FX-SEKPLN-3M,0.37720038
SP-008,FX-SEKCZK-1D,2.20748426
SP-008,FX-SEKCZK-1M,2.20374000
SP-008,FX-SEKCZK-3M,2.19659622
SP-008,FX-SEKHUF-1D,33.87456417
SP-008,FX-SEKHUF-1M,33.76058122
SP-008,FX-SEKHUF-3M,33.54288363
SP-008,FX-SEKSGD-1D,0.12836545
SP-008,FX-SEKSGD-1M,0.12831774
SP-008,FX-SEKSGD-3M,0.12822589
SP-008,FX-SEKHKD-1D,0.74224516
SP-008,FX-SEKHKD-1M,0.74146600
SP-008,FX-SEKHKD-3M,0.73995485
SP-008,FX-SEKKRW-1D,128.37716256
SP-008,FX-SEKKRW-1M,128.33177860
SP-008,FX-SEKKRW-3M,128.23121254
SP-008,FX-SEKCNY-1D,0.68381927
SP-008,FX-SEKCNY-1M,0.68416246
SP-008,FX-SEKCNY-3M,0.68480046
SP-008,FX-SEKINR-1D,7.90547248
SP-008,FX-SEKINR-1M,7.87989587
SP-008,FX-SEKINR-3M,7.83077579
SP-008,FX-SEKBRL-1D,0.47399225
SP-008,FX-SEKBRL-1M,0.47081877
SP-008,FX-SEKBRL-3M,0.46461725
SP-008,FX-NOKDKK-1D,0.64861031
SP-008,FX-NOKDKK-1M,0.64914083
SP-008,FX-NOKDKK-3M,0.65011929
SP-008,FX-NOKPLN-1D,0.37578891
SP-008,FX-NOKPLN-1M,0.37533978
SP-008,FX-NOKPLN-3M,0.37447194
SP-008,FX-NOKCZK-1D,2.18534903
SP-008,FX-NOKCZK-1M,2.18377871
SP-008,FX-NOKCZK-3M,2.18070739
SP-008,FX-NOKHUF-1D,33.53489177
SP-008,FX-NOKHUF-1M,33.45478074
SP-008,FX-NOKHUF-3M,33.30025502
SP-008,FX-NOKSGD-1D,0.12707828
SP-008,FX-NOKSGD-1M,0.12715544
SP-008,FX-NOKSGD-3M,0.12729838
SP-008,FX-NOKHKD-1D,0.73480240
SP-008,FX-NOKHKD-1M,0.73474986
SP-008,FX-NOKHKD-3M,0.73460247
SP-008,FX-NOKKRW-1D,127.08987873
SP-008,FX-NOKKRW-1M,127.16936023
SP-008,FX-NOKKRW-3M,127.30366674
SP-008,FX-NOKCNY-1D,0.67696237
SP-008,FX-NOKCNY-1M,0.67796537
SP-008,FX-NOKCNY-3M,0.67984704
SP-008,FX-NOKINR-1D,7.82620147
SP-008,FX-NOKINR-1M,7.80852044
SP-008,FX-NOKINR-3M,7.77413277
SP-008,FX-NOKBRL-1D,0.46923936
SP-008,FX-NOKBRL-1M,0.46655413
SP-008,FX-NOKBRL-3M,0.46125649
SP-008,FX-DKKPLN-1D,0.57937548
SP-008,FX-DKKPLN-1M,0.57821010
SP-008,FX-DKKPLN-3M,0.57600497
SP-008,FX-DKKCZK-1D,3.36927890
SP-008,FX-DKKCZK-1M,3.36410624
SP-008,FX-DKKCZK-3M,3.35431887
SP-008,FX-DKKHUF-1D,51.70268087
SP-008,FX-DKKHUF-1M,51.53701536
SP-008,FX-DKKHUF-3M,51.22176146
SP-008,FX-DKKSGD-1D,0.19592393
SP-008,FX-DKKSGD-1M,0.19588268
SP-008,FX-DKKSGD-3M,0.19580773
SP-008,FX-DKKHKD-1D,1.13288733
SP-008,FX-DKKHKD-1M,1.13188053
SP-008,FX-DKKHKD-3M,1.12995029
SP-008,FX-DKKKRW-1D,195.94181150
SP-008,FX-DKKKRW-1M,195.90411674
SP-008,FX-DKKKRW-3M,195.81585929
SP-008,FX-DKKCNY-1D,1.04371202
SP-008,FX-DKKCNY-1M,1.04440415
SP-008,FX-DKKCNY-3M,1.04572661
SP-008,FX-DKKINR-1D,12.06610714
SP-008,FX-DKKINR-1M,12.02900839
SP-008,FX-DKKINR-3M,11.95800975
SP-008,FX-DKKBRL-1D,0.72345344
SP-008,FX-DKKBRL-1M,0.71872560
SP-008,FX-DKKBRL-3M,0.70949517
SP-008,FX-PLNCZK-1D,5.81536330
SP-008,FX-PLNCZK-1M,5.81813815
SP-008,FX-PLNCZK-3M,5.82341999
SP-008,FX-PLNHUF-1D,89.23864166
SP-008,FX-PLNHUF-1M,89.13198746
SP-008,FX-PLNHUF-3M,88.92590142
SP-008,FX-PLNSGD-1D,0.33816400
SP-008,FX-PLNSGD-1M,0.33877423
SP-008,FX-PLNSGD-3M,0.33994103
SP-008,FX-PLNHKD-1D,1.95535947
SP-008,FX-PLNHKD-1M,1.95755925
SP-008,FX-PLNHKD-3M,1.96170231
SP-008,FX-PLNKRW-1D,338.19486354
SP-008,FX-PLNKRW-1M,338.81130200
SP-008,FX-PLNKRW-3M,339.95515391
SP-008,FX-PLNCNY-1D,1.80144319
SP-008,FX-PLNCNY-1M,1.80627102
SP-008,FX-PLNCNY-3M,1.81548192
SP-008,FX-PLNINR-1D,20.82605763
SP-008,FX-PLNINR-1M,20.80387110
SP-008,FX-PLNINR-3M,20.76025435
SP-008,FX-PLNBRL-1D,1.24867804
SP-008,FX-PLNBRL-1M,1.24301806
SP-008,FX-PLNBRL-3M,1.23175181
SP-008,FX-CZKHUF-1D,15.34532532
SP-008,FX-CZKHUF-1M,15.31967532
SP-008,FX-CZKHUF-3M,15.27039121
SP-008,FX-CZKSGD-1D,0.05815011
SP-008,FX-CZKSGD-1M,0.05822726
SP-008,FX-CZKSGD-3M,0.05837481
SP-008,FX-CZKHKD-1D,0.33624029
SP-008,FX-CZKHKD-1M,0.33645802
SP-008,FX-CZKHKD-3M,0.33686430
SP-008,FX-CZKKRW-1D,58.15541460
SP-008,FX-CZKKRW-1M,58.23362959
SP-008,FX-CZKKRW-3M,58.37723443
SP-008,FX-CZKCNY-1D,0.30977311
SP-008,FX-CZKCNY-1M,0.31045516
SP-008,FX-CZKCNY-3M,0.31175528
SP-008,FX-CZKINR-1D,3.58121351
SP-008,FX-CZKINR-1M,3.57569218
SP-008,FX-CZKINR-3M,3.56495915
SP-008,FX-CZKBRL-1D,0.21472056
SP-008,FX-CZKBRL-1M,0.21364533
SP-008,FX-CZKBRL-3M,0.21151691
SP-008,FX-HUFSGD-1D,0.00378943
SP-008,FX-HUFSGD-1M,0.00380082
SP-008,FX-HUFSGD-3M,0.00382274
SP-008,FX-HUFHKD-1D,0.02191158
SP-008,FX-HUFHKD-1M,0.02196248
SP-008,FX-HUFHKD-3M,0.02205997
SP-008,FX-HUFKRW-1D,3.78978049
SP-008,FX-HUFKRW-1M,3.80123132
SP-008,FX-HUFKRW-3M,3.82290366
SP-008,FX-HUFCNY-1D,0.02018681
SP-008,FX-HUFCNY-1M,0.02026513
SP-008,FX-HUFCNY-3M,0.02041567
SP-008,FX-HUFINR-1D,0.23337488
SP-008,FX-HUFINR-1M,0.23340522
SP-008,FX-HUFINR-3M,0.23345565
SP-008,FX-HUFBRL-1D,0.01399257
SP-008,FX-HUFBRL-1M,0.01394581
SP-008,FX-HUFBRL-3M,0.01385144
SP-008,FX-SGDHKD-1D,5.78228157
SP-008,FX-SGDHKD-1M,5.77835945
SP-008,FX-SGDHKD-3M,5.77071352
SP-008,FX-SGDKRW-1D,1000.09126544
SP-008,FX-SGDKRW-1M,1000.10944366
SP-008,FX-SGDKRW-3M,1000.04154186
SP-008,FX-SGDCNY-1D,5.32712882
SP-008,FX-SGDCNY-1M,5.33178408
SP-008,FX-SGDCNY-3M,5.34057894
SP-008,FX-SGDINR-1D,61.58567316
SP-008,FX-SGDINR-1M,61.40925002
SP-008,FX-SGDINR-3M,61.07016331
SP-008,FX-SGDBRL-1D,3.69252208
SP-008,FX-SGDBRL-1M,3.66916362
SP-008,FX-SGDBRL-3M,3.62342788
SP-008,FX-HKDKRW-1D,172.95789786
SP-008,FX-HKDKRW-1M,173.07844065
SP-008,FX-HKDKRW-3M,173.29599508
SP-008,FX-HKDCNY-1D,0.92128492
SP-008,FX-HKDCNY-1M,0.92271589
SP-008,FX-HKDCNY-3M,0.92546250
SP-008,FX-HKDINR-1D,10.65075652
SP-008,FX-HKDINR-1M,10.62745413
SP-008,FX-HKDINR-3M,10.58277509
SP-008,FX-HKDBRL-1D,0.63859258
SP-008,FX-HKDBRL-1M,0.63498362
SP-008,FX-HKDBRL-3M,0.62789946
SP-008,FX-KRWCNY-1D,0.00532664
SP-008,FX-KRWCNY-1M,0.00533120
SP-008,FX-KRWCNY-3M,0.00534036
SP-008,FX-KRWINR-1D,0.06158005
SP-008,FX-KRWINR-1M,0.06140253
SP-008,FX-KRWINR-3M,0.06106763
SP-008,FX-KRWBRL-1D,0.00369219
SP-008,FX-KRWBRL-1M,0.00366876
SP-008,FX-KRWBRL-3M,0.00362328
SP-008,FX-CNYINR-1D,11.56076289
SP-008,FX-CNYINR-1M,11.51758005
SP-008,FX-CNYINR-3M,11.43512043
SP-008,FX-CNYBRL-1D,0.69315427
SP-008,FX-CNYBRL-1M,0.68816808
SP-008,FX-CNYBRL-3M,0.67847099
SP-008,FX-INRBRL-1D,0.05995749
SP-008,FX-INRBRL-1M,0.05974936
SP-008,FX-INRBRL-3M,0.05933221
SP-008,OPTION-EQA-030D-K050,44.19095296
SP-008,OPTION-EQA-030D-K060,35.35276237
SP-008,OPTION-EQA-030D-K070,26.51457178
SP-008,OPTION-EQA-030D-K080,17.67638821
SP-008,OPTION-EQA-030D-K090,8.87170559
SP-008,OPTION-EQA-030D-K100,1.82616009
SP-008,OPTION-EQA-030D-K110,0.06193976
SP-008,OPTION-EQA-030D-K120,0.00027238
SP-008,OPTION-EQA-030D-K130,0.00000020
SP-008,OPTION-EQA-030D-K140,0.00000000
SP-008,OPTION-EQA-030D-K150,0.00000000
SP-008,OPTION-EQA-090D-K050,44.19095296
SP-008,OPTION-EQA-090D-K060,35.35276238
SP-008,OPTION-EQA-090D-K070,26.51462972
SP-008,OPTION-EQA-090D-K080,17.69186215
SP-008,OPTION-EQA-090D-K090,9.29122435
SP-008,OPTION-EQA-090D-K100,3.18175871
SP-008,OPTION-EQA-090D-K110,0.62601691
SP-008,OPTION-EQA-090D-K120,0.07052489
SP-008,OPTION-EQA-090D-K130,0.00485552
SP-008,OPTION-EQA-090D-K140,0.00022197
SP-008,OPTION-EQA-090D-K150,0.00000729
SP-008,OPTION-EQA-180D-K050,44.19095301
SP-008,OPTION-EQA-180D-K060,35.35283233
SP-008,OPTION-EQA-180D-K070,26.52242825
SP-008,OPTION-EQA-180D-K080,17.84652795
SP-008,OPTION-EQA-180D-K090,10.08975092
SP-008,OPTION-EQA-180D-K100,4.53365560
SP-008,OPTION-EQA-180D-K110,1.58846594
SP-008,OPTION-EQA-180D-K120,0.44024221
SP-008,OPTION-EQA-180D-K130,0.09944534
SP-008,OPTION-EQA-180D-K140,0.01893670
SP-008,OPTION-EQA-180D-K150,0.00313764
SP-008,OPTION-EQA-360D-K050,44.19117578
SP-008,OPTION-EQA-360D-K060,35.36310356
SP-008,OPTION-EQA-360D-K070,26.65038037
SP-008,OPTION-EQA-360D-K080,18.47065244
SP-008,OPTION-EQA-360D-K090,11.55669553
SP-008,OPTION-EQA-360D-K100,6.48656998
SP-008,OPTION-EQA-360D-K110,3.28146841
SP-008,OPTION-EQA-360D-K120,1.51378464
SP-008,OPTION-EQA-360D-K130,0.64561154
SP-008,OPTION-EQA-360D-K140,0.25805723
SP-008,OPTION-EQA-360D-K150,0.09787173
SP-008,OPTION-EQA-720D-K050,44.21357339
SP-008,OPTION-EQA-720D-K060,35.53699033
SP-008,OPTION-EQA-720D-K070,27.31595118
SP-008,OPTION-EQA-720D-K080,19.99866646
SP-008,OPTION-EQA-720D-K090,13.95451172
SP-008,OPTION-EQA-720D-K100,9.31862211
SP-008,OPTION-EQA-720D-K110,5.98925107
SP-008,OPTION-EQA-720D-K120,3.72860838
SP-008,OPTION-EQA-720D-K130,2.26165425
SP-008,OPTION-EQA-720D-K140,1.34370426
SP-008,OPTION-EQA-720D-K150,0.78550962
SP-008,OPTION-EQB-030D-K050,45.69746272
SP-008,OPTION-EQB-030D-K060,36.55797018
SP-008,OPTION-EQB-030D-K070,27.41847763
SP-008,OPTION-EQB-030D-K080,18.27900686
SP-008,OPTION-EQB-030D-K090,9.18810760
SP-008,OPTION-EQB-030D-K100,1.99290983
SP-008,OPTION-EQB-030D-K110,0.08611972
SP-008,OPTION-EQB-030D-K120,0.00061161
SP-008,OPTION-EQB-030D-K130,0.00000089
SP-008,OPTION-EQB-030D-K140,0.00000000
SP-008,OPTION-EQB-030D-K150,0.00000000
SP-008,OPTION-EQB-090D-K050,45.69746272
SP-008,OPTION-EQB-090D-K060,36.55797022
SP-008,OPTION-EQB-090D-K070,27.41863115
SP-008,OPTION-EQB-090D-K080,18.30392857
SP-008,OPTION-EQB-090D-K090,9.69790195
SP-008,OPTION-EQB-090D-K100,3.47108669
SP-008,OPTION-EQB-090D-K110,0.75922831
SP-008,OPTION-EQB-090D-K120,0.10169152
SP-008,OPTION-EQB-090D-K130,0.00883608
SP-008,OPTION-EQB-090D-K140,0.00053542
SP-008,OPTION-EQB-090D-K150,0.00002423
SP-008,OPTION-EQB-180D-K050,45.69746297
SP-008,OPTION-EQB-180D-K060,36.55815579
SP-008,OPTION-EQB-180D-K070,27.43219076
SP-008,OPTION-EQB-180D-K080,18.50978542
SP-008,OPTION-EQB-180D-K090,10.61005696
SP-008,OPTION-EQB-180D-K100,4.94370177
SP-008,OPTION-EQB-180D-K110,1.84922584
SP-008,OPTION-EQB-180D-K120,0.56342384
SP-008,OPTION-EQB-180D-K130,0.14360581
SP-008,OPTION-EQB-180D-K140,0.03153588
SP-008,OPTION-EQB-180D-K150,0.00613344
SP-008,OPTION-EQB-360D-K050,45.69800197
SP-008,OPTION-EQB-360D-K060,36.57591888
SP-008,OPTION-EQB-360D-K070,27.60977114
SP-008,OPTION-EQB-360D-K080,19.26097871
SP-008,OPTION-EQB-360D-K090,12.24348146
SP-008,OPTION-EQB-360D-K100,7.06819339
SP-008,OPTION-EQB-360D-K110,3.72635613
SP-008,OPTION-EQB-360D-K120,1.81366549
SP-008,OPTION-EQB-360D-K130,0.82495873
SP-008,OPTION-EQB-360D-K140,0.35488846
SP-008,OPTION-EQB-360D-K150,0.14594554
SP-008,OPTION-EQB-720D-K050,45.73473775
SP-008,OPTION-EQB-720D-K060,36.81566594
SP-008,OPTION-EQB-720D-K070,28.42663055
SP-008,OPTION-EQB-720D-K080,21.00445906
SP-008,OPTION-EQB-720D-K090,14.87676557
SP-008,OPTION-EQB-720D-K100,10.14368154
SP-008,OPTION-EQB-720D-K110,6.69389835
SP-008,OPTION-EQB-720D-K120,4.29979928
SP-008,OPTION-EQB-720D-K130,2.70235232
SP-008,OPTION-EQB-720D-K140,1.66935748
SP-008,OPTION-EQB-720D-K150,1.01758025
SP-008,OPTION-EQC-030D-K050,47.20397248
SP-008,OPTION-EQC-030D-K060,37.76317798
SP-008,OPTION-EQC-030D-K070,28.32238349
SP-008,OPTION-EQC-030D-K080,18.88164722
SP-008,OPTION-EQC-030D-K090,9.50853632
SP-008,OPTION-EQC-030D-K100,2.16654508
SP-008,OPTION-EQC-030D-K110,0.11569577
SP-008,OPTION-EQC-030D-K120,0.00124046
SP-008,OPTION-EQC-030D-K130,0.00000324
SP-008,OPTION-EQC-030D-K140,0.00000000
SP-008,OPTION-EQC-030D-K150,0.00000000
SP-008,OPTION-EQC-090D-K050,47.20397248
SP-008,OPTION-EQC-090D-K060,37.76317821
SP-008,OPTION-EQC-090D-K070,28.32274237
SP-008,OPTION-EQC-090D-K080,18.91964534
SP-008,OPTION-EQC-090D-K090,10.11663890
SP-008,OPTION-EQC-090D-K100,3.77231735
SP-008,OPTION-EQC-090D-K110,0.90600650
SP-008,OPTION-EQC-090D-K120,0.14099921
SP-008,OPTION-EQC-090D-K130,0.01496994
SP-008,OPTION-EQC-090D-K140,0.00115534
SP-008,OPTION-EQC-090D-K150,0.00006884
SP-008,OPTION-EQC-180D-K050,47.20397352
SP-008,OPTION-EQC-180D-K060,37.76361274
SP-008,OPTION-EQC-180D-K070,28.34480404
SP-008,OPTION-EQC-180D-K080,19.18518210
SP-008,OPTION-EQC-180D-K090,11.14773802
SP-008,OPTION-EQC-180D-K100,5.37053056
SP-008,OPTION-EQC-180D-K110,2.12908548
SP-008,OPTION-EQC-180D-K120,0.70465261
SP-008,OPTION-EQC-180D-K130,0.19941150
SP-008,OPTION-EQC-180D-K140,0.04952108
SP-008,OPTION-EQC-180D-K150,0.01105566
SP-008,OPTION-EQC-360D-K050,47.20514101
SP-008,OPTION-EQC-360D-K060,37.79239749
SP-008,OPTION-EQC-360D-K070,28.58241604
SP-008,OPTION-EQC-360D-K080,20.07345376
SP-008,OPTION-EQC-360D-K090,12.95403172
SP-008,OPTION-EQC-360D-K100,7.67340593
SP-008,OPTION-EQC-360D-K110,4.19730733
SP-008,OPTION-EQC-360D-K120,2.14162532
SP-008,OPTION-EQC-360D-K130,1.03048965
SP-008,OPTION-EQC-360D-K140,0.47253108
SP-008,OPTION-EQC-360D-K150,0.20843551
SP-008,OPTION-EQC-720D-K050,47.26203498
SP-008,OPTION-EQC-720D-K060,38.11148680
SP-008,OPTION-EQC-720D-K070,29.56489003
SP-008,OPTION-EQC-720D-K080,22.04226150
SP-008,OPTION-EQC-720D-K090,15.83133696
SP-008,OPTION-EQC-720D-K100,11.00168119
SP-008,OPTION-EQC-720D-K110,7.43408192
SP-008,OPTION-EQC-720D-K120,4.90977466
SP-008,OPTION-EQC-720D-K130,3.18370933
SP-008,OPTION-EQC-720D-K140,2.03505394
SP-008,OPTION-EQC-720D-K150,1.28664471
SP-008,OPTION-EQD-030D-K050,48.71048224
SP-008,OPTION-EQD-030D-K060,38.96838579
SP-008,OPTION-EQD-030D-K070,29.22628935
SP-008,OPTION-EQD-030D-K080,19.48433075
SP-008,OPTION-EQD-030D-K090,9.83337881
SP-008,OPTION-EQD-030D-K100,2.34706521
SP-008,OPTION-EQD-030D-K110,0.15102325
SP-008,OPTION-EQD-030D-K120,0.00231361
SP-008,OPTION-EQD-030D-K130,0.00001001
SP-008,OPTION-EQD-030D-K140,0.00000002
SP-008,OPTION-EQD-030D-K150,0.00000000
SP-008,OPTION-EQD-090D-K050,48.71048224
SP-008,OPTION-EQD-090D-K060,38.96838667
SP-008,OPTION-EQD-090D-K070,29.22704633
SP-008,OPTION-EQD-090D-K080,19.53968373
SP-008,OPTION-EQD-090D-K090,10.54745605
SP-008,OPTION-EQD-090D-K100,4.08544739
SP-008,OPTION-EQD-090D-K110,1.06630944
SP-008,OPTION-EQD-090D-K120,0.18920590
SP-008,OPTION-EQD-090D-K130,0.02390410
SP-008,OPTION-EQD-090D-K140,0.00227438
SP-008,OPTION-EQD-090D-K150,0.00017186
SP-008,OPTION-EQD-180D-K050,48.71048588
SP-008,OPTION-EQD-180D-K060,38.96930487
SP-008,OPTION-EQD-180D-K070,29.26101132
SP-008,OPTION-EQD-180D-K080,19.87334485
SP-008,OPTION-EQD-180D-K090,11.70265020
SP-008,OPTION-EQD-180D-K100,5.81413261
SP-008,OPTION-EQD-180D-K110,2.42787965
SP-008,OPTION-EQD-180D-K120,0.86426076
SP-008,OPTION-EQD-180D-K130,0.26797822
SP-008,OPTION-EQD-180D-K140,0.07405854
SP-008,OPTION-EQD-180D-K150,0.01863460
SP-008,OPTION-EQD-360D-K050,48.71279354
SP-008,OPTION-EQD-360D-K060,39.01348723
SP-008,OPTION-EQD-360D-K070,29.56936629
SP-008,OPTION-EQD-360D-K080,20.90816993
SP-008,OPTION-EQD-360D-K090,13.68815751
SP-008,OPTION-EQD-360D-K100,8.30218107
SP-008,OPTION-EQD-360D-K110,4.69413271
SP-008,OPTION-EQD-360D-K120,2.49751967
SP-008,OPTION-EQD-360D-K130,1.26269928
SP-008,OPTION-EQD-360D-K140,0.61229480
SP-008,OPTION-EQD-360D-K150,0.28712142
SP-008,OPTION-EQD-720D-K050,48.79677514
SP-008,OPTION-EQD-720D-K060,39.42577233
SP-008,OPTION-EQD-720D-K070,30.73107388
SP-008,OPTION-EQD-720D-K080,23.11179931
SP-008,OPTION-EQD-720D-K090,16.81802054
SP-008,OPTION-EQD-720D-K100,11.89254580
SP-008,OPTION-EQD-720D-K110,8.20959708
SP-008,OPTION-EQD-720D-K120,5.55817319
SP-008,OPTION-EQD-720D-K130,3.70550092
SP-008,OPTION-EQD-720D-K140,2.44108203
SP-008,OPTION-EQD-720D-K150,1.59373180
SP-008,OPTION-EQE-030D-K050,50.21699200
SP-008,OPTION-EQE-030D-K060,40.17359360
SP-008,OPTION-EQE-030D-K070,30.13019521
SP-008,OPTION-EQE-030D-K080,20.08709185
SP-008,OPTION-EQE-030D-K090,10.16297451
SP-008,OPTION-EQE-030D-K100,2.53446954
SP-008,OPTION-EQE-030D-K110,0.19240082
SP-008,OPTION-EQE-030D-K120,0.00402450
SP-008,OPTION-EQE-030D-K130,0.00002699
SP-008,OPTION-EQE-030D-K140,0.00000007
SP-008,OPTION-EQE-030D-K150,0.00000000
SP-008,OPTION-EQE-090D-K050,50.21699200
SP-008,OPTION-EQE-090D-K060,40.17359651
SP-008,OPTION-EQE-090D-K070,30.13166112
SP-008,OPTION-EQE-090D-K080,20.16469052
SP-008,OPTION-EQE-090D-K090,10.99035146
SP-008,OPTION-EQE-090D-K100,4.41047337
SP-008,OPTION-EQE-090D-K110,1.24008462
SP-008,OPTION-EQE-090D-K120,0.24697485
SP-008,OPTION-EQE-090D-K130,0.03632692
SP-008,OPTION-EQE-090D-K140,0.00414803
SP-008,OPTION-EQE-090D-K150,0.00038546
SP-008,OPTION-EQE-180D-K050,50.21700293
SP-008,OPTION-EQE-180D-K060,40.17537762
SP-008,OPTION-EQE-180D-K070,30.18157942
SP-008,OPTION-EQE-180D-K080,20.57478876
SP-008,OPTION-EQE-180D-K090,12.27466177
SP-008,OPTION-EQE-180D-K100,6.27449816
SP-008,OPTION-EQE-180D-K110,2.74546108
SP-008,OPTION-EQE-180D-K120,1.04249037
SP-008,OPTION-EQE-180D-K130,0.35028747
SP-008,OPTION-EQE-180D-K140,0.10630791
SP-008,OPTION-EQE-180D-K150,0.02969568
SP-008,OPTION-EQE-360D-K050,50.22122852
SP-008,OPTION-EQE-360D-K060,40.24016669
SP-008,OPTION-EQE-360D-K070,30.57152809
SP-008,OPTION-EQE-360D-K080,21.76516510
SP-008,OPTION-EQE-360D-K090,14.44569299
SP-008,OPTION-EQE-360D-K100,8.95449108
SP-008,OPTION-EQE-360D-K110,5.21666656
SP-008,OPTION-EQE-360D-K120,2.88119410
SP-008,OPTION-EQE-360D-K130,1.52194978
SP-008,OPTION-EQE-360D-K140,0.77528127
SP-008,OPTION-EQE-360D-K150,0.38362436
SP-008,OPTION-EQE-720D-K050,50.34026348
SP-008,OPTION-EQE-720D-K060,40.75965821
SP-008,OPTION-EQE-720D-K070,31.92541253
SP-008,OPTION-EQE-720D-K080,24.21281022
SP-008,OPTION-EQE-720D-K090,17.83662962
SP-008,OPTION-EQE-720D-K100,12.81619699
SP-008,OPTION-EQE-720D-K110,9.02025649
SP-008,OPTION-EQE-720D-K120,6.24466472
SP-008,OPTION-EQE-720D-K130,4.26748326
SP-008,OPTION-EQE-720D-K140,2.88760315
SP-008,OPTION-EQE-720D-K150,1.93963252
SP-008,OPTION-EQF-030D-K050,51.72350176
SP-008,OPTION-EQF-030D-K060,41.37880141
SP-008,OPTION-EQF-030D-K070,31.03410109
SP-008,OPTION-EQF-030D-K080,20.68998103
SP-008,OPTION-EQF-030D-K090,10.49761777
SP-008,OPTION-EQF-030D-K100,2.72875739
SP-008,OPTION-EQF-030D-K110,0.24007743
SP-008,OPTION-EQF-030D-K120,0.00660234
SP-008,OPTION-EQF-030D-K130,0.00006501
SP-008,OPTION-EQF-030D-K140,0.00000028
SP-008,OPTION-EQF-030D-K150,0.00000000
SP-008,OPTION-EQF-090D-K050,51.72350176
SP-008,OPTION-EQF-090D-K060,41.37880984
SP-008,OPTION-EQF-090D-K070,31.03674344
SP-008,OPTION-EQF-090D-K080,20.79527597
SP-008,OPTION-EQF-090D-K090,11.44530792
SP-008,OPTION-EQF-090D-K100,4.74739169
SP-008,OPTION-EQF-090D-K110,1.42727419
SP-008,OPTION-EQF-090D-K120,0.31488022
SP-008,OPTION-EQF-090D-K130,0.05294692
SP-008,OPTION-EQF-090D-K140,0.00709510
SP-008,OPTION-EQF-090D-K150,0.00079028
SP-008,OPTION-EQF-180D-K050,51.72353073
SP-008,OPTION-EQF-180D-K060,41.38202498
SP-008,OPTION-EQF-180D-K070,31.10727691
SP-008,OPTION-EQF-180D-K080,21.28993382
SP-008,OPTION-EQF-180D-K090,12.86365284
SP-008,OPTION-EQF-180D-K100,6.75161701
SP-008,OPTION-EQF-180D-K110,3.08169843
SP-008,OPTION-EQF-180D-K120,1.23951388
SP-008,OPTION-EQF-180D-K130,0.44719298
SP-008,OPTION-EQF-180D-K140,0.14739449
SP-008,OPTION-EQF-180D-K150,0.04513501
SP-008,OPTION-EQF-360D-K050,51.73078511
SP-008,OPTION-EQF-360D-K060,41.47341761
SP-008,OPTION-EQF-360D-K070,31.58967486
SP-008,OPTION-EQF-360D-K080,22.64443828
SP-008,OPTION-EQF-360D-K090,15.22649127
SP-008,OPTION-EQF-360D-K100,9.63030712
SP-008,OPTION-EQF-360D-K110,5.76476231
SP-008,OPTION-EQF-360D-K120,3.29249111
SP-008,OPTION-EQF-360D-K130,1.80849973
SP-008,OPTION-EQF-360D-K140,0.96240910
SP-008,OPTION-EQF-360D-K150,0.49939966
SP-008,OPTION-EQF-720D-K050,51.89376947
SP-008,OPTION-EQF-720D-K060,42.11411155
SP-008,OPTION-EQF-720D-K070,33.14804881
SP-008,OPTION-EQF-720D-K080,25.34504494
SP-008,OPTION-EQF-720D-K090,18.88699209
SP-008,OPTION-EQF-720D-K100,13.77255322
SP-008,OPTION-EQF-720D-K110,9.86588614
SP-008,OPTION-EQF-720D-K120,6.96894594
SP-008,OPTION-EQF-720D-K130,4.86940317
SP-008,OPTION-EQF-720D-K140,3.37468353
SP-008,OPTION-EQF-720D-K150,2.32494481
SP-008,OPTION-EQG-030D-K050,53.23001152
SP-008,OPTION-EQG-030D-K060,42.58400922
SP-008,OPTION-EQG-030D-K070,31.93800704
SP-008,OPTION-EQG-030D-K080,21.29306750
SP-008,OPTION-EQG-030D-K090,10.83756169
SP-008,OPTION-EQG-030D-K100,2.92992805
SP-008,OPTION-EQG-030D-K110,0.29425932
SP-008,OPTION-EQG-030D-K120,0.01030703
SP-008,OPTION-EQG-030D-K130,0.00014228
SP-008,OPTION-EQG-030D-K140,0.00000091
SP-008,OPTION-EQG-030D-K150,0.00000000
SP-008,OPTION-EQG-090D-K050,53.23001153
SP-008,OPTION-EQG-090D-K060,42.58403092
SP-008,OPTION-EQG-090D-K070,31.94248963
SP-008,OPTION-EQG-090D-K080,21.43200642
SP-008,OPTION-EQG-090D-K090,11.91229833
SP-008,OPTION-EQG-090D-K100,5.09619861
SP-008,OPTION-EQG-090D-K110,1.62781823
SP-008,OPTION-EQG-090D-K120,0.39341484
SP-008,OPTION-EQG-090D-K130,0.07447440
SP-008,OPTION-EQG-090D-K140,0.01149401
SP-008,OPTION-EQG-090D-K150,0.00150188
SP-008,OPTION-EQG-180D-K050,53.23008052
SP-008,OPTION-EQG-180D-K060,42.58949110
SP-008,OPTION-EQG-180D-K070,32.03885650
SP-008,OPTION-EQG-180D-K080,22.01912015
SP-008,OPTION-EQG-180D-K090,13.46951444
SP-008,OPTION-EQG-180D-K100,7.24547859
SP-008,OPTION-EQG-180D-K110,3.43647430
SP-008,OPTION-EQG-180D-K120,1.45545022
SP-008,OPTION-EQG-180D-K130,0.55943083
SP-008,OPTION-EQG-180D-K140,0.19838930
SP-008,OPTION-EQG-180D-K150,0.06589435
SP-008,OPTION-EQG-360D-K050,53.24186995
SP-008,OPTION-EQG-360D-K060,42.71420255
SP-008,OPTION-EQG-360D-K070,32.62446136
SP-008,OPTION-EQG-360D-K080,23.54596094
SP-008,OPTION-EQG-360D-K090,16.03042108
SP-008,OPTION-EQG-360D-K100,10.32959922
SP-008,OPTION-EQG-360D-K110,6.33828904
SP-008,OPTION-EQG-360D-K120,3.73125438
SP-008,OPTION-EQG-360D-K130,2.12252730
SP-008,OPTION-EQG-360D-K140,1.17443861
SP-008,OPTION-EQG-360D-K150,0.63573915
SP-008,OPTION-EQG-720D-K050,53.45850401
SP-008,OPTION-EQG-720D-K060,43.48994840
SP-008,OPTION-EQG-720D-K070,34.39905833
SP-008,OPTION-EQG-720D-K080,26.50826709
SP-008,OPTION-EQG-720D-K090,19.96894712
SP-008,OPTION-EQG-720D-K100,14.76152987
SP-008,OPTION-EQG-720D-K110,10.74632225
SP-008,OPTION-EQG-720D-K120,7.73073632
SP-008,OPTION-EQG-720D-K130,5.51100456
SP-008,OPTION-EQG-720D-K140,3.90231834
SP-008,OPTION-EQG-720D-K150,2.75011070
SP-008,OPTION-EQH-030D-K050,54.73652128
SP-008,OPTION-EQH-030D-K060,43.78921702
SP-008,OPTION-EQH-030D-K070,32.84191319
SP-008,OPTION-EQH-030D-K080,21.89644063
SP-008,OPTION-EQH-030D-K090,11.18302249
SP-008,OPTION-EQH-030D-K100,3.13798076
SP-008,OPTION-EQH-030D-K110,0.35511645
SP-008,OPTION-EQH-030D-K120,0.01542294
SP-008,OPTION-EQH-030D-K130,0.00028714
SP-008,OPTION-EQH-030D-K140,0.00000266
SP-008,OPTION-EQH-030D-K150,0.00000001
SP-008,OPTION-EQH-090D-K050,54.73652130
SP-008,OPTION-EQH-090D-K060,43.78926760
SP-008,OPTION-EQH-090D-K070,32.84913429
SP-008,OPTION-EQH-090D-K080,22.07540069
SP-008,OPTION-EQH-090D-K090,12.39128941
SP-008,OPTION-EQH-090D-K100,5.45689026
SP-008,OPTION-EQH-090D-K110,1.84165699
SP-008,OPTION-EQH-090D-K120,0.48299902
SP-008,OPTION-EQH-090D-K130,0.10160643
SP-008,OPTION-EQH-090D-K140,0.01777595
SP-008,OPTION-EQH-090D-K150,0.00267571
SP-008,OPTION-EQH-180D-K050,54.73667145
SP-008,OPTION-EQH-180D-K060,43.79806902
SP-008,OPTION-EQH-180D-K070,32.97704177
SP-008,OPTION-EQH-180D-K080,22.76262150
SP-008,OPTION-EQH-180D-K090,14.09214760
SP-008,OPTION-EQH-180D-K100,7.75607190
SP-008,OPTION-EQH-180D-K110,3.80968347
SP-008,OPTION-EQH-180D-K120,1.69037743
SP-008,OPTION-EQH-180D-K130,0.68763131
SP-008,OPTION-EQH-180D-K140,0.26029608
SP-008,OPTION-EQH-180D-K150,0.09293764
SP-008,OPTION-EQH-360D-K050,54.75495088
SP-008,OPTION-EQH-360D-K060,43.96344791
SP-008,OPTION-EQH-360D-K070,33.67643813
SP-008,OPTION-EQH-360D-K080,24.46968535
SP-008,OPTION-EQH-360D-K090,16.85736402
SP-008,OPTION-EQH-360D-K100,11.05233625
SP-008,OPTION-EQH-360D-K110,6.93712856
SP-008,OPTION-EQH-360D-K120,4.19733137
SP-008,OPTION-EQH-360D-K130,2.46414838
SP-008,OPTION-EQH-360D-K140,1.41199487
SP-008,OPTION-EQH-360D-K150,0.79377911
SP-008,OPTION-EQH-720D-K050,55.03560407
SP-008,OPTION-EQH-720D-K060,44.88785160
SP-008,OPTION-EQH-720D-K070,35.67846517
SP-008,OPTION-EQH-720D-K080,27.70225238
SP-008,OPTION-EQH-720D-K090,21.08234267
SP-008,OPTION-EQH-720D-K100,15.78303921
SP-008,OPTION-EQH-720D-K110,11.66140884
SP-008,OPTION-EQH-720D-K120,8.52977470
SP-008,OPTION-EQH-720D-K130,6.19203250
SP-008,OPTION-EQH-720D-K140,4.47044973
SP-008,OPTION-EQH-720D-K150,3.21544671
SP-008,OPTION-EQI-030D-K050,56.24303104
SP-008,OPTION-EQI-030D-K060,44.99442483
SP-008,OPTION-EQI-030D-K070,33.74581984
SP-008,OPTION-EQI-030D-K080,22.50021042
SP-008,OPTION-EQI-030D-K090,11.53418391
SP-008,OPTION-EQI-030D-K100,3.35291475
SP-008,OPTION-EQI-030D-K110,0.42278827
SP-008,OPTION-EQI-030D-K120,0.02225221
SP-008,OPTION-EQI-030D-K130,0.00054062
SP-008,OPTION-EQI-030D-K140,0.00000693
SP-008,OPTION-EQI-030D-K150,0.00000005
SP-008,OPTION-EQI-090D-K050,56.24303112
SP-008,OPTION-EQI-090D-K060,44.99453306
SP-008,OPTION-EQI-090D-K070,33.75694696
SP-008,OPTION-EQI-090D-K080,22.72592923
SP-008,OPTION-EQI-090D-K090,12.88224432
SP-008,OPTION-EQI-090D-K100,5.82946260
SP-008,OPTION-EQI-090D-K110,2.06873219
SP-008,OPTION-EQI-090D-K120,0.58398940
SP-008,OPTION-EQI-090D-K130,0.13501543
SP-008,OPTION-EQI-090D-K140,0.02641592
SP-008,OPTION-EQI-090D-K150,0.00451015
SP-008,OPTION-EQI-180D-K050,56.24333353
SP-008,OPTION-EQI-180D-K060,45.00809684
SP-008,OPTION-EQI-180D-K070,33.92251797
SP-008,OPTION-EQI-180D-K080,23.52065672
SP-008,OPTION-EQI-180D-K090,14.73146234
SP-008,OPTION-EQI-180D-K100,8.28338552
SP-008,OPTION-EQI-180D-K110,4.20123129
SP-008,OPTION-EQI-180D-K120,1.94434237
SP-008,OPTION-EQI-180D-K130,0.83233111
SP-008,OPTION-EQI-180D-K140,0.33404396
SP-008,OPTION-EQI-180D-K150,0.12723042
SP-008,OPTION-EQI-360D-K050,56.27054794
SP-008,OPTION-EQI-360D-K060,45.22203197
SP-008,OPTION-EQI-360D-K070,34.74606530
SP-008,OPTION-EQI-360D-K080,25.41555057
SP-008,OPTION-EQI-360D-K090,17.70721239
SP-008,OPTION-EQI-360D-K100,11.79848595
SP-008,OPTION-EQI-360D-K110,7.56117312
SP-008,OPTION-EQI-360D-K120,4.69057476
SP-008,OPTION-EQI-360D-K130,2.83343080
SP-008,OPTION-EQI-360D-K140,1.67558838
SP-008,OPTION-EQI-360D-K150,0.97451163
SP-008,OPTION-EQI-720D-K050,56.62612347
SP-008,OPTION-EQI-720D-K060,46.30838787
SP-008,OPTION-EQI-720D-K070,36.98625392
SP-008,OPTION-EQI-720D-K080,28.92678766
SP-008,OPTION-EQI-720D-K090,22.22703345
SP-008,OPTION-EQI-720D-K100,16.83699043
SP-008,OPTION-EQI-720D-K110,12.61099578
SP-008,OPTION-EQI-720D-K120,9.36581616
SP-008,OPTION-EQI-720D-K130,6.91223558
SP-008,OPTION-EQI-720D-K140,5.07898040
SP-008,OPTION-EQI-720D-K150,3.72116846
SP-008,OPTION-EQJ-030D-K050,57.74954080
SP-008,OPTION-EQJ-030D-K060,46.19963264
SP-008,OPTION-EQJ-030D-K070,34.64972765
SP-008,OPTION-EQJ-030D-K080,23.10450691
SP-008,OPTION-EQJ-030D-K090,11.89120150
SP-008,OPTION-EQJ-030D-K100,3.57472922
SP-008,OPTION-EQJ-030D-K110,0.49738879
SP-008,OPTION-EQJ-030D-K120,0.03110811
SP-008,OPTION-EQJ-030D-K130,0.00095881
SP-008,OPTION-EQJ-030D-K140,0.00001645
SP-008,OPTION-EQJ-030D-K150,0.00000018
SP-008,OPTION-EQJ-090D-K050,57.74954107
SP-008,OPTION-EQJ-090D-K060,46.19984788
SP-008,OPTION-EQJ-090D-K070,34.66622731
SP-008,OPTION-EQJ-090D-K080,23.38401510
SP-008,OPTION-EQJ-090D-K090,13.38512451
SP-008,OPTION-EQJ-090D-K100,6.21391146
SP-008,OPTION-EQJ-090D-K110,2.30898781
SP-008,OPTION-EQJ-090D-K120,0.69668727
SP-008,OPTION-EQJ-090D-K130,0.17534112
SP-008,OPTION-EQJ-090D-K140,0.03792275
SP-008,OPTION-EQJ-090D-K150,0.00724746
SP-008,OPTION-EQJ-180D-K050,57.75011088
SP-008,OPTION-EQJ-180D-K060,46.21995200
SP-008,OPTION-EQJ-180D-K070,34.87592622
SP-008,OPTION-EQJ-180D-K080,24.29339949
SP-008,OPTION-EQJ-180D-K090,15.38737661
SP-008,OPTION-EQJ-180D-K100,8.82740765
SP-008,OPTION-EQJ-180D-K110,4.61103222
SP-008,OPTION-EQJ-180D-K120,2.21736817
SP-008,OPTION-EQJ-180D-K130,0.99398510
SP-008,OPTION-EQJ-180D-K140,0.42048445
SP-008,OPTION-EQJ-180D-K150,0.16972291
SP-008,OPTION-EQJ-360D-K050,57.78922288
SP-008,OPTION-EQJ-360D-K060,46.49077719
SP-008,OPTION-EQJ-360D-K070,35.83372521
SP-008,OPTION-EQJ-360D-K080,26.38348681
SP-008,OPTION-EQJ-360D-K090,18.57986736
SP-008,OPTION-EQJ-360D-K100,12.56801495
SP-008,OPTION-EQJ-360D-K110,8.21032357
SP-008,OPTION-EQJ-360D-K120,5.21084307
SP-008,OPTION-EQJ-360D-K130,3.23040532
SP-008,OPTION-EQJ-360D-K140,1.96563311
SP-008,OPTION-EQJ-360D-K150,1.17879768
SP-008,OPTION-EQJ-720D-K050,58.23102853
SP-008,OPTION-EQJ-720D-K060,47.75202359
SP-008,OPTION-EQJ-720D-K070,38.32237890
SP-008,OPTION-EQJ-720D-K080,30.18166972
SP-008,OPTION-EQJ-720D-K090,23.40287933
SP-008,OPTION-EQJ-720D-K100,17.92328969
SP-008,OPTION-EQJ-720D-K110,13.59493727
SP-008,OPTION-EQJ-720D-K120,10.23862946
SP-008,OPTION-EQJ-720D-K130,7.67136724
SP-008,OPTION-EQJ-720D-K140,5.72778380
SP-008,OPTION-EQJ-720D-K150,4.26741058
SP-008,OTHER-BRENT-001D,44.82316069
SP-008,OTHER-BRENT-005D,44.90281091
SP-008,OTHER-BRENT-010D,45.00237368
SP-008,OTHER-BRENT-020D,45.20149923
SP-008,OTHER-BRENT-030D,45.40062478
SP-008,OTHER-BRENT-060D,45.99800142
SP-008,OTHER-BRENT-090D,46.59537806
SP-008,OTHER-BRENT-120D,47.19275470
SP-008,OTHER-BRENT-180D,48.38750798
SP-008,OTHER-BRENT-360D,51.97176783
SP-008,OTHER-WTI-001D,47.20514499
SP-008,OTHER-WTI-005D,47.28478252
SP-008,OTHER-WTI-010D,47.38432943
SP-008,OTHER-WTI-020D,47.58342325
SP-008,OTHER-WTI-030D,47.78251707
SP-008,OTHER-WTI-060D,48.37979853
SP-008,OTHER-WTI-090D,48.97708000
SP-008,OTHER-WTI-120D,49.57436146
SP-008,OTHER-WTI-180D,50.76892439
SP-008,OTHER-WTI-360D,54.35261317
SP-008,OTHER-GAS_EU-001D,49.58636912
SP-008,OTHER-GAS_EU-005D,49.66599396
SP-008,OTHER-GAS_EU-010D,49.76552501
SP-008,OTHER-GAS_EU-020D,49.96458711
SP-008,OTHER-GAS_EU-030D,50.16364921
SP-008,OTHER-GAS_EU-060D,50.76083551
SP-008,OTHER-GAS_EU-090D,51.35802181
SP-008,OTHER-GAS_EU-120D,51.95520811
SP-008,OTHER-GAS_EU-180D,53.14958071
SP-008,OTHER-GAS_EU-360D,56.73269851
SP-008,OTHER-GAS_US-001D,51.96683327
SP-008,OTHER-GAS_US-005D,52.04644542
SP-008,OTHER-GAS_US-010D,52.14596061
SP-008,OTHER-GAS_US-020D,52.34499100
SP-008,OTHER-GAS_US-030D,52.54402138
SP-008,OTHER-GAS_US-060D,53.14111253
SP-008,OTHER-GAS_US-090D,53.73820368
SP-008,OTHER-GAS_US-120D,54.33529484
SP-008,OTHER-GAS_US-180D,55.52947714
SP-008,OTHER-GAS_US-360D,59.11202405
SP-008,OTHER-GOLD-001D,54.34653761
SP-008,OTHER-GOLD-005D,54.42613708
SP-008,OTHER-GOLD-010D,54.52563641
SP-008,OTHER-GOLD-020D,54.72463509
SP-008,OTHER-GOLD-030D,54.92363376
SP-008,OTHER-GOLD-060D,55.52062978
SP-008,OTHER-GOLD-090D,56.11762580
SP-008,OTHER-GOLD-120D,56.71462182
SP-008,OTHER-GOLD-180D,57.90861385
SP-008,OTHER-GOLD-360D,61.49058997
SP-008,OTHER-SILVER-001D,56.77069352
SP-008,OTHER-SILVER-005D,56.85034374
SP-008,OTHER-SILVER-010D,56.94990652
SP-008,OTHER-SILVER-020D,57.14903206
SP-008,OTHER-SILVER-030D,57.34815761
SP-008,OTHER-SILVER-060D,57.94553425
SP-008,OTHER-SILVER-090D,58.54291089
SP-008,OTHER-SILVER-120D,59.14028754
SP-008,OTHER-SILVER-180D,60.33504082
SP-008,OTHER-SILVER-360D,63.91930067
SP-008,OTHER-COPPER-001D,59.15077426
SP-008,OTHER-COPPER-005D,59.23041178
SP-008,OTHER-COPPER-010D,59.32995869
SP-008,OTHER-COPPER-020D,59.52905252
SP-008,OTHER-COPPER-030D,59.72814634
SP-008,OTHER-COPPER-060D,60.32542780
SP-008,OTHER-COPPER-090D,60.92270926
SP-008,OTHER-COPPER-120D,61.51999073
SP-008,OTHER-COPPER-180D,62.71455365
SP-008,OTHER-COPPER-360D,66.29824243
SP-008,OTHER-ALUMINIUM-001D,61.53009512
SP-008,OTHER-ALUMINIUM-005D,61.60971996
SP-008,OTHER-ALUMINIUM-010D,61.70925101
SP-008,OTHER-ALUMINIUM-020D,61.90831311
SP-008,OTHER-ALUMINIUM-030D,62.10737521
SP-008,OTHER-ALUMINIUM-060D,62.70456151
SP-008,OTHER-ALUMINIUM-090D,63.30174781
SP-008,OTHER-ALUMINIUM-120D,63.89893411
SP-008,OTHER-ALUMINIUM-180D,65.09330671
SP-008,OTHER-ALUMINIUM-360D,68.67642451
SP-008,OTHER-WHEAT-001D,63.90865631
SP-008,OTHER-WHEAT-005D,63.98826846
SP-008,OTHER-WHEAT-010D,64.08778365
SP-008,OTHER-WHEAT-020D,64.28681404
SP-008,OTHER-WHEAT-030D,64.48584442
SP-008,OTHER-WHEAT-060D,65.08293557
SP-008,OTHER-WHEAT-090D,65.68002672
SP-008,OTHER-WHEAT-120D,66.27711788
SP-008,OTHER-WHEAT-180D,67.47130018
SP-008,OTHER-WHEAT-360D,71.05384709
SP-008,OTHER-CORN-001D,66.28645799
SP-008,OTHER-CORN-005D,66.36605746
SP-008,OTHER-CORN-010D,66.46555679
SP-008,OTHER-CORN-020D,66.66455547
SP-008,OTHER-CORN-030D,66.86355414
SP-008,OTHER-CORN-060D,67.46055016
SP-008,OTHER-CORN-090D,68.05754618
SP-008,OTHER-CORN-120D,68.65454220
SP-008,OTHER-CORN-180D,69.84853424
SP-008,OTHER-CORN-360D,73.43051035
SP-008,OTHER-SOY-001D,68.71822636
SP-008,OTHER-SOY-005D,68.79787658
SP-008,OTHER-SOY-010D,68.89743935
SP-008,OTHER-SOY-020D,69.09656490
SP-008,OTHER-SOY-030D,69.29569045
SP-008,OTHER-SOY-060D,69.89306709
SP-008,OTHER-SOY-090D,70.49044373
SP-008,OTHER-SOY-120D,71.08782037
SP-008,OTHER-SOY-180D,72.28257366
SP-008,OTHER-SOY-360D,75.86683351
SP-008,OTHER-CARBON_EU-001D,71.09640352
SP-008,OTHER-CARBON_EU-005D,71.17604105
SP-008,OTHER-CARBON_EU-010D,71.27558796
SP-008,OTHER-CARBON_EU-020D,71.47468178
SP-008,OTHER-CARBON_EU-030D,71.67377560
SP-008,OTHER-CARBON_EU-060D,72.27105707
SP-008,OTHER-CARBON_EU-090D,72.86833853
SP-008,OTHER-CARBON_EU-120D,73.46561999
SP-008,OTHER-CARBON_EU-180D,74.66018292
SP-008,OTHER-CARBON_EU-360D,78.24387170
SP-008,OTHER-CARBON_UK-001D,73.47382112
SP-008,OTHER-CARBON_UK-005D,73.55344596
SP-008,OTHER-CARBON_UK-010D,73.65297701
SP-008,OTHER-CARBON_UK-020D,73.85203911
SP-008,OTHER-CARBON_UK-030D,74.05110122
SP-008,OTHER-CARBON_UK-060D,74.64828752
SP-008,OTHER-CARBON_UK-090D,75.24547382
SP-008,OTHER-CARBON_UK-120D,75.84266012
SP-008,OTHER-CARBON_UK-180D,77.03703272
SP-008,OTHER-CARBON_UK-360D,80.62015052
SP-008,OTHER-EQ_EM-001D,75.85047935
SP-008,OTHER-EQ_EM-005D,75.93009150
SP-008,OTHER-EQ_EM-010D,76.02960669
SP-008,OTHER-EQ_EM-020D,76.22863708
SP-008,OTHER-EQ_EM-030D,76.42766746
SP-008,OTHER-EQ_EM-060D,77.02475861
SP-008,OTHER-EQ_EM-090D,77.62184976
SP-008,OTHER-EQ_EM-120D,78.21894092
SP-008,OTHER-EQ_EM-180D,79.41312322
SP-008,OTHER-EQ_EM-360D,82.99567013
SP-008,OTHER-EQ_DM-001D,78.22637837
SP-008,OTHER-EQ_DM-005D,78.30597784
SP-008,OTHER-EQ_DM-010D,78.40547718
SP-008,OTHER-EQ_DM-020D,78.60447585
SP-008,OTHER-EQ_DM-030D,78.80347452
SP-008,OTHER-EQ_DM-060D,79.40047054
SP-008,OTHER-EQ_DM-090D,79.99746656
SP-008,OTHER-EQ_DM-120D,80.59446258
SP-008,OTHER-EQ_DM-180D,81.78845462
SP-008,OTHER-EQ_DM-360D,85.37043073
SP-008,OTHER-REIT_US-001D,80.66575919
SP-008,OTHER-REIT_US-005D,80.74540941
SP-008,OTHER-REIT_US-010D,80.84497219
SP-008,OTHER-REIT_US-020D,81.04409773
SP-008,OTHER-REIT_US-030D,81.24322328
SP-008,OTHER-REIT_US-060D,81.84059992
SP-008,OTHER-REIT_US-090D,82.43797657
SP-008,OTHER-REIT_US-120D,83.03535321
SP-008,OTHER-REIT_US-180D,84.23010649
SP-008,OTHER-REIT_US-360D,87.81436634
SP-008,OTHER-REIT_EU-001D,83.04203279
SP-008,OTHER-REIT_EU-005D,83.12167032
SP-008,OTHER-REIT_EU-010D,83.22121723
SP-008,OTHER-REIT_EU-020D,83.42031105
SP-008,OTHER-REIT_EU-030D,83.61940487
SP-008,OTHER-REIT_EU-060D,84.21668633
SP-008,OTHER-REIT_EU-090D,84.81396780
SP-008,OTHER-REIT_EU-120D,85.41124926
SP-008,OTHER-REIT_EU-180D,86.60581219
SP-008,OTHER-REIT_EU-360D,90.18950097
SP-008,OTHER-FREIGHT-001D,85.41754713
SP-008,OTHER-FREIGHT-005D,85.49717197
SP-008,OTHER-FREIGHT-010D,85.59670302
SP-008,OTHER-FREIGHT-020D,85.79576512
SP-008,OTHER-FREIGHT-030D,85.99482722
SP-008,OTHER-FREIGHT-060D,86.59201352
SP-008,OTHER-FREIGHT-090D,87.18919982
SP-008,OTHER-FREIGHT-120D,87.78638612
SP-008,OTHER-FREIGHT-180D,88.98075872
SP-008,OTHER-FREIGHT-360D,92.56387652
SP-008,OTHER-POWER_DE-001D,87.79230239
SP-008,OTHER-POWER_DE-005D,87.87191454
SP-008,OTHER-POWER_DE-010D,87.97142973
SP-008,OTHER-POWER_DE-020D,88.17046012
SP-008,OTHER-POWER_DE-030D,88.36949050
SP-008,OTHER-POWER_DE-060D,88.96658165
SP-008,OTHER-POWER_DE-090D,89.56367281
SP-008,OTHER-POWER_DE-120D,90.16076396
SP-008,OTHER-POWER_DE-180D,91.35494626
SP-008,OTHER-POWER_DE-360D,94.93749317
SP-008,OTHER-POWER_UK-001D,90.16629875
SP-008,OTHER-POWER_UK-005D,90.24589822
SP-008,OTHER-POWER_UK-010D,90.34539756
SP-008,OTHER-POWER_UK-020D,90.54439623
SP-008,OTHER-POWER_UK-030D,90.74339491
SP-008,OTHER-POWER_UK-060D,91.34039092
SP-008,OTHER-POWER_UK-090D,91.93738694
SP-008,OTHER-POWER_UK-120D,92.53438296
SP-008,OTHER-POWER_UK-180D,93.72837500
SP-008,OTHER-POWER_UK-360D,97.31035112
SP-011,RATE-USD-OIS-001M,0.00638555
SP-011,RATE-USD-OIS-002M,0.00643579
SP-011,RATE-USD-OIS-003M,0.00647574
SP-011,RATE-USD-OIS-005M,0.00654213
SP-011,RATE-USD-OIS-007M,0.00659861
SP-011,RATE-USD-OIS-010M,0.00667248
SP-011,RATE-USD-OIS-015M,0.00677793
SP-011,RATE-USD-OIS-020M,0.00686946
SP-011,RATE-USD-OIS-030M,0.00702700
SP-011,RATE-USD-OIS-060M,0.00739477
SP-011,RATE-USD-OIS-090M,0.00768412
SP-011,RATE-USD-OIS-120M,0.00793120
SP-011,RATE-USD-OIS-180M,0.00835019
SP-011,RATE-USD-OIS-240M,0.00870660
SP-011,RATE-USD-OIS-360M,0.00930907
SP-011,RATE-USD-GOVT-001M,0.00838726
SP-011,RATE-USD-GOVT-002M,0.00843749
SP-011,RATE-USD-GOVT-003M,0.00847744
SP-011,RATE-USD-GOVT-005M,0.00854383
SP-011,RATE-USD-GOVT-007M,0.00860032
SP-011,RATE-USD-GOVT-010M,0.00867418
SP-011,RATE-USD-GOVT-015M,0.00877963
SP-011,RATE-USD-GOVT-020M,0.00887116
SP-011,RATE-USD-GOVT-030M,0.00902871
SP-011,RATE-USD-GOVT-060M,0.00939647
SP-011,RATE-USD-GOVT-090M,0.00968582
SP-011,RATE-USD-GOVT-120M,0.00993290
SP-011,RATE-USD-GOVT-180M,0.01035189
SP-011,RATE-USD-GOVT-240M,0.01070831
SP-011,RATE-USD-GOVT-360M,0.01131077
SP-011,RATE-USD-SWAP-001M,0.01038896
SP-011,RATE-USD-SWAP-002M,0.01043919
SP-011,RATE-USD-SWAP-003M,0.01047914
SP-011,RATE-USD-SWAP-005M,0.01054554
SP-011,RATE-USD-SWAP-007M,0.01060202
SP-011,RATE-USD-SWAP-010M,0.01067589
SP-011,RATE-USD-SWAP-015M,0.01078133
SP-011,RATE-USD-SWAP-020M,0.01087286
SP-011,RATE-USD-SWAP-030M,0.01103041
SP-011,RATE-USD-SWAP-060M,0.01139817
SP-011,RATE-USD-SWAP-090M,0.01168753
SP-011,RATE-USD-SWAP-120M,0.01193460
SP-011,RATE-USD-SWAP-180M,0.01235359
SP-011,RATE-USD-SWAP-240M,0.01271001
SP-011,RATE-USD-SWAP-360M,0.01331248
SP-011,RATE-USD-INFLATION-001M,0.01239066
SP-011,RATE-USD-INFLATION-002M,0.01244089
SP-011,RATE-USD-INFLATION-003M,0.01248084
SP-011,RATE-USD-INFLATION-005M,0.01254724
SP-011,RATE-USD-INFLATION-007M,0.01260372
SP-011,RATE-USD-INFLATION-010M,0.01267759
SP-011,RATE-USD-INFLATION-015M,0.01278303
SP-011,RATE-USD-INFLATION-020M,0.01287457
SP-011,RATE-USD-INFLATION-030M,0.01303211
SP-011,RATE-USD-INFLATION-060M,0.01339987
SP-011,RATE-USD-INFLATION-090M,0.01368923
SP-011,RATE-USD-INFLATION-120M,0.01393631
SP-011,RATE-USD-INFLATION-180M,0.01435530
SP-011,RATE-USD-INFLATION-240M,0.01471171
SP-011,RATE-USD-INFLATION-360M,0.01531418
SP-011,RATE-EUR-OIS-001M,0.00788555
SP-011,RATE-EUR-OIS-002M,0.00793579
SP-011,RATE-EUR-OIS-003M,0.00797574
SP-011,RATE-EUR-OIS-005M,0.00804213
SP-011,RATE-EUR-OIS-007M,0.00809861
SP-011,RATE-EUR-OIS-010M,0.00817248
SP-011,RATE-EUR-OIS-015M,0.00827793
SP-011,RATE-EUR-OIS-020M,0.00836946
SP-011,RATE-EUR-OIS-030M,0.00852700
SP-011,RATE-EUR-OIS-060M,0.00889477
SP-011,RATE-EUR-OIS-090M,0.00918412
SP-011,RATE-EUR-OIS-120M,0.00943120
SP-011,RATE-EUR-OIS-180M,0.00985019
SP-011,RATE-EUR-OIS-240M,0.01020660
SP-011,RATE-EUR-OIS-360M,0.01080907
SP-011,RATE-EUR-GOVT-001M,0.00988726
SP-011,RATE-EUR-GOVT-002M,0.00993749
SP-011,RATE-EUR-GOVT-003M,0.00997744
SP-011,RATE-EUR-GOVT-005M,0.01004383
SP-011,RATE-EUR-GOVT-007M,0.01010032
SP-011,RATE-EUR-GOVT-010M,0.01017418
SP-011,RATE-EUR-GOVT-015M,0.01027963
SP-011,RATE-EUR-GOVT-020M,0.01037116
SP-011,RATE-EUR-GOVT-030M,0.01052871
SP-011,RATE-EUR-GOVT-060M,0.01089647
SP-011,RATE-EUR-GOVT-090M,0.01118582
SP-011,RATE-EUR-GOVT-120M,0.01143290
SP-011,RATE-EUR-GOVT-180M,0.01185189
SP-011,RATE-EUR-GOVT-240M,0.01220831
SP-011,RATE-EUR-GOVT-360M,0.01281077
SP-011,RATE-EUR-SWAP-001M,0.01188896
SP-011,RATE-EUR-SWAP-002M,0.01193919
SP-011,RATE-EUR-SWAP-003M,0.01197914
SP-011,RATE-EUR-SWAP-005M,0.01204554
SP-011,RATE-EUR-SWAP-007M,0.01210202
SP-011,RATE-EUR-SWAP-010M,0.01217589
SP-011,RATE-EUR-SWAP-015M,0.01228133
SP-011,RATE-EUR-SWAP-020M,0.01237286
SP-011,RATE-EUR-SWAP-030M,0.01253041
SP-011,RATE-EUR-SWAP-060M,0.01289817
SP-011,RATE-EUR-SWAP-090M,0.01318753
SP-011,RATE-EUR-SWAP-120M,0.01343460
SP-011,RATE-EUR-SWAP-180M,0.01385359
SP-011,RATE-EUR-SWAP-240M,0.01421001
SP-011,RATE-EUR-SWAP-360M,0.01481248
SP-011,RATE-EUR-INFLATION-001M,0.01389066
SP-011,RATE-EUR-INFLATION-002M,0.01394089
SP-011,RATE-EUR-INFLATION-003M,0.01398084
SP-011,RATE-EUR-INFLATION-005M,0.01404724
SP-011,RATE-EUR-INFLATION-007M,0.01410372
SP-011,RATE-EUR-INFLATION-010M,0.01417759
SP-011,RATE-EUR-INFLATION-015M,0.01428303
SP-011,RATE-EUR-INFLATION-020M,0.01437457
SP-011,RATE-EUR-INFLATION-030M,0.01453211
SP-011,RATE-EUR-INFLATION-060M,0.01489987
SP-011,RATE-EUR-INFLATION-090M,0.01518923
SP-011,RATE-EUR-INFLATION-120M,0.01543631
SP-011,RATE-EUR-INFLATION-180M,0.01585530
SP-011,RATE-EUR-INFLATION-240M,0.01621171
SP-011,RATE-EUR-INFLATION-360M,0.01681418
SP-011,RATE-GBP-OIS-001M,0.00938555
SP-011,RATE-GBP-OIS-002M,0.00943579
SP-011,RATE-GBP-OIS-003M,0.00947574
SP-011,RATE-GBP-OIS-005M,0.00954213
SP-011,RATE-GBP-OIS-007M,0.00959861
SP-011,RATE-GBP-OIS-010M,0.00967248
SP-011,RATE-GBP-OIS-015M,0.00977793
SP-011,RATE-GBP-OIS-020M,0.00986946
SP-011,RATE-GBP-OIS-030M,0.01002700
SP-011,RATE-GBP-OIS-060M,0.01039477
SP-011,RATE-GBP-OIS-090M,0.01068412
SP-011,RATE-GBP-OIS-120M,0.01093120
SP-011,RATE-GBP-OIS-180M,0.01135019
SP-011,RATE-GBP-OIS-240M,0.01170660
SP-011,RATE-GBP-OIS-360M,0.01230907
SP-011,RATE-GBP-GOVT-001M,0.01138726
SP-011,RATE-GBP-GOVT-002M,0.01143749
SP-011,RATE-GBP-GOVT-003M,0.01147744
SP-011,RATE-GBP-GOVT-005M,0.01154383
SP-011,RATE-GBP-GOVT-007M,0.01160032
SP-011,RATE-GBP-GOVT-010M,0.01167418
SP-011,RATE-GBP-GOVT-015M,0.01177963
SP-011,RATE-GBP-GOVT-020M,0.01187116
SP-011,RATE-GBP-GOVT-030M,0.01202871
SP-011,RATE-GBP-GOVT-060M,0.01239647
SP-011,RATE-GBP-GOVT-090M,0.01268582
SP-011,RATE-GBP-GOVT-120M,0.01293290
SP-011,RATE-GBP-GOVT-180M,0.01335189
SP-011,RATE-GBP-GOVT-240M,0.01370831
SP-011,RATE-GBP-GOVT-360M,0.01431077
SP-011,RATE-GBP-SWAP-001M,0.01338896
SP-011,RATE-GBP-SWAP-002M,0.01343919
SP-011,RATE-GBP-SWAP-003M,0.01347914
SP-011,RATE-GBP-SWAP-005M,0.01354554
SP-011,RATE-GBP-SWAP-007M,0.01360202
SP-011,RATE-GBP-SWAP-010M,0.01367589
SP-011,RATE-GBP-SWAP-015M,0.01378133
SP-011,RATE-GBP-SWAP-020M,0.01387286
SP-011,RATE-GBP-SWAP-030M,0.01403041
SP-011,RATE-GBP-SWAP-060M,0.01439817
SP-011,RATE-GBP-SWAP-090M,0.01468753
SP-011,RATE-GBP-SWAP-120M,0.01493460
SP-011,RATE-GBP-SWAP-180M,0.01535359
SP-011,RATE-GBP-SWAP-240M,0.01571001
SP-011,RATE-GBP-SWAP-360M,0.01631248
SP-011,RATE-GBP-INFLATION-001M,0.01539066
SP-011,RATE-GBP-INFLATION-002M,0.01544089
SP-011,RATE-GBP-INFLATION-003M,0.01548084
SP-011,RATE-GBP-INFLATION-005M,0.01554724
SP-011,RATE-GBP-INFLATION-007M,0.01560372
SP-011,RATE-GBP-INFLATION-010M,0.01567759
SP-011,RATE-GBP-INFLATION-015M,0.01578303
SP-011,RATE-GBP-INFLATION-020M,0.01587457
SP-011,RATE-GBP-INFLATION-030M,0.01603211
SP-011,RATE-GBP-INFLATION-060M,0.01639987
SP-011,RATE-GBP-INFLATION-090M,0.01668923
SP-011,RATE-GBP-INFLATION-120M,0.01693631
SP-011,RATE-GBP-INFLATION-180M,0.01735530
SP-011,RATE-GBP-INFLATION-240M,0.01771171
SP-011,RATE-GBP-INFLATION-360M,0.01831418
SP-011,RATE-JPY-OIS-001M,0.01088555
SP-011,RATE-JPY-OIS-002M,0.01093579
SP-011,RATE-JPY-OIS-003M,0.01097574
SP-011,RATE-JPY-OIS-005M,0.01104213
SP-011,RATE-JPY-OIS-007M,0.01109861
SP-011,RATE-JPY-OIS-010M,0.01117248
SP-011,RATE-JPY-OIS-015M,0.01127793
SP-011,RATE-JPY-OIS-020M,0.01136946
SP-011,RATE-JPY-OIS-030M,0.01152700
SP-011,RATE-JPY-OIS-060M,0.01189477
SP-011,RATE-JPY-OIS-090M,0.01218412
SP-011,RATE-JPY-OIS-120M,0.01243120
SP-011,RATE-JPY-OIS-180M,0.01285019
SP-011,RATE-JPY-OIS-240M,0.01320660
SP-011,RATE-JPY-OIS-360M,0.01380907
SP-011,RATE-JPY-GOVT-001M,0.01288726
SP-011,RATE-JPY-GOVT-002M,0.01293749
SP-011,RATE-JPY-GOVT-003M,0.01297744
SP-011,RATE-JPY-GOVT-005M,0.01304383
SP-011,RATE-JPY-GOVT-007M,0.01310032
SP-011,RATE-JPY-GOVT-010M,0.01317418
SP-011,RATE-JPY-GOVT-015M,0.01327963
SP-011,RATE-JPY-GOVT-020M,0.01337116
SP-011,RATE-JPY-GOVT-030M,0.01352871
SP-011,RATE-JPY-GOVT-060M,0.01389647
SP-011,RATE-JPY-GOVT-090M,0.01418582
SP-011,RATE-JPY-GOVT-120M,0.01443290
SP-011,RATE-JPY-GOVT-180M,0.01485189
SP-011,RATE-JPY-GOVT-240M,0.01520831
SP-011,RATE-JPY-GOVT-360M,0.01581077
SP-011,RATE-JPY-SWAP-001M,0.01488896
SP-011,RATE-JPY-SWAP-002M,0.01493919
SP-011,RATE-JPY-SWAP-003M,0.01497914
SP-011,RATE-JPY-SWAP-005M,0.01504554
SP-011,RATE-JPY-SWAP-007M,0.01510202
SP-011,RATE-JPY-SWAP-010M,0.01517589
SP-011,RATE-JPY-SWAP-015M,0.01528133
SP-011,RATE-JPY-SWAP-020M,0.01537286
SP-011,RATE-JPY-SWAP-030M,0.01553041
SP-011,RATE-JPY-SWAP-060M,0.01589817
SP-011,RATE-JPY-SWAP-090M,0.01618753
SP-011,RATE-JPY-SWAP-120M,0.01643460
SP-011,RATE-JPY-SWAP-180M,0.01685359
SP-011,RATE-JPY-SWAP-240M,0.01721001
SP-011,RATE-JPY-SWAP-360M,0.01781248
SP-011,RATE-JPY-INFLATION-001M,0.01689066
SP-011,RATE-JPY-INFLATION-002M,0.01694089
SP-011,RATE-JPY-INFLATION-003M,0.01698084
SP-011,RATE-JPY-INFLATION-005M,0.01704724
SP-011,RATE-JPY-INFLATION-007M,0.01710372
SP-011,RATE-JPY-INFLATION-010M,0.01717759
SP-011,RATE-JPY-INFLATION-015M,0.01728303
SP-011,RATE-JPY-INFLATION-020M,0.01737457
SP-011,RATE-JPY-INFLATION-030M,0.01753211
SP-011,RATE-JPY-INFLATION-060M,0.01789987
SP-011,RATE-JPY-INFLATION-090M,0.01818923
SP-011,RATE-JPY-INFLATION-120M,0.01843631
SP-011,RATE-JPY-INFLATION-180M,0.01885530
SP-011,RATE-JPY-INFLATION-240M,0.01921171
SP-011,RATE-JPY-INFLATION-360M,0.01981418
SP-011,RATE-CHF-OIS-001M,0.01238555
SP-011,RATE-CHF-OIS-002M,0.01243579
SP-011,RATE-CHF-OIS-003M,0.01247574
SP-011,RATE-CHF-OIS-005M,0.01254213
SP-011,RATE-CHF-OIS-007M,0.01259861
SP-011,RATE-CHF-OIS-010M,0.01267248
SP-011,RATE-CHF-OIS-015M,0.01277793
SP-011,RATE-CHF-OIS-020M,0.01286946
SP-011,RATE-CHF-OIS-030M,0.01302700
SP-011,RATE-CHF-OIS-060M,0.01339477
SP-011,RATE-CHF-OIS-090M,0.01368412
SP-011,RATE-CHF-OIS-120M,0.01393120
SP-011,RATE-CHF-OIS-180M,0.01435019
SP-011,RATE-CHF-OIS-240M,0.01470660
SP-011,RATE-CHF-OIS-360M,0.01530907
SP-011,RATE-CHF-GOVT-001M,0.01438726
SP-011,RATE-CHF-GOVT-002M,0.01443749
SP-011,RATE-CHF-GOVT-003M,0.01447744
SP-011,RATE-CHF-GOVT-005M,0.01454383
SP-011,RATE-CHF-GOVT-007M,0.01460032
SP-011,RATE-CHF-GOVT-010M,0.01467418
SP-011,RATE-CHF-GOVT-015M,0.01477963
SP-011,RATE-CHF-GOVT-020M,0.01487116
SP-011,RATE-CHF-GOVT-030M,0.01502871
SP-011,RATE-CHF-GOVT-060M,0.01539647
SP-011,RATE-CHF-GOVT-090M,0.01568582
SP-011,RATE-CHF-GOVT-120M,0.01593290
SP-011,RATE-CHF-GOVT-180M,0.01635189
SP-011,RATE-CHF-GOVT-240M,0.01670831
SP-011,RATE-CHF-GOVT-360M,0.01731077
SP-011,RATE-CHF-SWAP-001M,0.01638896
SP-011,RATE-CHF-SWAP-002M,0.01643919
SP-011,RATE-CHF-SWAP-003M,0.01647914
SP-011,RATE-CHF-SWAP-005M,0.01654554
SP-011,RATE-CHF-SWAP-007M,0.01660202
SP-011,RATE-CHF-SWAP-010M,0.01667589
SP-011,RATE-CHF-SWAP-015M,0.01678133
SP-011,RATE-CHF-SWAP-020M,0.01687286
SP-011,RATE-CHF-SWAP-030M,0.01703041
SP-011,RATE-CHF-SWAP-060M,0.01739817
SP-011,RATE-CHF-SWAP-090M,0.01768753
SP-011,RATE-CHF-SWAP-120M,0.01793460
SP-011,RATE-CHF-SWAP-180M,0.01835359
SP-011,RATE-CHF-SWAP-240M,0.01871001
SP-011,RATE-CHF-SWAP-360M,0.01931248
SP-011,RATE-CHF-INFLATION-001M,0.01839066
SP-011,RATE-CHF-INFLATION-002M,0.01844089
SP-011,RATE-CHF-INFLATION-003M,0.01848084
SP-011,RATE-CHF-INFLATION-005M,0.01854724
SP-011,RATE-CHF-INFLATION-007M,0.01860372
SP-011,RATE-CHF-INFLATION-010M,0.01867759
SP-011,RATE-CHF-INFLATION-015M,0.01878303
SP-011,RATE-CHF-INFLATION-020M,0.01887457
SP-011,RATE-CHF-INFLATION-030M,0.01903211
SP-011,RATE-CHF-INFLATION-060M,0.01939987
SP-011,RATE-CHF-INFLATION-090M,0.01968923
SP-011,RATE-CHF-INFLATION-120M,0.01993631
SP-011,RATE-CHF-INFLATION-180M,0.02035530
SP-011,RATE-CHF-INFLATION-240M,0.02071171
SP-011,RATE-CHF-INFLATION-360M,0.02131418
SP-011,RATE-CAD-OIS-001M,0.01388555
SP-011,RATE-CAD-OIS-002M,0.01393579
SP-011,RATE-CAD-OIS-003M,0.01397574
SP-011,RATE-CAD-OIS-005M,0.01404213
SP-011,RATE-CAD-OIS-007M,0.01409861
SP-011,RATE-CAD-OIS-010M,0.01417248
SP-011,RATE-CAD-OIS-015M,0.01427793
SP-011,RATE-CAD-OIS-020M,0.01436946
SP-011,RATE-CAD-OIS-030M,0.01452700
SP-011,RATE-CAD-OIS-060M,0.01489477
SP-011,RATE-CAD-OIS-090M,0.01518412
SP-011,RATE-CAD-OIS-120M,0.01543120
SP-011,RATE-CAD-OIS-180M,0.01585019
SP-011,RATE-CAD-OIS-240M,0.01620660
SP-011,RATE-CAD-OIS-360M,0.01680907
SP-011,RATE-CAD-GOVT-001M,0.01588726
SP-011,RATE-CAD-GOVT-002M,0.01593749
SP-011,RATE-CAD-GOVT-003M,0.01597744
SP-011,RATE-CAD-GOVT-005M,0.01604383
SP-011,RATE-CAD-GOVT-007M,0.01610032
SP-011,RATE-CAD-GOVT-010M,0.01617418
SP-011,RATE-CAD-GOVT-015M,0.01627963
SP-011,RATE-CAD-GOVT-020M,0.01637116
SP-011,RATE-CAD-GOVT-030M,0.01652871
SP-011,RATE-CAD-GOVT-060M,0.01689647
SP-011,RATE-CAD-GOVT-090M,0.01718582
SP-011,RATE-CAD-GOVT-120M,0.01743290
SP-011,RATE-CAD-GOVT-180M,0.01785189
SP-011,RATE-CAD-GOVT-240M,0.01820831
SP-011,RATE-CAD-GOVT-360M,0.01881077
SP-011,RATE-CAD-SWAP-001M,0.01788896
SP-011,RATE-CAD-SWAP-002M,0.01793919
SP-011,RATE-CAD-SWAP-003M,0.01797914
SP-011,RATE-CAD-SWAP-005M,0.01804554
SP-011,RATE-CAD-SWAP-007M,0.01810202
SP-011,RATE-CAD-SWAP-010M,0.01817589
SP-011,RATE-CAD-SWAP-015M,0.01828133
SP-011,RATE-CAD-SWAP-020M,0.01837286
SP-011,RATE-CAD-SWAP-030M,0.01853041
SP-011,RATE-CAD-SWAP-060M,0.01889817
SP-011,RATE-CAD-SWAP-090M,0.01918753
SP-011,RATE-CAD-SWAP-120M,0.01943460
SP-011,RATE-CAD-SWAP-180M,0.01985359
SP-011,RATE-CAD-SWAP-240M,0.02021001
SP-011,RATE-CAD-SWAP-360M,0.02081248
SP-011,RATE-CAD-INFLATION-001M,0.01989066
SP-011,RATE-CAD-INFLATION-002M,0.01994089
SP-011,RATE-CAD-INFLATION-003M,0.01998084
SP-011,RATE-CAD-INFLATION-005M,0.02004724
SP-011,RATE-CAD-INFLATION-007M,0.02010372
SP-011,RATE-CAD-INFLATION-010M,0.02017759
SP-011,RATE-CAD-INFLATION-015M,0.02028303
SP-011,RATE-CAD-INFLATION-020M,0.02037457
SP-011,RATE-CAD-INFLATION-030M,0.02053211
SP-011,RATE-CAD-INFLATION-060M,0.02089987
SP-011,RATE-CAD-INFLATION-090M,0.02118923
SP-011,RATE-CAD-INFLATION-120M,0.02143631
SP-011,RATE-CAD-INFLATION-180M,0.02185530
SP-011,RATE-CAD-INFLATION-240M,0.02221171
SP-011,RATE-CAD-INFLATION-360M,0.02281418
SP-011,RATE-AUD-OIS-001M,0.01538555
SP-011,RATE-AUD-OIS-002M,0.01543579
SP-011,RATE-AUD-OIS-003M,0.01547574
SP-011,RATE-AUD-OIS-005M,0.01554213
SP-011,RATE-AUD-OIS-007M,0.01559861
SP-011,RATE-AUD-OIS-010M,0.01567248
SP-011,RATE-AUD-OIS-015M,0.01577793
SP-011,RATE-AUD-OIS-020M,0.01586946
SP-011,RATE-AUD-OIS-030M,0.01602700
SP-011,RATE-AUD-OIS-060M,0.01639477
SP-011,RATE-AUD-OIS-090M,0.01668412
SP-011,RATE-AUD-OIS-120M,0.01693120
SP-011,RATE-AUD-OIS-180M,0.01735019
SP-011,RATE-AUD-OIS-240M,0.01770660
SP-011,RATE-AUD-OIS-360M,0.01830907
SP-011,RATE-AUD-GOVT-001M,0.01738726
SP-011,RATE-AUD-GOVT-002M,0.01743749
SP-011,RATE-AUD-GOVT-003M,0.01747744
SP-011,RATE-AUD-GOVT-005M,0.01754383
SP-011,RATE-AUD-GOVT-007M,0.01760032
SP-011,RATE-AUD-GOVT-010M,0.01767418
SP-011,RATE-AUD-GOVT-015M,0.01777963
SP-011,RATE-AUD-GOVT-020M,0.01787116
SP-011,RATE-AUD-GOVT-030M,0.01802871
SP-011,RATE-AUD-GOVT-060M,0.01839647
SP-011,RATE-AUD-GOVT-090M,0.01868582
SP-011,RATE-AUD-GOVT-120M,0.01893290
SP-011,RATE-AUD-GOVT-180M,0.01935189
SP-011,RATE-AUD-GOVT-240M,0.01970831
SP-011,RATE-AUD-GOVT-360M,0.02031077
SP-011,RATE-AUD-SWAP-001M,0.01938896
SP-011,RATE-AUD-SWAP-002M,0.01943919
SP-011,RATE-AUD-SWAP-003M,0.01947914
SP-011,RATE-AUD-SWAP-005M,0.01954554
SP-011,RATE-AUD-SWAP-007M,0.01960202
SP-011,RATE-AUD-SWAP-010M,0.01967589
SP-011,RATE-AUD-SWAP-015M,0.01978133
SP-011,RATE-AUD-SWAP-020M,0.01987286
SP-011,RATE-AUD-SWAP-030M,0.02003041
SP-011,RATE-AUD-SWAP-060M,0.02039817
SP-011,RATE-AUD-SWAP-090M,0.02068753
SP-011,RATE-AUD-SWAP-120M,0.02093460
SP-011,RATE-AUD-SWAP-180M,0.02135359
SP-011,RATE-AUD-SWAP-240M,0.02171001
SP-011,RATE-AUD-SWAP-360M,0.02231248
SP-011,RATE-AUD-INFLATION-001M,0.02139066
SP-011,RATE-AUD-INFLATION-002M,0.02144089
SP-011,RATE-AUD-INFLATION-003M,0.02148084
SP-011,RATE-AUD-INFLATION-005M,0.02154724
SP-011,RATE-AUD-INFLATION-007M,0.02160372
SP-011,RATE-AUD-INFLATION-010M,0.02167759
SP-011,RATE-AUD-INFLATION-015M,0.02178303
SP-011,RATE-AUD-INFLATION-020M,0.02187457
SP-011,RATE-AUD-INFLATION-030M,0.02203211
SP-011,RATE-AUD-INFLATION-060M,0.02239987
SP-011,RATE-AUD-INFLATION-090M,0.02268923
SP-011,RATE-AUD-INFLATION-120M,0.02293631
SP-011,RATE-AUD-INFLATION-180M,0.02335530
SP-011,RATE-AUD-INFLATION-240M,0.02371171
SP-011,RATE-AUD-INFLATION-360M,0.02431418
SP-011,RATE-NZD-OIS-001M,0.01688555
SP-011,RATE-NZD-OIS-002M,0.01693579
SP-011,RATE-NZD-OIS-003M,0.01697574
SP-011,RATE-NZD-OIS-005M,0.01704213
SP-011,RATE-NZD-OIS-007M,0.01709861
SP-011,RATE-NZD-OIS-010M,0.01717248
SP-011,RATE-NZD-OIS-015M,0.01727793
SP-011,RATE-NZD-OIS-020M,0.01736946
SP-011,RATE-NZD-OIS-030M,0.01752700
SP-011,RATE-NZD-OIS-060M,0.01789477
SP-011,RATE-NZD-OIS-090M,0.01818412
SP-011,RATE-NZD-OIS-120M,0.01843120
SP-011,RATE-NZD-OIS-180M,0.01885019
SP-011,RATE-NZD-OIS-240M,0.01920660
SP-011,RATE-NZD-OIS-360M,0.01980907
SP-011,RATE-NZD-GOVT-001M,0.01888726
SP-011,RATE-NZD-GOVT-002M,0.01893749
SP-011,RATE-NZD-GOVT-003M,0.01897744
SP-011,RATE-NZD-GOVT-005M,0.01904383
SP-011,RATE-NZD-GOVT-007M,0.01910032
SP-011,RATE-NZD-GOVT-010M,0.01917418
SP-011,RATE-NZD-GOVT-015M,0.01927963
SP-011,RATE-NZD-GOVT-020M,0.01937116
SP-011,RATE-NZD-GOVT-030M,0.01952871
SP-011,RATE-NZD-GOVT-060M,0.01989647
SP-011,RATE-NZD-GOVT-090M,0.02018582
SP-011,RATE-NZD-GOVT-120M,0.02043290
SP-011,RATE-NZD-GOVT-180M,0.02085189
SP-011,RATE-NZD-GOVT-240M,0.02120831
SP-011,RATE-NZD-GOVT-360M,0.02181077
SP-011,RATE-NZD-SWAP-001M,0.02088896
SP-011,RATE-NZD-SWAP-002M,0.02093919
SP-011,RATE-NZD-SWAP-003M,0.02097914
SP-011,RATE-NZD-SWAP-005M,0.02104554
SP-011,RATE-NZD-SWAP-007M,0.02110202
SP-011,RATE-NZD-SWAP-010M,0.02117589
SP-011,RATE-NZD-SWAP-015M,0.02128133
SP-011,RATE-NZD-SWAP-020M,0.02137286
SP-011,RATE-NZD-SWAP-030M,0.02153041
SP-011,RATE-NZD-SWAP-060M,0.02189817
SP-011,RATE-NZD-SWAP-090M,0.02218753
SP-011,RATE-NZD-SWAP-120M,0.02243460
SP-011,RATE-NZD-SWAP-180M,0.02285359
SP-011,RATE-NZD-SWAP-240M,0.02321001
SP-011,RATE-NZD-SWAP-360M,0.02381248
SP-011,RATE-NZD-INFLATION-001M,0.02289066
SP-011,RATE-NZD-INFLATION-002M,0.02294089
SP-011,RATE-NZD-INFLATION-003M,0.02298084
SP-011,RATE-NZD-INFLATION-005M,0.02304724
SP-011,RATE-NZD-INFLATION-007M,0.02310372
SP-011,RATE-NZD-INFLATION-010M,0.02317759
SP-011,RATE-NZD-INFLATION-015M,0.02328303
SP-011,RATE-NZD-INFLATION-020M,0.02337457
SP-011,RATE-NZD-INFLATION-030M,0.02353211
SP-011,RATE-NZD-INFLATION-060M,0.02389987
SP-011,RATE-NZD-INFLATION-090M,0.02418923
SP-011,RATE-NZD-INFLATION-120M,0.02443631
SP-011,RATE-NZD-INFLATION-180M,0.02485530
SP-011,RATE-NZD-INFLATION-240M,0.02521171
SP-011,RATE-NZD-INFLATION-360M,0.02581418
SP-011,RATE-SEK-OIS-001M,0.01838555
SP-011,RATE-SEK-OIS-002M,0.01843579
SP-011,RATE-SEK-OIS-003M,0.01847574
SP-011,RATE-SEK-OIS-005M,0.01854213
SP-011,RATE-SEK-OIS-007M,0.01859861
SP-011,RATE-SEK-OIS-010M,0.01867248
SP-011,RATE-SEK-OIS-015M,0.01877793
SP-011,RATE-SEK-OIS-020M,0.01886946
SP-011,RATE-SEK-OIS-030M,0.01902700
SP-011,RATE-SEK-OIS-060M,0.01939477
SP-011,RATE-SEK-OIS-090M,0.01968412
SP-011,RATE-SEK-OIS-120M,0.01993120
SP-011,RATE-SEK-OIS-180M,0.02035019
SP-011,RATE-SEK-OIS-240M,0.02070660
SP-011,RATE-SEK-OIS-360M,0.02130907
SP-011,RATE-SEK-GOVT-001M,0.02038726
SP-011,RATE-SEK-GOVT-002M,0.02043749
SP-011,RATE-SEK-GOVT-003M,0.02047744
SP-011,RATE-SEK-GOVT-005M,0.02054383
SP-011,RATE-SEK-GOVT-007M,0.02060032
SP-011,RATE-SEK-GOVT-010M,0.02067418
SP-011,RATE-SEK-GOVT-015M,0.02077963
SP-011,RATE-SEK-GOVT-020M,0.02087116
SP-011,RATE-SEK-GOVT-030M,0.02102871
SP-011,RATE-SEK-GOVT-060M,0.02139647
SP-011,RATE-SEK-GOVT-090M,0.02168582
SP-011,RATE-SEK-GOVT-120M,0.02193290
SP-011,RATE-SEK-GOVT-180M,0.02235189
SP-011,RATE-SEK-GOVT-240M,0.02270831
SP-011,RATE-SEK-GOVT-360M,0.02331077
SP-011,RATE-SEK-SWAP-001M,0.02238896
SP-011,RATE-SEK-SWAP-002M,0.02243919
SP-011,RATE-SEK-SWAP-003M,0.02247914
SP-011,RATE-SEK-SWAP-005M,0.02254554
SP-011,RATE-SEK-SWAP-007M,0.02260202
SP-011,RATE-SEK-SWAP-010M,0.02267589
SP-011,RATE-SEK-SWAP-015M,0.02278133
SP-011,RATE-SEK-SWAP-020M,0.02287286
SP-011,RATE-SEK-SWAP-030M,0.02303041
SP-011,RATE-SEK-SWAP-060M,0.02339817
SP-011,RATE-SEK-SWAP-090M,0.02368753
SP-011,RATE-SEK-SWAP-120M,0.02393460
SP-011,RATE-SEK-SWAP-180M,0.02435359
SP-011,RATE-SEK-SWAP-240M,0.02471001
SP-011,RATE-SEK-SWAP-360M,0.02531248
SP-011,RATE-SEK-INFLATION-001M,0.02439066
SP-011,RATE-SEK-INFLATION-002M,0.02444089
SP-011,RATE-SEK-INFLATION-003M,0.02448084
SP-011,RATE-SEK-INFLATION-005M,0.02454724
SP-011,RATE-SEK-INFLATION-007M,0.02460372
SP-011,RATE-SEK-INFLATION-010M,0.02467759
SP-011,RATE-SEK-INFLATION-015M,0.02478303
SP-011,RATE-SEK-INFLATION-020M,0.02487457
SP-011,RATE-SEK-INFLATION-030M,0.02503211
SP-011,RATE-SEK-INFLATION-060M,0.02539987
SP-011,RATE-SEK-INFLATION-090M,0.02568923
SP-011,RATE-SEK-INFLATION-120M,0.02593631
SP-011,RATE-SEK-INFLATION-180M,0.02635530
SP-011,RATE-SEK-INFLATION-240M,0.02671171
SP-011,RATE-SEK-INFLATION-360M,0.02731418
SP-011,RATE-NOK-OIS-001M,0.01988555
SP-011,RATE-NOK-OIS-002M,0.01993579
SP-011,RATE-NOK-OIS-003M,0.01997574
SP-011,RATE-NOK-OIS-005M,0.02004213
SP-011,RATE-NOK-OIS-007M,0.02009861
SP-011,RATE-NOK-OIS-010M,0.02017248
SP-011,RATE-NOK-OIS-015M,0.02027793
SP-011,RATE-NOK-OIS-020M,0.02036946
SP-011,RATE-NOK-OIS-030M,0.02052700
SP-011,RATE-NOK-OIS-060M,0.02089477
SP-011,RATE-NOK-OIS-090M,0.02118412
SP-011,RATE-NOK-OIS-120M,0.02143120
SP-011,RATE-NOK-OIS-180M,0.02185019
SP-011,RATE-NOK-OIS-240M,0.02220660
SP-011,RATE-NOK-OIS-360M,0.02280907
SP-011,RATE-NOK-GOVT-001M,0.02188726
SP-011,RATE-NOK-GOVT-002M,0.02193749
SP-011,RATE-NOK-GOVT-003M,0.02197744
SP-011,RATE-NOK-GOVT-005M,0.02204383
SP-011,RATE-NOK-GOVT-007M,0.02210032
SP-011,RATE-NOK-GOVT-010M,0.02217418
SP-011,RATE-NOK-GOVT-015M,0.02227963
SP-011,RATE-NOK-GOVT-020M,0.02237116
SP-011,RATE-NOK-GOVT-030M,0.02252871
SP-011,RATE-NOK-GOVT-060M,0.02289647
SP-011,RATE-NOK-GOVT-090M,0.02318582
SP-011,RATE-NOK-GOVT-120M,0.02343290
SP-011,RATE-NOK-GOVT-180M,0.02385189
SP-011,RATE-NOK-GOVT-240M,0.02420831
SP-011,RATE-NOK-GOVT-360M,0.02481077
SP-011,RATE-NOK-SWAP-001M,0.02388896
SP-011,RATE-NOK-SWAP-002M,0.02393919
SP-011,RATE-NOK-SWAP-003M,0.02397914
SP-011,RATE-NOK-SWAP-005M,0.02404554
SP-011,RATE-NOK-SWAP-007M,0.02410202
SP-011,RATE-NOK-SWAP-010M,0.02417589
SP-011,RATE-NOK-SWAP-015M,0.02428133
SP-011,RATE-NOK-SWAP-020M,0.02437286
SP-011,RATE-NOK-SWAP-030M,0.02453041
SP-011,RATE-NOK-SWAP-060M,0.02489817
SP-011,RATE-NOK-SWAP-090M,0.02518753
SP-011,RATE-NOK-SWAP-120M,0.02543460
SP-011,RATE-NOK-SWAP-180M,0.02585359
SP-011,RATE-NOK-SWAP-240M,0.02621001
SP-011,RATE-NOK-SWAP-360M,0.02681248
SP-011,RATE-NOK-INFLATION-001M,0.02589066
SP-011,RATE-NOK-INFLATION-002M,0.02594089
SP-011,RATE-NOK-INFLATION-003M,0.02598084
SP-011,RATE-NOK-INFLATION-005M,0.02604724
SP-011,RATE-NOK-INFLATION-007M,0.02610372
SP-011,RATE-NOK-INFLATION-010M,0.02617759
SP-011,RATE-NOK-INFLATION-015M,0.02628303
SP-011,RATE-NOK-INFLATION-020M,0.02637457
SP-011,RATE-NOK-INFLATION-030M,0.02653211
SP-011,RATE-NOK-INFLATION-060M,0.02689987
SP-011,RATE-NOK-INFLATION-090M,0.02718923
SP-011,RATE-NOK-INFLATION-120M,0.02743631
SP-011,RATE-NOK-INFLATION-180M,0.02785530
SP-011,RATE-NOK-INFLATION-240M,0.02821171
SP-011,RATE-NOK-INFLATION-360M,0.02881418
SP-011,RATE-DKK-OIS-001M,0.02138555
SP-011,RATE-DKK-OIS-002M,0.02143579
SP-011,RATE-DKK-OIS-003M,0.02147574
SP-011,RATE-DKK-OIS-005M,0.02154213
SP-011,RATE-DKK-OIS-007M,0.02159861
SP-011,RATE-DKK-OIS-010M,0.02167248
SP-011,RATE-DKK-OIS-015M,0.02177793
SP-011,RATE-DKK-OIS-020M,0.02186946
SP-011,RATE-DKK-OIS-030M,0.02202700
SP-011,RATE-DKK-OIS-060M,0.02239477
SP-011,RATE-DKK-OIS-090M,0.02268412
SP-011,RATE-DKK-OIS-120M,0.02293120
SP-011,RATE-DKK-OIS-180M,0.02335019
SP-011,RATE-DKK-OIS-240M,0.02370660
SP-011,RATE-DKK-OIS-360M,0.02430907
SP-011,RATE-DKK-GOVT-001M,0.02338726
SP-011,RATE-DKK-GOVT-002M,0.02343749
SP-011,RATE-DKK-GOVT-003M,0.02347744
SP-011,RATE-DKK-GOVT-005M,0.02354383
SP-011,RATE-DKK-GOVT-007M,0.02360032
SP-011,RATE-DKK-GOVT-010M,0.02367418
SP-011,RATE-DKK-GOVT-015M,0.02377963
SP-011,RATE-DKK-GOVT-020M,0.02387116
SP-011,RATE-DKK-GOVT-030M,0.02402871
SP-011,RATE-DKK-GOVT-060M,0.02439647
SP-011,RATE-DKK-GOVT-090M,0.02468582
SP-011,RATE-DKK-GOVT-120M,0.02493290
SP-011,RATE-DKK-GOVT-180M,0.02535189
SP-011,RATE-DKK-GOVT-240M,0.02570831
SP-011,RATE-DKK-GOVT-360M,0.02631077
SP-011,RATE-DKK-SWAP-001M,0.02538896
SP-011,RATE-DKK-SWAP-002M,0.02543919
SP-011,RATE-DKK-SWAP-003M,0.02547914
SP-011,RATE-DKK-SWAP-005M,0.02554554
SP-011,RATE-DKK-SWAP-007M,0.02560202
SP-011,RATE-DKK-SWAP-010M,0.02567589
SP-011,RATE-DKK-SWAP-015M,0.02578133
SP-011,RATE-DKK-SWAP-020M,0.02587286
SP-011,RATE-DKK-SWAP-030M,0.02603041
SP-011,RATE-DKK-SWAP-060M,0.02639817
SP-011,RATE-DKK-SWAP-090M,0.02668753
SP-011,RATE-DKK-SWAP-120M,0.02693460
SP-011,RATE-DKK-SWAP-180M,0.02735359
SP-011,RATE-DKK-SWAP-240M,0.02771001
SP-011,RATE-DKK-SWAP-360M,0.02831248
SP-011,RATE-DKK-INFLATION-001M,0.02739066
SP-011,RATE-DKK-INFLATION-002M,0.02744089
SP-011,RATE-DKK-INFLATION-003M,0.02748084
SP-011,RATE-DKK-INFLATION-005M,0.02754724
SP-011,RATE-DKK-INFLATION-007M,0.02760372
SP-011,RATE-DKK-INFLATION-010M,0.02767759
SP-011,RATE-DKK-INFLATION-015M,0.02778303
SP-011,RATE-DKK-INFLATION-020M,0.02787457
SP-011,RATE-DKK-INFLATION-030M,0.02803211
SP-011,RATE-DKK-INFLATION-060M,0.02839987
SP-011,RATE-DKK-INFLATION-090M,0.02868923
SP-011,RATE-DKK-INFLATION-120M,0.02893631
SP-011,RATE-DKK-INFLATION-180M,0.02935530
SP-011,RATE-DKK-INFLATION-240M,0.02971171
SP-011,RATE-DKK-INFLATION-360M,0.03031418
SP-011,RATE-PLN-OIS-001M,0.02288555
SP-011,RATE-PLN-OIS-002M,0.02293579
SP-011,RATE-PLN-OIS-003M,0.02297574
SP-011,RATE-PLN-OIS-005M,0.02304213
SP-011,RATE-PLN-OIS-007M,0.02309861
SP-011,RATE-PLN-OIS-010M,0.02317248
SP-011,RATE-PLN-OIS-015M,0.02327793
SP-011,RATE-PLN-OIS-020M,0.02336946
SP-011,RATE-PLN-OIS-030M,0.02352700
SP-011,RATE-PLN-OIS-060M,0.02389477
SP-011,RATE-PLN-OIS-090M,0.02418412
SP-011,RATE-PLN-OIS-120M,0.02443120
SP-011,RATE-PLN-OIS-180M,0.02485019
SP-011,RATE-PLN-OIS-240M,0.02520660
SP-011,RATE-PLN-OIS-360M,0.02580907
SP-011,RATE-PLN-GOVT-001M,0.02488726
SP-011,RATE-PLN-GOVT-002M,0.02493749
SP-011,RATE-PLN-GOVT-003M,0.02497744
SP-011,RATE-PLN-GOVT-005M,0.02504383
SP-011,RATE-PLN-GOVT-007M,0.02510032
SP-011,RATE-PLN-GOVT-010M,0.02517418
SP-011,RATE-PLN-GOVT-015M,0.02527963
SP-011,RATE-PLN-GOVT-020M,0.02537116
SP-011,RATE-PLN-GOVT-030M,0.02552871
SP-011,RATE-PLN-GOVT-060M,0.02589647
SP-011,RATE-PLN-GOVT-090M,0.02618582
SP-011,RATE-PLN-GOVT-120M,0.02643290
SP-011,RATE-PLN-GOVT-180M,0.02685189
SP-011,RATE-PLN-GOVT-240M,0.02720831
SP-011,RATE-PLN-GOVT-360M,0.02781077
SP-011,RATE-PLN-SWAP-001M,0.02688896
SP-011,RATE-PLN-SWAP-002M,0.02693919
SP-011,RATE-PLN-SWAP-003M,0.02697914
SP-011,RATE-PLN-SWAP-005M,0.02704554
SP-011,RATE-PLN-SWAP-007M,0.02710202
SP-011,RATE-PLN-SWAP-010M,0.02717589
SP-011,RATE-PLN-SWAP-015M,0.02728133
SP-011,RATE-PLN-SWAP-020M,0.02737286
SP-011,RATE-PLN-SWAP-030M,0.02753041
SP-011,RATE-PLN-SWAP-060M,0.02789817
SP-011,RATE-PLN-SWAP-090M,0.02818753
SP-011,RATE-PLN-SWAP-120M,0.02843460
SP-011,RATE-PLN-SWAP-180M,0.02885359
SP-011,RATE-PLN-SWAP-240M,0.02921001
SP-011,RATE-PLN-SWAP-360M,0.02981248
SP-011,RATE-PLN-INFLATION-001M,0.02889066
SP-011,RATE-PLN-INFLATION-002M,0.02894089
SP-011,RATE-PLN-INFLATION-003M,0.02898084
SP-011,RATE-PLN-INFLATION-005M,0.02904724
SP-011,RATE-PLN-INFLATION-007M,0.02910372
SP-011,RATE-PLN-INFLATION-010M,0.02917759
SP-011,RATE-PLN-INFLATION-015M,0.02928303
SP-011,RATE-PLN-INFLATION-020M,0.02937457
SP-011,RATE-PLN-INFLATION-030M,0.02953211
SP-011,RATE-PLN-INFLATION-060M,0.02989987
SP-011,RATE-PLN-INFLATION-090M,0.03018923
SP-011,RATE-PLN-INFLATION-120M,0.03043631
SP-011,RATE-PLN-INFLATION-180M,0.03085530
SP-011,RATE-PLN-INFLATION-240M,0.03121171
SP-011,RATE-PLN-INFLATION-360M,0.03181418
SP-011,RATE-CZK-OIS-001M,0.02438555
SP-011,RATE-CZK-OIS-002M,0.02443579
SP-011,RATE-CZK-OIS-003M,0.02447574
SP-011,RATE-CZK-OIS-005M,0.02454213
SP-011,RATE-CZK-OIS-007M,0.02459861
SP-011,RATE-CZK-OIS-010M,0.02467248
SP-011,RATE-CZK-OIS-015M,0.02477793
SP-011,RATE-CZK-OIS-020M,0.02486946
SP-011,RATE-CZK-OIS-030M,0.02502700
SP-011,RATE-CZK-OIS-060M,0.02539477
SP-011,RATE-CZK-OIS-090M,0.02568412
SP-011,RATE-CZK-OIS-120M,0.02593120
SP-011,RATE-CZK-OIS-180M,0.02635019
SP-011,RATE-CZK-OIS-240M,0.02670660
SP-011,RATE-CZK-OIS-360M,0.02730907
SP-011,RATE-CZK-GOVT-001M,0.02638726
SP-011,RATE-CZK-GOVT-002M,0.02643749
SP-011,RATE-CZK-GOVT-003M,0.02647744
SP-011,RATE-CZK-GOVT-005M,0.02654383
SP-011,RATE-CZK-GOVT-007M,0.02660032
SP-011,RATE-CZK-GOVT-010M,0.02667418
SP-011,RATE-CZK-GOVT-015M,0.02677963
SP-011,RATE-CZK-GOVT-020M,0.02687116
SP-011,RATE-CZK-GOVT-030M,0.02702871
SP-011,RATE-CZK-GOVT-060M,0.02739647
SP-011,RATE-CZK-GOVT-090M,0.02768582
SP-011,RATE-CZK-GOVT-120M,0.02793290
SP-011,RATE-CZK-GOVT-180M,0.02835189
SP-011,RATE-CZK-GOVT-240M,0.02870831
SP-011,RATE-CZK-GOVT-360M,0.02931077
SP-011,RATE-CZK-SWAP-001M,0.02838896
SP-011,RATE-CZK-SWAP-002M,0.02843919
SP-011,RATE-CZK-SWAP-003M,0.02847914
SP-011,RATE-CZK-SWAP-005M,0.02854554
SP-011,RATE-CZK-SWAP-007M,0.02860202
SP-011,RATE-CZK-SWAP-010M,0.02867589
SP-011,RATE-CZK-SWAP-015M,0.02878133
SP-011,RATE-CZK-SWAP-020M,0.02887286
SP-011,RATE-CZK-SWAP-030M,0.02903041
SP-011,RATE-CZK-SWAP-060M,0.02939817
SP-011,RATE-CZK-SWAP-090M,0.02968753
SP-011,RATE-CZK-SWAP-120M,0.02993460
SP-011,RATE-CZK-SWAP-180M,0.03035359
SP-011,RATE-CZK-SWAP-240M,0.03071001
SP-011,RATE-CZK-SWAP-360M,0.03131248
SP-011,RATE-CZK-INFLATION-001M,0.03039066
SP-011,RATE-CZK-INFLATION-002M,0.03044089
SP-011,RATE-CZK-INFLATION-003M,0.03048084
SP-011,RATE-CZK-INFLATION-005M,0.03054724
SP-011,RATE-CZK-INFLATION-007M,0.03060372
SP-011,RATE-CZK-INFLATION-010M,0.03067759
SP-011,RATE-CZK-INFLATION-015M,0.03078303
SP-011,RATE-CZK-INFLATION-020M,0.03087457
SP-011,RATE-CZK-INFLATION-030M,0.03103211
SP-011,RATE-CZK-INFLATION-060M,0.03139987
SP-011,RATE-CZK-INFLATION-090M,0.03168923
SP-011,RATE-CZK-INFLATION-120M,0.03193631
SP-011,RATE-CZK-INFLATION-180M,0.03235530
SP-011,RATE-CZK-INFLATION-240M,0.03271171
SP-011,RATE-CZK-INFLATION-360M,0.03331418
SP-011,RATE-HUF-OIS-001M,0.02588555
SP-011,RATE-HUF-OIS-002M,0.02593579
SP-011,RATE-HUF-OIS-003M,0.02597574
SP-011,RATE-HUF-OIS-005M,0.02604213
SP-011,RATE-HUF-OIS-007M,0.02609861
SP-011,RATE-HUF-OIS-010M,0.02617248
SP-011,RATE-HUF-OIS-015M,0.02627793
SP-011,RATE-HUF-OIS-020M,0.02636946
SP-011,RATE-HUF-OIS-030M,0.02652700
SP-011,RATE-HUF-OIS-060M,0.02689477
SP-011,RATE-HUF-OIS-090M,0.02718412
SP-011,RATE-HUF-OIS-120M,0.02743120
SP-011,RATE-HUF-OIS-180M,0.02785019
SP-011,RATE-HUF-OIS-240M,0.02820660
SP-011,RATE-HUF-OIS-360M,0.02880907
SP-011,RATE-HUF-GOVT-001M,0.02788726
SP-011,RATE-HUF-GOVT-002M,0.02793749
SP-011,RATE-HUF-GOVT-003M,0.02797744
SP-011,RATE-HUF-GOVT-005M,0.02804383
SP-011,RATE-HUF-GOVT-007M,0.02810032
SP-011,RATE-HUF-GOVT-010M,0.02817418
SP-011,RATE-HUF-GOVT-015M,0.02827963
SP-011,RATE-HUF-GOVT-020M,0.02837116
SP-011,RATE-HUF-GOVT-030M,0.02852871
SP-011,RATE-HUF-GOVT-060M,0.02889647
SP-011,RATE-HUF-GOVT-090M,0.02918582
SP-011,RATE-HUF-GOVT-120M,0.02943290
SP-011,RATE-HUF-GOVT-180M,0.02985189
SP-011,RATE-HUF-GOVT-240M,0.03020831
SP-011,RATE-HUF-GOVT-360M,0.03081077
SP-011,RATE-HUF-SWAP-001M,0.02988896
SP-011,RATE-HUF-SWAP-002M,0.02993919
SP-011,RATE-HUF-SWAP-003M,0.02997914
SP-011,RATE-HUF-SWAP-005M,0.03004554
SP-011,RATE-HUF-SWAP-007M,0.03010202
SP-011,RATE-HUF-SWAP-010M,0.03017589
SP-011,RATE-HUF-SWAP-015M,0.03028133
SP-011,RATE-HUF-SWAP-020M,0.03037286
SP-011,RATE-HUF-SWAP-030M,0.03053041
SP-011,RATE-HUF-SWAP-060M,0.03089817
SP-011,RATE-HUF-SWAP-090M,0.03118753
SP-011,RATE-HUF-SWAP-120M,0.03143460
SP-011,RATE-HUF-SWAP-180M,0.03185359
SP-011,RATE-HUF-SWAP-240M,0.03221001
SP-011,RATE-HUF-SWAP-360M,0.03281248
SP-011,RATE-HUF-INFLATION-001M,0.03189066
SP-011,RATE-HUF-INFLATION-002M,0.03194089
SP-011,RATE-HUF-INFLATION-003M,0.03198084
SP-011,RATE-HUF-INFLATION-005M,0.03204724
SP-011,RATE-HUF-INFLATION-007M,0.03210372
SP-011,RATE-HUF-INFLATION-010M,0.03217759
SP-011,RATE-HUF-INFLATION-015M,0.03228303
SP-011,RATE-HUF-INFLATION-020M,0.03237457
SP-011,RATE-HUF-INFLATION-030M,0.03253211
SP-011,RATE-HUF-INFLATION-060M,0.03289987
SP-011,RATE-HUF-INFLATION-090M,0.03318923
SP-011,RATE-HUF-INFLATION-120M,0.03343631
SP-011,RATE-HUF-INFLATION-180M,0.03385530
SP-011,RATE-HUF-INFLATION-240M,0.03421171
SP-011,RATE-HUF-INFLATION-360M,0.03481418
SP-011,RATE-SGD-OIS-001M,0.02738555
SP-011,RATE-SGD-OIS-002M,0.02743579
SP-011,RATE-SGD-OIS-003M,0.02747574
SP-011,RATE-SGD-OIS-005M,0.02754213
SP-011,RATE-SGD-OIS-007M,0.02759861
SP-011,RATE-SGD-OIS-010M,0.02767248
SP-011,RATE-SGD-OIS-015M,0.02777793
SP-011,RATE-SGD-OIS-020M,0.02786946
SP-011,RATE-SGD-OIS-030M,0.02802700
SP-011,RATE-SGD-OIS-060M,0.02839477
SP-011,RATE-SGD-OIS-090M,0.02868412
SP-011,RATE-SGD-OIS-120M,0.02893120
SP-011,RATE-SGD-OIS-180M,0.02935019
SP-011,RATE-SGD-OIS-240M,0.02970660
SP-011,RATE-SGD-OIS-360M,0.03030907
SP-011,RATE-SGD-GOVT-001M,0.02938726
SP-011,RATE-SGD-GOVT-002M,0.02943749
SP-011,RATE-SGD-GOVT-003M,0.02947744
SP-011,RATE-SGD-GOVT-005M,0.02954383
SP-011,RATE-SGD-GOVT-007M,0.02960032
SP-011,RATE-SGD-GOVT-010M,0.02967418
SP-011,RATE-SGD-GOVT-015M,0.02977963
SP-011,RATE-SGD-GOVT-020M,0.02987116
SP-011,RATE-SGD-GOVT-030M,0.03002871
SP-011,RATE-SGD-GOVT-060M,0.03039647
SP-011,RATE-SGD-GOVT-090M,0.03068582
SP-011,RATE-SGD-GOVT-120M,0.03093290
SP-011,RATE-SGD-GOVT-180M,0.03135189
SP-011,RATE-SGD-GOVT-240M,0.03170831
SP-011,RATE-SGD-GOVT-360M,0.03231077
SP-011,RATE-SGD-SWAP-001M,0.03138896
SP-011,RATE-SGD-SWAP-002M,0.03143919
SP-011,RATE-SGD-SWAP-003M,0.03147914
SP-011,RATE-SGD-SWAP-005M,0.03154554
SP-011,RATE-SGD-SWAP-007M,0.03160202
SP-011,RATE-SGD-SWAP-010M,0.03167589
SP-011,RATE-SGD-SWAP-015M,0.03178133
SP-011,RATE-SGD-SWAP-020M,0.03187286
SP-011,RATE-SGD-SWAP-030M,0.03203041
SP-011,RATE-SGD-SWAP-060M,0.03239817
SP-011,RATE-SGD-SWAP-090M,0.03268753
SP-011,RATE-SGD-SWAP-120M,0.03293460
SP-011,RATE-SGD-SWAP-180M,0.03335359
SP-011,RATE-SGD-SWAP-240M,0.03371001
SP-011,RATE-SGD-SWAP-360M,0.03431248
SP-011,RATE-SGD-INFLATION-001M,0.03339066
SP-011,RATE-SGD-INFLATION-002M,0.03344089
SP-011,RATE-SGD-INFLATION-003M,0.03348084
SP-011,RATE-SGD-INFLATION-005M,0.03354724
SP-011,RATE-SGD-INFLATION-007M,0.03360372
SP-011,RATE-SGD-INFLATION-010M,0.03367759
SP-011,RATE-SGD-INFLATION-015M,0.03378303
SP-011,RATE-SGD-INFLATION-020M,0.03387457
SP-011,RATE-SGD-INFLATION-030M,0.03403211
SP-011,RATE-SGD-INFLATION-060M,0.03439987
SP-011,RATE-SGD-INFLATION-090M,0.03468923
SP-011,RATE-SGD-INFLATION-120M,0.03493631
SP-011,RATE-SGD-INFLATION-180M,0.03535530
SP-011,RATE-SGD-INFLATION-240M,0.03571171
SP-011,RATE-SGD-INFLATION-360M,0.03631418
SP-011,RATE-HKD-OIS-001M,0.02888555
SP-011,RATE-HKD-OIS-002M,0.02893579
SP-011,RATE-HKD-OIS-003M,0.02897574
SP-011,RATE-HKD-OIS-005M,0.02904213
SP-011,RATE-HKD-OIS-007M,0.02909861
SP-011,RATE-HKD-OIS-010M,0.02917248
SP-011,RATE-HKD-OIS-015M,0.02927793
SP-011,RATE-HKD-OIS-020M,0.02936946
SP-011,RATE-HKD-OIS-030M,0.02952700
SP-011,RATE-HKD-OIS-060M,0.02989477
SP-011,RATE-HKD-OIS-090M,0.03018412
SP-011,RATE-HKD-OIS-120M,0.03043120
SP-011,RATE-HKD-OIS-180M,0.03085019
SP-011,RATE-HKD-OIS-240M,0.03120660
SP-011,RATE-HKD-OIS-360M,0.03180907
SP-011,RATE-HKD-GOVT-001M,0.03088726
SP-011,RATE-HKD-GOVT-002M,0.03093749
SP-011,RATE-HKD-GOVT-003M,0.03097744
SP-011,RATE-HKD-GOVT-005M,0.03104383
SP-011,RATE-HKD-GOVT-007M,0.03110032
SP-011,RATE-HKD-GOVT-010M,0.03117418
SP-011,RATE-HKD-GOVT-015M,0.03127963
SP-011,RATE-HKD-GOVT-020M,0.03137116
SP-011,RATE-HKD-GOVT-030M,0.03152871
SP-011,RATE-HKD-GOVT-060M,0.03189647
SP-011,RATE-HKD-GOVT-090M,0.03218582
SP-011,RATE-HKD-GOVT-120M,0.03243290
SP-011,RATE-HKD-GOVT-180M,0.03285189
SP-011,RATE-HKD-GOVT-240M,0.03320831
SP-011,RATE-HKD-GOVT-360M,0.03381077
SP-011,RATE-HKD-SWAP-001M,0.03288896
SP-011,RATE-HKD-SWAP-002M,0.03293919
SP-011,RATE-HKD-SWAP-003M,0.03297914
SP-011,RATE-HKD-SWAP-005M,0.03304554
SP-011,RATE-HKD-SWAP-007M,0.03310202
SP-011,RATE-HKD-SWAP-010M,0.03317589
SP-011,RATE-HKD-SWAP-015M,0.03328133
SP-011,RATE-HKD-SWAP-020M,0.03337286
SP-011,RATE-HKD-SWAP-030M,0.03353041
SP-011,RATE-HKD-SWAP-060M,0.03389817
SP-011,RATE-HKD-SWAP-090M,0.03418753
SP-011,RATE-HKD-SWAP-120M,0.03443460
SP-011,RATE-HKD-SWAP-180M,0.03485359
SP-011,RATE-HKD-SWAP-240M,0.03521001
SP-011,RATE-HKD-SWAP-360M,0.03581248
SP-011,RATE-HKD-INFLATION-001M,0.03489066
SP-011,RATE-HKD-INFLATION-002M,0.03494089
SP-011,RATE-HKD-INFLATION-003M,0.03498084
SP-011,RATE-HKD-INFLATION-005M,0.03504724
SP-011,RATE-HKD-INFLATION-007M,0.03510372
SP-011,RATE-HKD-INFLATION-010M,0.03517759
SP-011,RATE-HKD-INFLATION-015M,0.03528303
SP-011,RATE-HKD-INFLATION-020M,0.03537457
SP-011,RATE-HKD-INFLATION-030M,0.03553211
SP-011,RATE-HKD-INFLATION-060M,0.03589987
SP-011,RATE-HKD-INFLATION-090M,0.03618923
SP-011,RATE-HKD-INFLATION-120M,0.03643631
SP-011,RATE-HKD-INFLATION-180M,0.03685530
SP-011,RATE-HKD-INFLATION-240M,0.03721171
SP-011,RATE-HKD-INFLATION-360M,0.03781418
SP-011,RATE-KRW-OIS-001M,0.03038555
SP-011,RATE-KRW-OIS-002M,0.03043579
SP-011,RATE-KRW-OIS-003M,0.03047574
SP-011,RATE-KRW-OIS-005M,0.03054213
SP-011,RATE-KRW-OIS-007M,0.03059861
SP-011,RATE-KRW-OIS-010M,0.03067248
SP-011,RATE-KRW-OIS-015M,0.03077793
SP-011,RATE-KRW-OIS-020M,0.03086946
SP-011,RATE-KRW-OIS-030M,0.03102700
SP-011,RATE-KRW-OIS-060M,0.03139477
SP-011,RATE-KRW-OIS-090M,0.03168412
SP-011,RATE-KRW-OIS-120M,0.03193120
SP-011,RATE-KRW-OIS-180M,0.03235019
SP-011,RATE-KRW-OIS-240M,0.03270660
SP-011,RATE-KRW-OIS-360M,0.03330907
SP-011,RATE-KRW-GOVT-001M,0.03238726
SP-011,RATE-KRW-GOVT-002M,0.03243749
SP-011,RATE-KRW-GOVT-003M,0.03247744
SP-011,RATE-KRW-GOVT-005M,0.03254383
SP-011,RATE-KRW-GOVT-007M,0.03260032
SP-011,RATE-KRW-GOVT-010M,0.03267418
SP-011,RATE-KRW-GOVT-015M,0.03277963
SP-011,RATE-KRW-GOVT-020M,0.03287116
SP-011,RATE-KRW-GOVT-030M,0.03302871
SP-011,RATE-KRW-GOVT-060M,0.03339647
SP-011,RATE-KRW-GOVT-090M,0.03368582
SP-011,RATE-KRW-GOVT-120M,0.03393290
SP-011,RATE-KRW-GOVT-180M,0.03435189
SP-011,RATE-KRW-GOVT-240M,0.03470831
SP-011,RATE-KRW-GOVT-360M,0.03531077
SP-011,RATE-KRW-SWAP-001M,0.03438896
SP-011,RATE-KRW-SWAP-002M,0.03443919
SP-011,RATE-KRW-SWAP-003M,0.03447914
SP-011,RATE-KRW-SWAP-005M,0.03454554
SP-011,RATE-KRW-SWAP-007M,0.03460202
SP-011,RATE-KRW-SWAP-010M,0.03467589
SP-011,RATE-KRW-SWAP-015M,0.03478133
SP-011,RATE-KRW-SWAP-020M,0.03487286
SP-011,RATE-KRW-SWAP-030M,0.03503041
SP-011,RATE-KRW-SWAP-060M,0.03539817
SP-011,RATE-KRW-SWAP-090M,0.03568753
SP-011,RATE-KRW-SWAP-120M,0.03593460
SP-011,RATE-KRW-SWAP-180M,0.03635359
SP-011,RATE-KRW-SWAP-240M,0.03671001
SP-011,RATE-KRW-SWAP-360M,0.03731248
SP-011,RATE-KRW-INFLATION-001M,0.03639066
SP-011,RATE-KRW-INFLATION-002M,0.03644089
SP-011,RATE-KRW-INFLATION-003M,0.03648084
SP-011,RATE-KRW-INFLATION-005M,0.03654724
SP-011,RATE-KRW-INFLATION-007M,0.03660372
SP-011,RATE-KRW-INFLATION-010M,0.03667759
SP-011,RATE-KRW-INFLATION-015M,0.03678303
SP-011,RATE-KRW-INFLATION-020M,0.03687457
SP-011,RATE-KRW-INFLATION-030M,0.03703211
SP-011,RATE-KRW-INFLATION-060M,0.03739987
SP-011,RATE-KRW-INFLATION-090M,0.03768923
SP-011,RATE-KRW-INFLATION-120M,0.03793631
SP-011,RATE-KRW-INFLATION-180M,0.03835530
SP-011,RATE-KRW-INFLATION-240M,0.03871171
SP-011,RATE-KRW-INFLATION-360M,0.03931418
SP-011,RATE-CNY-OIS-001M,0.03188555
SP-011,RATE-CNY-OIS-002M,0.03193579
SP-011,RATE-CNY-OIS-003M,0.03197574
SP-011,RATE-CNY-OIS-005M,0.03204213
SP-011,RATE-CNY-OIS-007M,0.03209861
SP-011,RATE-CNY-OIS-010M,0.03217248
SP-011,RATE-CNY-OIS-015M,0.03227793
SP-011,RATE-CNY-OIS-020M,0.03236946
SP-011,RATE-CNY-OIS-030M,0.03252700
SP-011,RATE-CNY-OIS-060M,0.03289477
SP-011,RATE-CNY-OIS-090M,0.03318412
SP-011,RATE-CNY-OIS-120M,0.03343120
SP-011,RATE-CNY-OIS-180M,0.03385019
SP-011,RATE-CNY-OIS-240M,0.03420660
SP-011,RATE-CNY-OIS-360M,0.03480907
SP-011,RATE-CNY-GOVT-001M,0.03388726
SP-011,RATE-CNY-GOVT-002M,0.03393749
SP-011,RATE-CNY-GOVT-003M,0.03397744
SP-011,RATE-CNY-GOVT-005M,0.03404383
SP-011,RATE-CNY-GOVT-007M,0.03410032
SP-011,RATE-CNY-GOVT-010M,0.03417418
SP-011,RATE-CNY-GOVT-015M,0.03427963
SP-011,RATE-CNY-GOVT-020M,0.03437116
SP-011,RATE-CNY-GOVT-030M,0.03452871
SP-011,RATE-CNY-GOVT-060M,0.03489647
SP-011,RATE-CNY-GOVT-090M,0.03518582
SP-011,RATE-CNY-GOVT-120M,0.03543290
SP-011,RATE-CNY-GOVT-180M,0.03585189
SP-011,RATE-CNY-GOVT-240M,0.03620831
SP-011,RATE-CNY-GOVT-360M,0.03681077
SP-011,RATE-CNY-SWAP-001M,0.03588896
SP-011,RATE-CNY-SWAP-002M,0.03593919
SP-011,RATE-CNY-SWAP-003M,0.03597914
SP-011,RATE-CNY-SWAP-005M,0.03604554
SP-011,RATE-CNY-SWAP-007M,0.03610202
SP-011,RATE-CNY-SWAP-010M,0.03617589
SP-011,RATE-CNY-SWAP-015M,0.03628133
SP-011,RATE-CNY-SWAP-020M,0.03637286
SP-011,RATE-CNY-SWAP-030M,0.03653041
SP-011,RATE-CNY-SWAP-060M,0.03689817
SP-011,RATE-CNY-SWAP-090M,0.03718753
SP-011,RATE-CNY-SWAP-120M,0.03743460
SP-011,RATE-CNY-SWAP-180M,0.03785359
SP-011,RATE-CNY-SWAP-240M,0.03821001
SP-011,RATE-CNY-SWAP-360M,0.03881248
SP-011,RATE-CNY-INFLATION-001M,0.03789066
SP-011,RATE-CNY-INFLATION-002M,0.03794089
SP-011,RATE-CNY-INFLATION-003M,0.03798084
SP-011,RATE-CNY-INFLATION-005M,0.03804724
SP-011,RATE-CNY-INFLATION-007M,0.03810372
SP-011,RATE-CNY-INFLATION-010M,0.03817759
SP-011,RATE-CNY-INFLATION-015M,0.03828303
SP-011,RATE-CNY-INFLATION-020M,0.03837457
SP-011,RATE-CNY-INFLATION-030M,0.03853211
SP-011,RATE-CNY-INFLATION-060M,0.03889987
SP-011,RATE-CNY-INFLATION-090M,0.03918923
SP-011,RATE-CNY-INFLATION-120M,0.03943631
SP-011,RATE-CNY-INFLATION-180M,0.03985530
SP-011,RATE-CNY-INFLATION-240M,0.04021171
SP-011,RATE-CNY-INFLATION-360M,0.04081418
SP-011,CREDIT-G001-006M,0.00183963
SP-011,CREDIT-G001-012M,0.00367588
SP-011,CREDIT-G001-024M,0.00733825
SP-011,CREDIT-G001-036M,0.01098716
SP-011,CREDIT-G001-060M,0.01824478
SP-011,CREDIT-G001-084M,0.02772578
SP-011,CREDIT-G001-120M,0.03581521
SP-011,CREDIT-G001-144M,0.04266048
SP-011,CREDIT-G001-180M,0.05283119
SP-011,CREDIT-G001-240M,0.07009550
SP-011,CREDIT-G001-300M,0.08704483
SP-011,CREDIT-G001-360M,0.10368494
SP-011,CREDIT-G002-006M,0.00191948
SP-011,CREDIT-G002-012M,0.00383528
SP-011,CREDIT-G002-024M,0.00765585
SP-011,CREDIT-G002-036M,0.01146177
SP-011,CREDIT-G002-060M,0.01902987
SP-011,CREDIT-G002-084M,0.02880562
SP-011,CREDIT-G002-120M,0.03735778
SP-011,CREDIT-G002-144M,0.04449848
SP-011,CREDIT-G002-180M,0.05510390
SP-011,CREDIT-G002-240M,0.07306795
SP-011,CREDIT-G002-300M,0.09069015
SP-011,CREDIT-G002-360M,0.10797701
SP-011,CREDIT-G003-006M,0.00199933
SP-011,CREDIT-G003-012M,0.00399465
SP-011,CREDIT-G003-024M,0.00797335
SP-011,CREDIT-G003-036M,0.01193615
SP-011,CREDIT-G003-060M,0.01981433
SP-011,CREDIT-G003-084M,0.02988423
SP-011,CREDIT-G003-120M,0.03889789
SP-011,CREDIT-G003-144M,0.04633296
SP-011,CREDIT-G003-180M,0.05737118
SP-011,CREDIT-G003-240M,0.07603091
SP-011,CREDIT-G003-300M,0.09432092
SP-011,CREDIT-G003-360M,0.11224854
SP-011,CREDIT-G004-006M,0.00207916
SP-011,CREDIT-G004-012M,0.00415400
SP-011,CREDIT-G004-024M,0.00829075
SP-011,CREDIT-G004-036M,0.01241031
SP-011,CREDIT-G004-060M,0.02059817
SP-011,CREDIT-G004-084M,0.03096162
SP-011,CREDIT-G004-120M,0.04043555
SP-011,CREDIT-G004-144M,0.04816392
SP-011,CREDIT-G004-180M,0.05963304
SP-011,CREDIT-G004-240M,0.07898443
SP-011,CREDIT-G004-300M,0.09793722
SP-011,CREDIT-G004-360M,0.11649964
SP-011,CREDIT-G005-006M,0.00215899
SP-011,CREDIT-G005-012M,0.00431332
SP-011,CREDIT-G005-024M,0.00860804
SP-011,CREDIT-G005-036M,0.01288424
SP-011,CREDIT-G005-060M,0.02138138
SP-011,CREDIT-G005-084M,0.03203780
SP-011,CREDIT-G005-120M,0.04197074
SP-011,CREDIT-G005-144M,0.04999138
SP-011,CREDIT-G005-180M,0.06188948
SP-011,CREDIT-G005-240M,0.08192852
SP-011,CREDIT-G005-300M,0.10153911
SP-011,CREDIT-G005-360M,0.12073040
SP-011,CREDIT-G006-006M,0.00223882
SP-011,CREDIT-G006-012M,0.00447262
SP-011,CREDIT-G006-024M,0.00892524
SP-011,CREDIT-G006-036M,0.01335794
SP-011,CREDIT-G006-060M,0.02216396
SP-011,CREDIT-G006-084M,0.03311276
SP-011,CREDIT-G006-120M,0.04350348
SP-011,CREDIT-G006-144M,0.05181534
SP-011,CREDIT-G006-180M,0.06414053
SP-011,CREDIT-G006-240M,0.08486322
SP-011,CREDIT-G006-300M,0.10512663
SP-011,CREDIT-G006-360M,0.12494093
SP-011,CREDIT-G007-006M,0.00231863
SP-011,CREDIT-G007-012M,0.00463189
SP-011,CREDIT-G007-024M,0.00924233
SP-011,CREDIT-G007-036M,0.01383142
SP-011,CREDIT-G007-060M,0.02294592
SP-011,CREDIT-G007-084M,0.03418650
SP-011,CREDIT-G007-120M,0.04503378
SP-011,CREDIT-G007-144M,0.05363581
SP-011,CREDIT-G007-180M,0.06638619
SP-011,CREDIT-G007-240M,0.08778856
SP-011,CREDIT-G007-300M,0.10869985
SP-011,CREDIT-G007-360M,0.12913131
SP-011,CREDIT-G008-006M,0.00239845
SP-011,CREDIT-G008-012M,0.00479114
SP-011,CREDIT-G008-024M,0.00955932
SP-011,CREDIT-G008-036M,0.01430466
SP-011,CREDIT-G008-060M,0.02372725
SP-011,CREDIT-G008-084M,0.03525903
SP-011,CREDIT-G008-120M,0.04656163
SP-011,CREDIT-G008-144M,0.05545279
SP-011,CREDIT-G008-180M,0.06862648
SP-011,CREDIT-G008-240M,0.09070457
SP-011,CREDIT-G008-300M,0.11225882
SP-011,CREDIT-G008-360M,0.13330165
SP-011,CREDIT-G009-006M,0.00247825
SP-011,CREDIT-G009-012M,0.00495036
SP-011,CREDIT-G009-024M,0.00987621
SP-011,CREDIT-G009-036M,0.01477768
SP-011,CREDIT-G009-060M,0.02450795
SP-011,CREDIT-G009-084M,0.03633034
SP-011,CREDIT-G009-120M,0.04808704
SP-011,CREDIT-G009-144M,0.05726629
SP-011,CREDIT-G009-180M,0.07086141
SP-011,CREDIT-G009-240M,0.09361127
SP-011,CREDIT-G009-300M,0.11580360
SP-011,CREDIT-G009-360M,0.13745204
SP-011,CREDIT-G010-006M,0.00255805
SP-011,CREDIT-G010-012M,0.00510955
SP-011,CREDIT-G010-024M,0.01019300
SP-011,CREDIT-G010-036M,0.01525048
SP-011,CREDIT-G010-060M,0.02528803
SP-011,CREDIT-G010-084M,0.03740045
SP-011,CREDIT-G010-120M,0.04961002
SP-011,CREDIT-G010-144M,0.05907631
SP-011,CREDIT-G010-180M,0.07309099
SP-011,CREDIT-G010-240M,0.09650871
SP-011,CREDIT-G010-300M,0.11933425
SP-011,CREDIT-G010-360M,0.14158258
SP-011,CREDIT-G011-006M,0.00263784
SP-011,CREDIT-G011-012M,0.00526872
SP-011,CREDIT-G011-024M,0.01050969
SP-011,CREDIT-G011-036M,0.01572304
SP-011,CREDIT-G011-060M,0.02606749
SP-011,CREDIT-G011-084M,0.03846934
SP-011,CREDIT-G011-120M,0.05113056
SP-011,CREDIT-G011-144M,0.06088287
SP-011,CREDIT-G011-180M,0.07531523
SP-011,CREDIT-G011-240M,0.09939689
SP-011,CREDIT-G011-300M,0.12285082
SP-011,CREDIT-G011-360M,0.14569336
SP-011,CREDIT-G012-006M,0.00271763
SP-011,CREDIT-G012-012M,0.00542787
SP-011,CREDIT-G012-024M,0.01082628
SP-011,CREDIT-G012-036M,0.01619538
SP-011,CREDIT-G012-060M,0.02684633
SP-011,CREDIT-G012-084M,0.03953703
SP-011,CREDIT-G012-120M,0.05264868
SP-011,CREDIT-G012-144M,0.06268597
SP-011,CREDIT-G012-180M,0.07753416
SP-011,CREDIT-G012-240M,0.10227587
SP-011,CREDIT-G012-300M,0.12635337
SP-011,CREDIT-G012-360M,0.14978448
SP-011,CREDIT-G013-006M,0.00279741
SP-011,CREDIT-G013-012M,0.00558699
SP-011,CREDIT-G013-024M,0.01114276
SP-011,CREDIT-G013-036M,0.01666750
SP-011,CREDIT-G013-060M,0.02762454
SP-011,CREDIT-G013-084M,0.04060350
SP-011,CREDIT-G013-120M,0.05416437
SP-011,CREDIT-G013-144M,0.06448562
SP-011,CREDIT-G013-180M,0.07974778
SP-011,CREDIT-G013-240M,0.10514566
SP-011,CREDIT-G013-300M,0.12984195
SP-011,CREDIT-G013-360M,0.15385603
SP-011,CREDIT-G014-006M,0.00287718
SP-011,CREDIT-G014-012M,0.00574608
SP-011,CREDIT-G014-024M,0.01145914
SP-011,CREDIT-G014-036M,0.01713938
SP-011,CREDIT-G014-060M,0.02840213
SP-011,CREDIT-G014-084M,0.04166877
SP-011,CREDIT-G014-120M,0.05567764
SP-011,CREDIT-G014-144M,0.06628181
SP-011,CREDIT-G014-180M,0.08195610
SP-011,CREDIT-G014-240M,0.10800630
SP-011,CREDIT-G014-300M,0.13331663
SP-011,CREDIT-G014-360M,0.15790810
SP-011,CREDIT-G015-006M,0.00295695
SP-011,CREDIT-G015-012M,0.00590515
SP-011,CREDIT-G015-024M,0.01177543
SP-011,CREDIT-G015-036M,0.01761104
SP-011,CREDIT-G015-060M,0.02917909
SP-011,CREDIT-G015-084M,0.04273284
SP-011,CREDIT-G015-120M,0.05718849
SP-011,CREDIT-G015-144M,0.06807457
SP-011,CREDIT-G015-180M,0.08415914
SP-011,CREDIT-G015-240M,0.11085781
SP-011,CREDIT-G015-300M,0.13677746
SP-011,CREDIT-G015-360M,0.16194079
SP-011,CREDIT-G016-006M,0.00303671
SP-011,CREDIT-G016-012M,0.00606419
SP-011,CREDIT-G016-024M,0.01209161
SP-011,CREDIT-G016-036M,0.01808247
SP-011,CREDIT-G016-060M,0.02995544
SP-011,CREDIT-G016-084M,0.04379570
SP-011,CREDIT-G016-120M,0.05869694
SP-011,CREDIT-G016-144M,0.06986390
SP-011,CREDIT-G016-180M,0.08635691
SP-011,CREDIT-G016-240M,0.11370023
SP-011,CREDIT-G016-300M,0.14022448
SP-011,CREDIT-G016-360M,0.16595420
SP-011,CREDIT-G017-006M,0.00311646
SP-011,CREDIT-G017-012M,0.00622321
SP-011,CREDIT-G017-024M,0.01240769
SP-011,CREDIT-G017-036M,0.01855368
SP-011,CREDIT-G017-060M,0.03073117
SP-011,CREDIT-G017-084M,0.04485736
SP-011,CREDIT-G017-120M,0.06020297
SP-011,CREDIT-G017-144M,0.07164980
SP-011,CREDIT-G017-180M,0.08854942
SP-011,CREDIT-G017-240M,0.11653358
SP-011,CREDIT-G017-300M,0.14365776
SP-011,CREDIT-G017-360M,0.16994840
SP-011,CREDIT-G018-006M,0.00319621
SP-011,CREDIT-G018-012M,0.00638220
SP-011,CREDIT-G018-024M,0.01272367
SP-011,CREDIT-G018-036M,0.01902466
SP-011,CREDIT-G018-060M,0.03150627
SP-011,CREDIT-G018-084M,0.04591782
SP-011,CREDIT-G018-120M,0.06170659
SP-011,CREDIT-G018-144M,0.07343228
SP-011,CREDIT-G018-180M,0.09073668
SP-011,CREDIT-G018-240M,0.11935789
SP-011,CREDIT-G018-300M,0.14707736
SP-011,CREDIT-G018-360M,0.17392350
SP-011,CREDIT-G019-006M,0.00327595
SP-011,CREDIT-G019-012M,0.00654117
SP-011,CREDIT-G019-024M,0.01303955
SP-011,CREDIT-G019-036M,0.01949542
SP-011,CREDIT-G019-060M,0.03228076
SP-011,CREDIT-G019-084M,0.04697708
SP-011,CREDIT-G019-120M,0.06320782
SP-011,CREDIT-G019-144M,0.07521134
SP-011,CREDIT-G019-180M,0.09291872
SP-011,CREDIT-G019-240M,0.12217319
SP-011,CREDIT-G019-300M,0.15048332
SP-011,CREDIT-G019-360M,0.17787959
SP-011,CREDIT-G020-006M,0.00335568
SP-011,CREDIT-G020-012M,0.00670011
SP-011,CREDIT-G020-024M,0.01335532
SP-011,CREDIT-G020-036M,0.01996595
SP-011,CREDIT-G020-060M,0.03305462
SP-011,CREDIT-G020-084M,0.04803514
SP-011,CREDIT-G020-120M,0.06470665
SP-011,CREDIT-G020-144M,0.07698700
SP-011,CREDIT-G020-180M,0.09509553
SP-011,CREDIT-G020-240M,0.12497951
SP-011,CREDIT-G020-300M,0.15387570
SP-011,CREDIT-G020-360M,0.18181675
SP-011,CREDIT-G021-006M,0.00343541
SP-011,CREDIT-G021-012M,0.00685902
SP-011,CREDIT-G021-024M,0.01367100
SP-011,CREDIT-G021-036M,0.02043625
SP-011,CREDIT-G021-060M,0.03382787
SP-011,CREDIT-G021-084M,0.04909201
SP-011,CREDIT-G021-120M,0.06620308
SP-011,CREDIT-G021-144M,0.07875925
SP-011,CREDIT-G021-180M,0.09726714
SP-011,CREDIT-G021-240M,0.12777688
SP-011,CREDIT-G021-300M,0.15725456
SP-011,CREDIT-G021-360M,0.18573508
SP-011,CREDIT-G022-006M,0.00351513
SP-011,CREDIT-G022-012M,0.00701791
SP-011,CREDIT-G022-024M,0.01398657
SP-011,CREDIT-G022-036M,0.02090633
SP-011,CREDIT-G022-060M,0.03460050
SP-011,CREDIT-G022-084M,0.05014768
SP-011,CREDIT-G022-120M,0.06769713
SP-011,CREDIT-G022-144M,0.08052812
SP-011,CREDIT-G022-180M,0.09943355
SP-011,CREDIT-G022-240M,0.13056533
SP-011,CREDIT-G022-300M,0.16061995
SP-011,CREDIT-G022-360M,0.18963467
SP-011,CREDIT-G023-006M,0.00359485
SP-011,CREDIT-G023-012M,0.00717678
SP-011,CREDIT-G023-024M,0.01430205
SP-011,CREDIT-G023-036M,0.02137618
SP-011,CREDIT-G023-060M,0.03537251
SP-011,CREDIT-G023-084M,0.05120216
SP-011,CREDIT-G023-120M,0.06918879
SP-011,CREDIT-G023-144M,0.08229359
SP-011,CREDIT-G023-180M,0.10159478
SP-011,CREDIT-G023-240M,0.13334488
SP-011,CREDIT-G023-300M,0.16397192
SP-011,CREDIT-G023-360M,0.19351561
SP-011,CREDIT-G024-006M,0.00367456
SP-011,CREDIT-G024-012M,0.00733562
SP-011,CREDIT-G024-024M,0.01461742
SP-011,CREDIT-G024-036M,0.02184581
SP-011,CREDIT-G024-060M,0.03614390
SP-011,CREDIT-G024-084M,0.05225544
SP-011,CREDIT-G024-120M,0.07067807
SP-011,CREDIT-G024-144M,0.08405569
SP-011,CREDIT-G024-180M,0.10375083
SP-011,CREDIT-G024-240M,0.13611557
SP-011,CREDIT-G024-300M,0.16731052
SP-011,CREDIT-G024-360M,0.19737798
SP-011,CREDIT-G025-006M,0.00375426
SP-011,CREDIT-G025-012M,0.00749443
SP-011,CREDIT-G025-024M,0.01493269
SP-011,CREDIT-G025-036M,0.02231521
SP-011,CREDIT-G025-060M,0.03691468
SP-011,CREDIT-G025-084M,0.05330753
SP-011,CREDIT-G025-120M,0.07216497
SP-011,CREDIT-G025-144M,0.08581440
SP-011,CREDIT-G025-180M,0.10590173
SP-011,CREDIT-G025-240M,0.13887742
SP-011,CREDIT-G025-300M,0.17063582
SP-011,CREDIT-G025-360M,0.20122188
SP-011,CREDIT-G026-006M,0.00383396
SP-011,CREDIT-G026-012M,0.00765322
SP-011,CREDIT-G026-024M,0.01524786
SP-011,CREDIT-G026-036M,0.02278439
SP-011,CREDIT-G026-060M,0.03768484
SP-011,CREDIT-G026-084M,0.05435843
SP-011,CREDIT-G026-120M,0.07364949
SP-011,CREDIT-G026-144M,0.08756975
SP-011,CREDIT-G026-180M,0.10804749
SP-011,CREDIT-G026-240M,0.14163045
SP-011,CREDIT-G026-300M,0.17394786
SP-011,CREDIT-G026-360M,0.20504740
SP-011,CREDIT-G027-006M,0.00391365
SP-011,CREDIT-G027-012M,0.00781198
SP-011,CREDIT-G027-024M,0.01556293
SP-011,CREDIT-G027-036M,0.02325334
SP-011,CREDIT-G027-060M,0.03845438
SP-011,CREDIT-G027-084M,0.05540815
SP-011,CREDIT-G027-120M,0.07513164
SP-011,CREDIT-G027-144M,0.08932174
SP-011,CREDIT-G027-180M,0.11018811
SP-011,CREDIT-G027-240M,0.14437471
SP-011,CREDIT-G027-300M,0.17724670
SP-011,CREDIT-G027-360M,0.20885462
SP-011,CREDIT-G028-006M,0.00399333
SP-011,CREDIT-G028-012M,0.00797072
SP-011,CREDIT-G028-024M,0.01587790
SP-011,CREDIT-G028-036M,0.02372206
SP-011,CREDIT-G028-060M,0.03922331
SP-011,CREDIT-G028-084M,0.05645667
SP-011,CREDIT-G028-120M,0.07661143
SP-011,CREDIT-G028-144M,0.09107038
SP-011,CREDIT-G028-180M,0.11232361
SP-011,CREDIT-G028-240M,0.14711021
SP-011,CREDIT-G028-300M,0.18053238
SP-011,CREDIT-G028-360M,0.21264363
SP-011,CREDIT-G029-006M,0.00407301
SP-011,CREDIT-G029-012M,0.00812943
SP-011,CREDIT-G029-024M,0.01619277
SP-011,CREDIT-G029-036M,0.02419056
SP-011,CREDIT-G029-060M,0.03999163
SP-011,CREDIT-G029-084M,0.05750401
SP-011,CREDIT-G029-120M,0.07808885
SP-011,CREDIT-G029-144M,0.09281566
SP-011,CREDIT-G029-180M,0.11445400
SP-011,CREDIT-G029-240M,0.14983699
SP-011,CREDIT-G029-300M,0.18380497
SP-011,CREDIT-G029-360M,0.21641451
SP-011,CREDIT-G030-006M,0.00415268
SP-011,CREDIT-G030-012M,0.00828812
SP-011,CREDIT-G030-024M,0.01650754
SP-011,CREDIT-G030-036M,0.02465884
SP-011,CREDIT-G030-060M,0.04075932
SP-011,CREDIT-G030-084M,0.05855017
SP-011,CREDIT-G030-120M,0.07956392
SP-011,CREDIT-G030-144M,0.09455760
SP-011,CREDIT-G030-180M,0.11657930
SP-011,CREDIT-G030-240M,0.15255507
SP-011,CREDIT-G030-300M,0.18706450
SP-011,CREDIT-G030-360M,0.22016736
SP-011,CREDIT-G031-006M,0.00423234
SP-011,CREDIT-G031-012M,0.00844678
SP-011,CREDIT-G031-024M,0.01682221
SP-011,CREDIT-G031-036M,0.02512689
SP-011,CREDIT-G031-060M,0.04152641
SP-011,CREDIT-G031-084M,0.05959514
SP-011,CREDIT-G031-120M,0.08103663
SP-011,CREDIT-G031-144M,0.09629621
SP-011,CREDIT-G031-180M,0.11869951
SP-011,CREDIT-G031-240M,0.15526448
SP-011,CREDIT-G031-300M,0.19031105
SP-011,CREDIT-G031-360M,0.22390227
SP-011,CREDIT-G032-006M,0.00431200
SP-011,CREDIT-G032-012M,0.00860541
SP-011,CREDIT-G032-024M,0.01713677
SP-011,CREDIT-G032-036M,0.02559472
SP-011,CREDIT-G032-060M,0.04229288
SP-011,CREDIT-G032-084M,0.06063893
SP-011,CREDIT-G032-120M,0.08250698
SP-011,CREDIT-G032-144M,0.09803149
SP-011,CREDIT-G032-180M,0.12081465
SP-011,CREDIT-G032-240M,0.15796525
SP-011,CREDIT-G032-300M,0.19354465
SP-011,CREDIT-G032-360M,0.22761930
SP-011,CREDIT-G033-006M,0.00439165
SP-011,CREDIT-G033-012M,0.00876402
SP-011,CREDIT-G033-024M,0.01745124
SP-011,CREDIT-G033-036M,0.02606232
SP-011,CREDIT-G033-060M,0.04305874
SP-011,CREDIT-G033-084M,0.06168154
SP-011,CREDIT-G033-120M,0.08397499
SP-011,CREDIT-G033-144M,0.09976344
SP-011,CREDIT-G033-180M,0.12292473
SP-011,CREDIT-G033-240M,0.16065740
SP-011,CREDIT-G033-300M,0.19676536
SP-011,CREDIT-G033-360M,0.23131856
SP-011,CREDIT-G034-006M,0.00447130
SP-011,CREDIT-G034-012M,0.00892261
SP-011,CREDIT-G034-024M,0.01776560
SP-011,CREDIT-G034-036M,0.02652970
SP-011,CREDIT-G034-060M,0.04382399
SP-011,CREDIT-G034-084M,0.06272297
SP-011,CREDIT-G034-120M,0.08544066
SP-011,CREDIT-G034-144M,0.10149208
SP-011,CREDIT-G034-180M,0.12502977
SP-011,CREDIT-G034-240M,0.16334097
SP-011,CREDIT-G034-300M,0.19997323
SP-011,CREDIT-G034-360M,0.23500013
SP-011,CREDIT-G035-006M,0.00455094
SP-011,CREDIT-G035-012M,0.00908117
SP-011,CREDIT-G035-024M,0.01807987
SP-011,CREDIT-G035-036M,0.02699685
SP-011,CREDIT-G035-060M,0.04458862
SP-011,CREDIT-G035-084M,0.06376322
SP-011,CREDIT-G035-120M,0.08690398
SP-011,CREDIT-G035-144M,0.10321740
SP-011,CREDIT-G035-180M,0.12712977
SP-011,CREDIT-G035-240M,0.16601598
SP-011,CREDIT-G035-300M,0.20316832
SP-011,CREDIT-G035-360M,0.23866409
SP-011,CREDIT-G036-006M,0.00463057
SP-011,CREDIT-G036-012M,0.00923970
SP-011,CREDIT-G036-024M,0.01839403
SP-011,CREDIT-G036-036M,0.02746378
SP-011,CREDIT-G036-060M,0.04535265
SP-011,CREDIT-G036-084M,0.06480229
SP-011,CREDIT-G036-120M,0.08836497
SP-011,CREDIT-G036-144M,0.10493943
SP-011,CREDIT-G036-180M,0.12922474
SP-011,CREDIT-G036-240M,0.16868245
SP-011,CREDIT-G036-300M,0.20635066
SP-011,CREDIT-G036-360M,0.24231052
SP-011,CREDIT-G037-006M,0.00471020
SP-011,CREDIT-G037-012M,0.00939821
SP-011,CREDIT-G037-024M,0.01870810
SP-011,CREDIT-G037-036M,0.02793049
SP-011,CREDIT-G037-060M,0.04611606
SP-011,CREDIT-G037-084M,0.06584019
SP-011,CREDIT-G037-120M,0.08982362
SP-011,CREDIT-G037-144M,0.10665815
SP-011,CREDIT-G037-180M,0.13131470
SP-011,CREDIT-G037-240M,0.17134042
SP-011,CREDIT-G037-300M,0.20952032
SP-011,CREDIT-G037-360M,0.24593952
SP-011,CREDIT-G038-006M,0.00478982
SP-011,CREDIT-G038-012M,0.00955669
SP-011,CREDIT-G038-024M,0.01902206
SP-011,CREDIT-G038-036M,0.02839697
SP-011,CREDIT-G038-060M,0.04687886
SP-011,CREDIT-G038-084M,0.06687692
SP-011,CREDIT-G038-120M,0.09127995
SP-011,CREDIT-G038-144M,0.10837358
SP-011,CREDIT-G038-180M,0.13339967
SP-011,CREDIT-G038-240M,0.17398991
SP-011,CREDIT-G038-300M,0.21267734
SP-011,CREDIT-G038-360M,0.24955116
SP-011,CREDIT-G039-006M,0.00486943
SP-011,CREDIT-G039-012M,0.00971515
SP-011,CREDIT-G039-024M,0.01933592
SP-011,CREDIT-G039-036M,0.02886323
SP-011,CREDIT-G039-060M,0.04764105
SP-011,CREDIT-G039-084M,0.06791247
SP-011,CREDIT-G039-120M,0.09273395
SP-011,CREDIT-G039-144M,0.11008573
SP-011,CREDIT-G039-180M,0.13547965
SP-011,CREDIT-G039-240M,0.17663096
SP-011,CREDIT-G039-300M,0.21582178
SP-011,CREDIT-G039-360M,0.25314553
SP-011,CREDIT-G040-006M,0.00494904
SP-011,CREDIT-G040-012M,0.00987359
SP-011,CREDIT-G040-024M,0.01964968
SP-011,CREDIT-G040-036M,0.02932926
SP-011,CREDIT-G040-060M,0.04840264
SP-011,CREDIT-G040-084M,0.06894685
SP-011,CREDIT-G040-120M,0.09418563
SP-011,CREDIT-G040-144M,0.11179460
SP-011,CREDIT-G040-180M,0.13755465
SP-011,CREDIT-G040-240M,0.17926357
SP-011,CREDIT-G040-300M,0.21895369
SP-011,CREDIT-G040-360M,0.25672270
SP-011,CREDIT-G041-006M,0.00502864
SP-011,CREDIT-G041-012M,0.01003199
SP-011,CREDIT-G041-024M,0.01996335
SP-011,CREDIT-G041-036M,0.02979507
SP-011,CREDIT-G041-060M,0.04916361
SP-011,CREDIT-G041-084M,0.06998006
SP-011,CREDIT-G041-120M,0.09563499
SP-011,CREDIT-G041-144M,0.11350020
SP-011,CREDIT-G041-180M,0.13962468
SP-011,CREDIT-G041-240M,0.18188779
SP-011,CREDIT-G041-300M,0.22207311
SP-011,CREDIT-G041-360M,0.26028277
SP-011,CREDIT-G042-006M,0.00510823
SP-011,CREDIT-G042-012M,0.01019038
SP-011,CREDIT-G042-024M,0.02027691
SP-011,CREDIT-G042-036M,0.03026066
SP-011,CREDIT-G042-060M,0.04992397
SP-011,CREDIT-G042-084M,0.07101210
SP-011,CREDIT-G042-120M,0.09708203
SP-011,CREDIT-G042-144M,0.11520253
SP-011,CREDIT-G042-180M,0.14168977
SP-011,CREDIT-G042-240M,0.18450365
SP-011,CREDIT-G042-300M,0.22518009
SP-011,CREDIT-G042-360M,0.26382581
SP-011,CREDIT-G043-006M,0.00518782
SP-011,CREDIT-G043-012M,0.01034873
SP-011,CREDIT-G043-024M,0.02059037
SP-011,CREDIT-G043-036M,0.03072602
SP-011,CREDIT-G043-060M,0.05068373
SP-011,CREDIT-G043-084M,0.07204297
SP-011,CREDIT-G043-120M,0.09852676
SP-011,CREDIT-G043-144M,0.11690160
SP-011,CREDIT-G043-180M,0.14374992
SP-011,CREDIT-G043-240M,0.18711115
SP-011,CREDIT-G043-300M,0.22827469
SP-011,CREDIT-G043-360M,0.26735191
SP-011,CREDIT-G044-006M,0.00526740
SP-011,CREDIT-G044-012M,0.01050706
SP-011,CREDIT-G044-024M,0.02090373
SP-011,CREDIT-G044-036M,0.03119116
SP-011,CREDIT-G044-060M,0.05144288
SP-011,CREDIT-G044-084M,0.07307268
SP-011,CREDIT-G044-120M,0.09996919
SP-011,CREDIT-G044-144M,0.11859741
SP-011,CREDIT-G044-180M,0.14580514
SP-011,CREDIT-G044-240M,0.18971034
SP-011,CREDIT-G044-300M,0.23135695
SP-011,CREDIT-G044-360M,0.27086114
SP-011,CREDIT-G045-006M,0.00534698
SP-011,CREDIT-G045-012M,0.01066537
SP-011,CREDIT-G045-024M,0.02121699
SP-011,CREDIT-G045-036M,0.03165608
SP-011,CREDIT-G045-060M,0.05220142
SP-011,CREDIT-G045-084M,0.07410122
SP-011,CREDIT-G045-120M,0.10140931
SP-011,CREDIT-G045-144M,0.12028998
SP-011,CREDIT-G045-180M,0.14785544
SP-011,CREDIT-G045-240M,0.19230125
SP-011,CREDIT-G045-300M,0.23442693
SP-011,CREDIT-G045-360M,0.27435359
SP-011,CREDIT-G046-006M,0.00542655
SP-011,CREDIT-G046-012M,0.01082365
SP-011,CREDIT-G046-024M,0.02153015
SP-011,CREDIT-G046-036M,0.03212077
SP-011,CREDIT-G046-060M,0.05295936
SP-011,CREDIT-G046-084M,0.07512860
SP-011,CREDIT-G046-120M,0.10284714
SP-011,CREDIT-G046-144M,0.12197931
SP-011,CREDIT-G046-180M,0.14990084
SP-011,CREDIT-G046-240M,0.19488388
SP-011,CREDIT-G046-300M,0.23748466
SP-011,CREDIT-G046-360M,0.27782934
SP-011,CREDIT-G047-006M,0.00550611
SP-011,CREDIT-G047-012M,0.01098191
SP-011,CREDIT-G047-024M,0.02184321
SP-011,CREDIT-G047-036M,0.03258524
SP-011,CREDIT-G047-060M,0.05371669
SP-011,CREDIT-G047-084M,0.07615482
SP-011,CREDIT-G047-120M,0.10428267
SP-011,CREDIT-G047-144M,0.12366540
SP-011,CREDIT-G047-180M,0.15194134
SP-011,CREDIT-G047-240M,0.19745828
SP-011,CREDIT-G047-300M,0.24053021
SP-011,CREDIT-G047-360M,0.28128847
SP-011,CREDIT-G048-006M,0.00558567
SP-011,CREDIT-G048-012M,0.01114014
SP-011,CREDIT-G048-024M,0.02215617
SP-011,CREDIT-G048-036M,0.03304949
SP-011,CREDIT-G048-060M,0.05447341
SP-011,CREDIT-G048-084M,0.07717987
SP-011,CREDIT-G048-120M,0.10571590
SP-011,CREDIT-G048-144M,0.12534826
SP-011,CREDIT-G048-180M,0.15397697
SP-011,CREDIT-G048-240M,0.20002447
SP-011,CREDIT-G048-300M,0.24356362
SP-011,CREDIT-G048-360M,0.28473105
SP-011,CREDIT-G049-006M,0.00566522
SP-011,CREDIT-G049-012M,0.01129834
SP-011,CREDIT-G049-024M,0.02246903
SP-011,CREDIT-G049-036M,0.03351351
SP-011,CREDIT-G049-060M,0.05522953
SP-011,CREDIT-G049-084M,0.07820377
SP-011,CREDIT-G049-120M,0.10714685
SP-011,CREDIT-G049-144M,0.12702790
SP-011,CREDIT-G049-180M,0.15600773
SP-011,CREDIT-G049-240M,0.20258248
SP-011,CREDIT-G049-300M,0.24658494
SP-011,CREDIT-G049-360M,0.28815717
SP-011,CREDIT-G050-006M,0.00574476
SP-011,CREDIT-G050-012M,0.01145652
SP-011,CREDIT-G050-024M,0.02278179
SP-011,CREDIT-G050-036M,0.03397731
SP-011,CREDIT-G050-060M,0.05598504
SP-011,CREDIT-G050-084M,0.07922650
SP-011,CREDIT-G050-120M,0.10857551
SP-011,CREDIT-G050-144M,0.12870433
SP-011,CREDIT-G050-180M,0.15803363
SP-011,CREDIT-G050-240M,0.20513233
SP-011,CREDIT-G050-300M,0.24959421
SP-011,CREDIT-G050-360M,0.29156690
SP-011,CREDIT-G051-006M,0.00582430
SP-011,CREDIT-G051-012M,0.01161468
SP-011,CREDIT-G051-024M,0.02309445
SP-011,CREDIT-G051-036M,0.03444089
SP-011,CREDIT-G051-060M,0.05673995
SP-011,CREDIT-G051-084M,0.08024808
SP-011,CREDIT-G051-120M,0.11000189
SP-011,CREDIT-G051-144M,0.13037754
SP-011,CREDIT-G051-180M,0.16005468
SP-011,CREDIT-G051-240M,0.20767404
SP-011,CREDIT-G051-300M,0.25259149
SP-011,CREDIT-G051-360M,0.29496033
SP-011,CREDIT-G052-006M,0.00590383
SP-011,CREDIT-G052-012M,0.01177280
SP-011,CREDIT-G052-024M,0.02340701
SP-011,CREDIT-G052-036M,0.03490425
SP-011,CREDIT-G052-060M,0.05749426
SP-011,CREDIT-G052-084M,0.08126851
SP-011,CREDIT-G052-120M,0.11142599
SP-011,CREDIT-G052-144M,0.13204755
SP-011,CREDIT-G052-180M,0.16207090
SP-011,CREDIT-G052-240M,0.21020765
SP-011,CREDIT-G052-300M,0.25557682
SP-011,CREDIT-G052-360M,0.29833753
SP-011,CREDIT-G053-006M,0.00598335
SP-011,CREDIT-G053-012M,0.01193091
SP-011,CREDIT-G053-024M,0.02371947
SP-011,CREDIT-G053-036M,0.03536739
SP-011,CREDIT-G053-060M,0.05824796
SP-011,CREDIT-G053-084M,0.08228778
SP-011,CREDIT-G053-120M,0.11284782
SP-011,CREDIT-G053-144M,0.13371436
SP-011,CREDIT-G053-180M,0.16408229
SP-011,CREDIT-G053-240M,0.21273318
SP-011,CREDIT-G053-300M,0.25855025
SP-011,CREDIT-G053-360M,0.30169858
SP-011,CREDIT-G054-006M,0.00606287
SP-011,CREDIT-G054-012M,0.01208899
SP-011,CREDIT-G054-024M,0.02403183
SP-011,CREDIT-G054-036M,0.03583030
SP-011,CREDIT-G054-060M,0.05900106
SP-011,CREDIT-G054-084M,0.08330589
SP-011,CREDIT-G054-120M,0.11426738
SP-011,CREDIT-G054-144M,0.13537798
SP-011,CREDIT-G054-180M,0.16608888
SP-011,CREDIT-G054-240M,0.21525065
SP-011,CREDIT-G054-300M,0.26151183
SP-011,CREDIT-G054-360M,0.30504355
SP-011,CREDIT-G055-006M,0.00614238
SP-011,CREDIT-G055-012M,0.01224704
SP-011,CREDIT-G055-024M,0.02434409
SP-011,CREDIT-G055-036M,0.03629299
SP-011,CREDIT-G055-060M,0.05975356
SP-011,CREDIT-G055-084M,0.08432286
SP-011,CREDIT-G055-120M,0.11568467
SP-011,CREDIT-G055-144M,0.13703841
SP-011,CREDIT-G055-180M,0.16809067
SP-011,CREDIT-G055-240M,0.21776009
SP-011,CREDIT-G055-300M,0.26446160
SP-011,CREDIT-G055-360M,0.30837253
SP-011,CREDIT-G056-006M,0.00622189
SP-011,CREDIT-G056-012M,0.01240507
SP-011,CREDIT-G056-024M,0.02465625
SP-011,CREDIT-G056-036M,0.03675546
SP-011,CREDIT-G056-060M,0.06050546
SP-011,CREDIT-G056-084M,0.08533867
SP-011,CREDIT-G056-120M,0.11709970
SP-011,CREDIT-G056-144M,0.13869567
SP-011,CREDIT-G056-180M,0.17008766
SP-011,CREDIT-G056-240M,0.22026153
SP-011,CREDIT-G056-300M,0.26739962
SP-011,CREDIT-G056-360M,0.31168559
SP-011,CREDIT-G057-006M,0.00630139
SP-011,CREDIT-G057-012M,0.01256307
SP-011,CREDIT-G057-024M,0.02496831
SP-011,CREDIT-G057-036M,0.03721770
SP-011,CREDIT-G057-060M,0.06125675
SP-011,CREDIT-G057-084M,0.08635333
SP-011,CREDIT-G057-120M,0.11851247
SP-011,CREDIT-G057-144M,0.14034975
SP-011,CREDIT-G057-180M,0.17207989
SP-011,CREDIT-G057-240M,0.22275500
SP-011,CREDIT-G057-300M,0.27032592
SP-011,CREDIT-G057-360M,0.31498281
SP-011,CREDIT-G058-006M,0.00638088
SP-011,CREDIT-G058-012M,0.01272105
SP-011,CREDIT-G058-024M,0.02528027
SP-011,CREDIT-G058-036M,0.03767973
SP-011,CREDIT-G058-060M,0.06200745
SP-011,CREDIT-G058-084M,0.08736685
SP-011,CREDIT-G058-120M,0.11992298
SP-011,CREDIT-G058-144M,0.14200066
SP-011,CREDIT-G058-180M,0.17406734
SP-011,CREDIT-G058-240M,0.22524051
SP-011,CREDIT-G058-300M,0.27324056
SP-011,CREDIT-G058-360M,0.31826426
SP-011,CREDIT-G059-006M,0.00646037
SP-011,CREDIT-G059-012M,0.01287900
SP-011,CREDIT-G059-024M,0.02559213
SP-011,CREDIT-G059-036M,0.03814153
SP-011,CREDIT-G059-060M,0.06275754
SP-011,CREDIT-G059-084M,0.08837922
SP-011,CREDIT-G059-120M,0.12133124
SP-011,CREDIT-G059-144M,0.14364841
SP-011,CREDIT-G059-180M,0.17605005
SP-011,CREDIT-G059-240M,0.22771809
SP-011,CREDIT-G059-300M,0.27614358
SP-011,CREDIT-G059-360M,0.32153002
SP-011,CREDIT-G060-006M,0.00653985
SP-011,CREDIT-G060-012M,0.01303693
SP-011,CREDIT-G060-024M,0.02590389
SP-011,CREDIT-G060-036M,0.03860311
SP-011,CREDIT-G060-060M,0.06350704
SP-011,CREDIT-G060-084M,0.08939044
SP-011,CREDIT-G060-120M,0.12273725
SP-011,CREDIT-G060-144M,0.14529301
SP-011,CREDIT-G060-180M,0.17802801
SP-011,CREDIT-G060-240M,0.23018777
SP-011,CREDIT-G060-300M,0.27903503
SP-011,CREDIT-G060-360M,0.32478016
SP-011,CREDIT-G061-006M,0.00661932
SP-011,CREDIT-G061-012M,0.01319483
SP-011,CREDIT-G061-024M,0.02621555
SP-011,CREDIT-G061-036M,0.03906447
SP-011,CREDIT-G061-060M,0.06425593
SP-011,CREDIT-G061-084M,0.09040052
SP-011,CREDIT-G061-120M,0.12414102
SP-011,CREDIT-G061-144M,0.14693446
SP-011,CREDIT-G061-180M,0.18000124
SP-011,CREDIT-G061-240M,0.23264958
SP-011,CREDIT-G061-300M,0.28191496
SP-011,CREDIT-G061-360M,0.32801476
SP-011,CREDIT-G062-006M,0.00669879
SP-011,CREDIT-G062-012M,0.01335270
SP-011,CREDIT-G062-024M,0.02652711
SP-011,CREDIT-G062-036M,0.03952561
SP-011,CREDIT-G062-060M,0.06500423
SP-011,CREDIT-G062-084M,0.09140945
SP-011,CREDIT-G062-120M,0.12554254
SP-011,CREDIT-G062-144M,0.14857276
SP-011,CREDIT-G062-180M,0.18196975
SP-011,CREDIT-G062-240M,0.23510354
SP-011,CREDIT-G062-300M,0.28478341
SP-011,CREDIT-G062-360M,0.33123389
SP-011,CREDIT-G063-006M,0.00677825
SP-011,CREDIT-G063-012M,0.01351056
SP-011,CREDIT-G063-024M,0.02683858
SP-011,CREDIT-G063-036M,0.03998653
SP-011,CREDIT-G063-060M,0.06575192
SP-011,CREDIT-G063-084M,0.09241725
SP-011,CREDIT-G063-120M,0.12694183
SP-011,CREDIT-G063-144M,0.15020793
SP-011,CREDIT-G063-180M,0.18393355
SP-011,CREDIT-G063-240M,0.23754966
SP-011,CREDIT-G063-300M,0.28764042
SP-011,CREDIT-G063-360M,0.33443762
SP-011,CREDIT-G064-006M,0.00685770
SP-011,CREDIT-G064-012M,0.01366838
SP-011,CREDIT-G064-024M,0.02714994
SP-011,CREDIT-G064-036M,0.04044722
SP-011,CREDIT-G064-060M,0.06649902
SP-011,CREDIT-G064-084M,0.09342390
SP-011,CREDIT-G064-120M,0.12833888
SP-011,CREDIT-G064-144M,0.15183996
SP-011,CREDIT-G064-180M,0.18589266
SP-011,CREDIT-G064-240M,0.23998799
SP-011,CREDIT-G064-300M,0.29048605
SP-011,CREDIT-G064-360M,0.33762604
SP-011,CREDIT-G065-006M,0.00693715
SP-011,CREDIT-G065-012M,0.01382618
SP-011,CREDIT-G065-024M,0.02746120
SP-011,CREDIT-G065-036M,0.04090770
SP-011,CREDIT-G065-060M,0.06724553
SP-011,CREDIT-G065-084M,0.09442942
SP-011,CREDIT-G065-120M,0.12973370
SP-011,CREDIT-G065-144M,0.15346887
SP-011,CREDIT-G065-180M,0.18784708
SP-011,CREDIT-G065-240M,0.24241855
SP-011,CREDIT-G065-300M,0.29332033
SP-011,CREDIT-G065-360M,0.34079921
SP-011,CREDIT-G066-006M,0.00701659
SP-011,CREDIT-G066-012M,0.01398396
SP-011,CREDIT-G066-024M,0.02777236
SP-011,CREDIT-G066-036M,0.04136795
SP-011,CREDIT-G066-060M,0.06799143
SP-011,CREDIT-G066-084M,0.09543379
SP-011,CREDIT-G066-120M,0.13112630
SP-011,CREDIT-G066-144M,0.15509466
SP-011,CREDIT-G066-180M,0.18979682
SP-011,CREDIT-G066-240M,0.24484135
SP-011,CREDIT-G066-300M,0.29614332
SP-011,CREDIT-G066-360M,0.34395721
SP-011,CREDIT-G067-006M,0.00709603
SP-011,CREDIT-G067-012M,0.01414171
SP-011,CREDIT-G067-024M,0.02808343
SP-011,CREDIT-G067-036M,0.04182799
SP-011,CREDIT-G067-060M,0.06873674
SP-011,CREDIT-G067-084M,0.09643703
SP-011,CREDIT-G067-120M,0.13251667
SP-011,CREDIT-G067-144M,0.15671734
SP-011,CREDIT-G067-180M,0.19174191
SP-011,CREDIT-G067-240M,0.24725642
SP-011,CREDIT-G067-300M,0.29895506
SP-011,CREDIT-G067-360M,0.34710010
SP-011,CREDIT-G068-006M,0.00717546
SP-011,CREDIT-G068-012M,0.01429943
SP-011,CREDIT-G068-024M,0.02839439
SP-011,CREDIT-G068-036M,0.04228780
SP-011,CREDIT-G068-060M,0.06948145
SP-011,CREDIT-G068-084M,0.09743914
SP-011,CREDIT-G068-120M,0.13390482
SP-011,CREDIT-G068-144M,0.15833691
SP-011,CREDIT-G068-180M,0.19368234
SP-011,CREDIT-G068-240M,0.24966379
SP-011,CREDIT-G068-300M,0.30175559
SP-011,CREDIT-G068-360M,0.35022797
SP-011,CREDIT-G069-006M,0.00725488
SP-011,CREDIT-G069-012M,0.01445713
SP-011,CREDIT-G069-024M,0.02870525
SP-011,CREDIT-G069-036M,0.04274739
SP-011,CREDIT-G069-060M,0.07022557
SP-011,CREDIT-G069-084M,0.09844011
SP-011,CREDIT-G069-120M,0.13529075
SP-011,CREDIT-G069-144M,0.15995338
SP-011,CREDIT-G069-180M,0.19561813
SP-011,CREDIT-G069-240M,0.25206349
SP-011,CREDIT-G069-300M,0.30454495
SP-011,CREDIT-G069-360M,0.35334088
SP-011,CREDIT-G070-006M,0.00733430
SP-011,CREDIT-G070-012M,0.01461480
SP-011,CREDIT-G070-024M,0.02901602
SP-011,CREDIT-G070-036M,0.04320676
SP-011,CREDIT-G070-060M,0.07096909
SP-011,CREDIT-G070-084M,0.09943994
SP-011,CREDIT-G070-120M,0.13667447
SP-011,CREDIT-G070-144M,0.16156675
SP-011,CREDIT-G070-180M,0.19754929
SP-011,CREDIT-G070-240M,0.25445553
SP-011,CREDIT-G070-300M,0.30732320
SP-011,CREDIT-G070-360M,0.35643891
SP-011,CREDIT-G071-006M,0.00741371
SP-011,CREDIT-G071-012M,0.01477245
SP-011,CREDIT-G071-024M,0.02932668
SP-011,CREDIT-G071-036M,0.04366591
SP-011,CREDIT-G071-060M,0.07171202
SP-011,CREDIT-G071-084M,0.10043865
SP-011,CREDIT-G071-120M,0.13805598
SP-011,CREDIT-G071-144M,0.16317704
SP-011,CREDIT-G071-180M,0.19947583
SP-011,CREDIT-G071-240M,0.25683995
SP-011,CREDIT-G071-300M,0.31009038
SP-011,CREDIT-G071-360M,0.35952212
SP-011,CREDIT-G072-006M,0.00749311
SP-011,CREDIT-G072-012M,0.01493008
SP-011,CREDIT-G072-024M,0.02963725
SP-011,CREDIT-G072-036M,0.04412484
SP-011,CREDIT-G072-060M,0.07245435
SP-011,CREDIT-G072-084M,0.10143623
SP-011,CREDIT-G072-120M,0.13943529
SP-011,CREDIT-G072-144M,0.16478424
SP-011,CREDIT-G072-180M,0.20139776
SP-011,CREDIT-G072-240M,0.25921676
SP-011,CREDIT-G072-300M,0.31284652
SP-011,CREDIT-G072-360M,0.36259059
SP-011,CREDIT-G073-006M,0.00757251
SP-011,CREDIT-G073-012M,0.01508768
SP-011,CREDIT-G073-024M,0.02994771
SP-011,CREDIT-G073-036M,0.04458355
SP-011,CREDIT-G073-060M,0.07319609
SP-011,CREDIT-G073-084M,0.10243267
SP-011,CREDIT-G073-120M,0.14081239
SP-011,CREDIT-G073-144M,0.16638836
SP-011,CREDIT-G073-180M,0.20331510
SP-011,CREDIT-G073-240M,0.26158599
SP-011,CREDIT-G073-300M,0.31559169
SP-011,CREDIT-G073-360M,0.36564438
SP-011,CREDIT-G074-006M,0.00765190
SP-011,CREDIT-G074-012M,0.01524525
SP-011,CREDIT-G074-024M,0.03025808
SP-011,CREDIT-G074-036M,0.04504204
SP-011,CREDIT-G074-060M,0.07393724
SP-011,CREDIT-G074-084M,0.10342799
SP-011,CREDIT-G074-120M,0.14218729
SP-011,CREDIT-G074-144M,0.16798941
SP-011,CREDIT-G074-180M,0.20522785
SP-011,CREDIT-G074-240M,0.26394767
SP-011,CREDIT-G074-300M,0.31832591
SP-011,CREDIT-G074-360M,0.36868358
SP-011,CREDIT-G075-006M,0.00773129
SP-011,CREDIT-G075-012M,0.01540280
SP-011,CREDIT-G075-024M,0.03056835
SP-011,CREDIT-G075-036M,0.04550031
SP-011,CREDIT-G075-060M,0.07467779
SP-011,CREDIT-G075-084M,0.10442218
SP-011,CREDIT-G075-120M,0.14356000
SP-011,CREDIT-G075-144M,0.16958740
SP-011,CREDIT-G075-180M,0.20713603
SP-011,CREDIT-G075-240M,0.26630181
SP-011,CREDIT-G075-300M,0.32104923
SP-011,CREDIT-G075-360M,0.37170824
SP-011,CREDIT-G076-006M,0.00781066
SP-011,CREDIT-G076-012M,0.01556032
SP-011,CREDIT-G076-024M,0.03087852
SP-011,CREDIT-G076-036M,0.04595836
SP-011,CREDIT-G076-060M,0.07541776
SP-011,CREDIT-G076-084M,0.10541525
SP-011,CREDIT-G076-120M,0.14493052
SP-011,CREDIT-G076-144M,0.17118232
SP-011,CREDIT-G076-180M,0.20903964
SP-011,CREDIT-G076-240M,0.26864845
SP-011,CREDIT-G076-300M,0.32376170
SP-011,CREDIT-G076-360M,0.37471844
SP-011,CREDIT-G077-006M,0.00789004
SP-011,CREDIT-G077-012M,0.01571782
SP-011,CREDIT-G077-024M,0.03118859
SP-011,CREDIT-G077-036M,0.04641619
SP-011,CREDIT-G077-060M,0.07615713
SP-011,CREDIT-G077-084M,0.10640719
SP-011,CREDIT-G077-120M,0.14629885
SP-011,CREDIT-G077-144M,0.17277420
SP-011,CREDIT-G077-180M,0.21093870
SP-011,CREDIT-G077-240M,0.27098760
SP-011,CREDIT-G077-300M,0.32646336
SP-011,CREDIT-G077-360M,0.37771425
SP-011,CREDIT-G078-006M,0.00796940
SP-011,CREDIT-G078-012M,0.01587529
SP-011,CREDIT-G078-024M,0.03149856
SP-011,CREDIT-G078-036M,0.04687380
SP-011,CREDIT-G078-060M,0.07689590
SP-011,CREDIT-G078-084M,0.10739801
SP-011,CREDIT-G078-120M,0.14766499
SP-011,CREDIT-G078-144M,0.17436302
SP-011,CREDIT-G078-180M,0.21283322
SP-011,CREDIT-G078-240M,0.27331930
SP-011,CREDIT-G078-300M,0.32915425
SP-011,CREDIT-G078-360M,0.38069573
SP-011,CREDIT-G079-006M,0.00804876
SP-011,CREDIT-G079-012M,0.01603274
SP-011,CREDIT-G079-024M,0.03180843
SP-011,CREDIT-G079-036M,0.04733119
SP-011,CREDIT-G079-060M,0.07763409
SP-011,CREDIT-G079-084M,0.10838771
SP-011,CREDIT-G079-120M,0.14902895
SP-011,CREDIT-G079-144M,0.17594880
SP-011,CREDIT-G079-180M,0.21472321
SP-011,CREDIT-G079-240M,0.27564356
SP-011,CREDIT-G079-300M,0.33183442
SP-011,CREDIT-G079-360M,0.38366296
SP-011,CREDIT-G080-006M,0.00812811
SP-011,CREDIT-G080-012M,0.01619016
SP-011,CREDIT-G080-024M,0.03211820
SP-011,CREDIT-G080-036M,0.04778836
SP-011,CREDIT-G080-060M,0.07837169
SP-011,CREDIT-G080-084M,0.10937629
SP-011,CREDIT-G080-120M,0.15039074
SP-011,CREDIT-G080-144M,0.17753155
SP-011,CREDIT-G080-180M,0.21660868
SP-011,CREDIT-G080-240M,0.27796041
SP-011,CREDIT-G080-300M,0.33450391
SP-011,CREDIT-G080-360M,0.38661600
SP-011,CREDIT-G081-006M,0.00820746
SP-011,CREDIT-G081-012M,0.01634756
SP-011,CREDIT-G081-024M,0.03242787
SP-011,CREDIT-G081-036M,0.04824531
SP-011,CREDIT-G081-060M,0.07910870
SP-011,CREDIT-G081-084M,0.11036375
SP-011,CREDIT-G081-120M,0.15175034
SP-011,CREDIT-G081-144M,0.17911126
SP-011,CREDIT-G081-180M,0.21848964
SP-011,CREDIT-G081-240M,0.28026987
SP-011,CREDIT-G081-300M,0.33716275
SP-011,CREDIT-G081-360M,0.38955492
SP-011,CREDIT-G082-006M,0.00828680
SP-011,CREDIT-G082-012M,0.01650493
SP-011,CREDIT-G082-024M,0.03273745
SP-011,CREDIT-G082-036M,0.04870205
SP-011,CREDIT-G082-060M,0.07984512
SP-011,CREDIT-G082-084M,0.11135009
SP-011,CREDIT-G082-120M,0.15310778
SP-011,CREDIT-G082-144M,0.18068795
SP-011,CREDIT-G082-180M,0.22036610
SP-011,CREDIT-G082-240M,0.28257197
SP-011,CREDIT-G082-300M,0.33981100
SP-011,CREDIT-G082-360M,0.39247979
SP-011,CREDIT-G083-006M,0.00836613
SP-011,CREDIT-G083-012M,0.01666228
SP-011,CREDIT-G083-024M,0.03304692
SP-011,CREDIT-G083-036M,0.04915856
SP-011,CREDIT-G083-060M,0.08058095
SP-011,CREDIT-G083-084M,0.11233532
SP-011,CREDIT-G083-120M,0.15446305
SP-011,CREDIT-G083-144M,0.18226162
SP-011,CREDIT-G083-180M,0.22223807
SP-011,CREDIT-G083-240M,0.28486672
SP-011,CREDIT-G083-300M,0.34244870
SP-011,CREDIT-G083-360M,0.39539067
SP-011,CREDIT-G084-006M,0.00844546
SP-011,CREDIT-G084-012M,0.01681960
SP-011,CREDIT-G084-024M,0.03335630
SP-011,CREDIT-G084-036M,0.04961486
SP-011,CREDIT-G084-060M,0.08131619
SP-011,CREDIT-G084-084M,0.11331943
SP-011,CREDIT-G084-120M,0.15581616
SP-011,CREDIT-G084-144M,0.18383228
SP-011,CREDIT-G084-180M,0.22410557
SP-011,CREDIT-G084-240M,0.28715416
SP-011,CREDIT-G084-300M,0.34507588
SP-011,CREDIT-G084-360M,0.39828764
SP-011,CREDIT-G085-006M,0.00852478
SP-011,CREDIT-G085-012M,0.01697689
SP-011,CREDIT-G085-024M,0.03366557
SP-011,CREDIT-G085-036M,0.05007093
SP-011,CREDIT-G085-060M,0.08205084
SP-011,CREDIT-G085-084M,0.11430242
SP-011,CREDIT-G085-120M,0.15716711
SP-011,CREDIT-G085-144M,0.18539993
SP-011,CREDIT-G085-180M,0.22596860
SP-011,CREDIT-G085-240M,0.28943430
SP-011,CREDIT-G085-300M,0.34769260
SP-011,CREDIT-G085-360M,0.40117076
SP-011,CREDIT-G086-006M,0.00860410
SP-011,CREDIT-G086-012M,0.01713416
SP-011,CREDIT-G086-024M,0.03397475
SP-011,CREDIT-G086-036M,0.05052679
SP-011,CREDIT-G086-060M,0.08278491
SP-011,CREDIT-G086-084M,0.11528431
SP-011,CREDIT-G086-120M,0.15851589
SP-011,CREDIT-G086-144M,0.18696458
SP-011,CREDIT-G086-180M,0.22782718
SP-011,CREDIT-G086-240M,0.29170718
SP-011,CREDIT-G086-300M,0.35029888
SP-011,CREDIT-G086-360M,0.40404009
SP-011,CREDIT-G087-006M,0.00868341
SP-011,CREDIT-G087-012M,0.01729141
SP-011,CREDIT-G087-024M,0.03428383
SP-011,CREDIT-G087-036M,0.05098242
SP-011,CREDIT-G087-060M,0.08351838
SP-011,CREDIT-G087-084M,0.11626508
SP-011,CREDIT-G087-120M,0.15986253
SP-011,CREDIT-G087-144M,0.18852623
SP-011,CREDIT-G087-180M,0.22968131
SP-011,CREDIT-G087-240M,0.29397280
SP-011,CREDIT-G087-300M,0.35289478
SP-011,CREDIT-G087-360M,0.40689570
SP-011,CREDIT-G088-006M,0.00876271
SP-011,CREDIT-G088-012M,0.01744863
SP-011,CREDIT-G088-024M,0.03459281
SP-011,CREDIT-G088-036M,0.05143784
SP-011,CREDIT-G088-060M,0.08425128
SP-011,CREDIT-G088-084M,0.11724474
SP-011,CREDIT-G088-120M,0.16120701
SP-011,CREDIT-G088-144M,0.19008489
SP-011,CREDIT-G088-180M,0.23153101
SP-011,CREDIT-G088-240M,0.29623121
SP-011,CREDIT-G088-300M,0.35548034
SP-011,CREDIT-G088-360M,0.40973766
SP-011,CREDIT-G089-006M,0.00884200
SP-011,CREDIT-G089-012M,0.01760583
SP-011,CREDIT-G089-024M,0.03490169
SP-011,CREDIT-G089-036M,0.05189304
SP-011,CREDIT-G089-060M,0.08498358
SP-011,CREDIT-G089-084M,0.11822330
SP-011,CREDIT-G089-120M,0.16254935
SP-011,CREDIT-G089-144M,0.19164057
SP-011,CREDIT-G089-180M,0.23337628
SP-011,CREDIT-G089-240M,0.29848241
SP-011,CREDIT-G089-300M,0.35805559
SP-011,CREDIT-G089-360M,0.41256603
SP-011,CREDIT-G090-006M,0.00892129
SP-011,CREDIT-G090-012M,0.01776300
SP-011,CREDIT-G090-024M,0.03521047
SP-011,CREDIT-G090-036M,0.05234803
SP-011,CREDIT-G090-060M,0.08571530
SP-011,CREDIT-G090-084M,0.11920074
SP-011,CREDIT-G090-120M,0.16388955
SP-011,CREDIT-G090-144M,0.19319327
SP-011,CREDIT-G090-180M,0.23521714
SP-011,CREDIT-G090-240M,0.30072643
SP-011,CREDIT-G090-300M,0.36062057
SP-011,CREDIT-G090-360M,0.41538088
SP-011,CREDIT-G091-006M,0.00900058
SP-011,CREDIT-G091-012M,0.01792014
SP-011,CREDIT-G091-024M,0.03551915
SP-011,CREDIT-G091-036M,0.05280279
SP-011,CREDIT-G091-060M,0.08644644
SP-011,CREDIT-G091-084M,0.12017708
SP-011,CREDIT-G091-120M,0.16522760
SP-011,CREDIT-G091-144M,0.19474299
SP-011,CREDIT-G091-180M,0.23705360
SP-011,CREDIT-G091-240M,0.30296330
SP-011,CREDIT-G091-300M,0.36317534
SP-011,CREDIT-G091-360M,0.41818227
SP-011,CREDIT-G092-006M,0.00907985
SP-011,CREDIT-G092-012M,0.01807726
SP-011,CREDIT-G092-024M,0.03582774
SP-011,CREDIT-G092-036M,0.05325734
SP-011,CREDIT-G092-060M,0.08717699
SP-011,CREDIT-G092-084M,0.12115231
SP-011,CREDIT-G092-120M,0.16656352
SP-011,CREDIT-G092-144M,0.19628975
SP-011,CREDIT-G092-180M,0.23888567
SP-011,CREDIT-G092-240M,0.30519303
SP-011,CREDIT-G092-300M,0.36571992
SP-011,CREDIT-G092-360M,0.42097027
SP-011,CREDIT-G093-006M,0.00915912
SP-011,CREDIT-G093-012M,0.01823436
SP-011,CREDIT-G093-024M,0.03613623
SP-011,CREDIT-G093-036M,0.05371166
SP-011,CREDIT-G093-060M,0.08790695
SP-011,CREDIT-G093-084M,0.12212644
SP-011,CREDIT-G093-120M,0.16789730
SP-011,CREDIT-G093-144M,0.19783355
SP-011,CREDIT-G093-180M,0.24071335
SP-011,CREDIT-G093-240M,0.30741566
SP-011,CREDIT-G093-300M,0.36825437
SP-011,CREDIT-G093-360M,0.42374494
SP-011,CREDIT-G094-006M,0.00923839
SP-011,CREDIT-G094-012M,0.01839143
SP-011,CREDIT-G094-024M,0.03644461
SP-011,CREDIT-G094-036M,0.05416577
SP-011,CREDIT-G094-060M,0.08863634
SP-011,CREDIT-G094-084M,0.12309947
SP-011,CREDIT-G094-120M,0.16922896
SP-011,CREDIT-G094-144M,0.19937439
SP-011,CREDIT-G094-180M,0.24253667
SP-011,CREDIT-G094-240M,0.30963119
SP-011,CREDIT-G094-300M,0.37077871
SP-011,CREDIT-G094-360M,0.42650634
SP-011,CREDIT-G095-006M,0.00931765
SP-011,CREDIT-G095-012M,0.01854847
SP-011,CREDIT-G095-024M,0.03675290
SP-011,CREDIT-G095-036M,0.05461966
SP-011,CREDIT-G095-060M,0.08936514
SP-011,CREDIT-G095-084M,0.12407139
SP-011,CREDIT-G095-120M,0.17055849
SP-011,CREDIT-G095-144M,0.20091228
SP-011,CREDIT-G095-180M,0.24435563
SP-011,CREDIT-G095-240M,0.31183967
SP-011,CREDIT-G095-300M,0.37329300
SP-011,CREDIT-G095-360M,0.42925454
SP-011,CREDIT-G096-006M,0.00939690
SP-011,CREDIT-G096-012M,0.01870549
SP-011,CREDIT-G096-024M,0.03706109
SP-011,CREDIT-G096-036M,0.05507334
SP-011,CREDIT-G096-060M,0.09009335
SP-011,CREDIT-G096-084M,0.12504222
SP-011,CREDIT-G096-120M,0.17188590
SP-011,CREDIT-G096-144M,0.20244722
SP-011,CREDIT-G096-180M,0.24617023
SP-011,CREDIT-G096-240M,0.31404110
SP-011,CREDIT-G096-300M,0.37579726
SP-011,CREDIT-G096-360M,0.43198961
SP-011,CREDIT-G097-006M,0.00947614
SP-011,CREDIT-G097-012M,0.01886249
SP-011,CREDIT-G097-024M,0.03736918
SP-011,CREDIT-G097-036M,0.05552679
SP-011,CREDIT-G097-060M,0.09082099
SP-011,CREDIT-G097-084M,0.12601194
SP-011,CREDIT-G097-120M,0.17321118
SP-011,CREDIT-G097-144M,0.20397923
SP-011,CREDIT-G097-180M,0.24798050
SP-011,CREDIT-G097-240M,0.31623551
SP-011,CREDIT-G097-300M,0.37829155
SP-011,CREDIT-G097-360M,0.43471160
SP-011,CREDIT-G098-006M,0.00955538
SP-011,CREDIT-G098-012M,0.01901946
SP-011,CREDIT-G098-024M,0.03767717
SP-011,CREDIT-G098-036M,0.05598003
SP-011,CREDIT-G098-060M,0.09154804
SP-011,CREDIT-G098-084M,0.12698057
SP-011,CREDIT-G098-120M,0.17453435
SP-011,CREDIT-G098-144M,0.20550830
SP-011,CREDIT-G098-180M,0.24978644
SP-011,CREDIT-G098-240M,0.31842293
SP-011,CREDIT-G098-300M,0.38077589
SP-011,CREDIT-G098-360M,0.43742057
SP-011,CREDIT-G099-006M,0.00963461
SP-011,CREDIT-G099-012M,0.01917640
SP-011,CREDIT-G099-024M,0.03798507
SP-011,CREDIT-G099-036M,0.05643305
SP-011,CREDIT-G099-060M,0.09227451
SP-011,CREDIT-G099-084M,0.12794810
SP-011,CREDIT-G099-120M,0.17585541
SP-011,CREDIT-G099-144M,0.20703445
SP-011,CREDIT-G099-180M,0.25158805
SP-011,CREDIT-G099-240M,0.32060337
SP-011,CREDIT-G099-300M,0.38325034
SP-011,CREDIT-G099-360M,0.44011660
SP-011,CREDIT-G100-006M,0.00971384
SP-011,CREDIT-G100-012M,0.01933332
SP-011,CREDIT-G100-024M,0.03829286
SP-011,CREDIT-G100-036M,0.05688586
SP-011,CREDIT-G100-060M,0.09300040
SP-011,CREDIT-G100-084M,0.12891454
SP-011,CREDIT-G100-120M,0.17717436
SP-011,CREDIT-G100-144M,0.20855767
SP-011,CREDIT-G100-180M,0.25338537
SP-011,CREDIT-G100-240M,0.32277686
SP-011,CREDIT-G100-300M,0.38571493
SP-011,CREDIT-G100-360M,0.44279973
SP-011,FX-USDEUR-1D,0.98040365
SP-011,FX-USDEUR-1M,0.98288872
SP-011,FX-USDEUR-3M,0.98631348
SP-011,FX-USDGBP-1D,0.82439757
SP-011,FX-USDGBP-1M,0.82318068
SP-011,FX-USDGBP-3M,0.82182410
SP-011,FX-USDJPY-1D,160.57219315
SP-011,FX-USDJPY-1M,161.87564536
SP-011,FX-USDJPY-3M,163.68203789
SP-011,FX-USDCHF-1D,0.96092035
SP-011,FX-USDCHF-1M,0.96713484
SP-011,FX-USDCHF-3M,0.97599025
SP-011,FX-USDCAD-1D,1.41362707
SP-011,FX-USDCAD-1M,1.41326660
SP-011,FX-USDCAD-3M,1.41351441
SP-011,FX-USDAUD-1D,1.59214084
SP-011,FX-USDAUD-1M,1.58919316
SP-011,FX-USDAUD-3M,1.58645576
SP-011,FX-USDNZD-1D,1.71850915
SP-011,FX-USDNZD-1M,1.71189850
SP-011,FX-USDNZD-3M,1.70428611
SP-011,FX-USDSEK-1D,11.15063831
SP-011,FX-USDSEK-1M,11.17792727
SP-011,FX-USDSEK-3M,11.21879377
SP-011,FX-USDNOK-1D,11.17960857
SP-011,FX-USDNOK-1M,11.17218079
SP-011,FX-USDNOK-3M,11.16860254
SP-011,FX-USDDKK-1D,7.29547588
SP-011,FX-USDDKK-1M,7.31215138
SP-011,FX-USDDKK-3M,7.33643872
SP-011,FX-USDPLN-1D,4.21449470
SP-011,FX-USDPLN-1M,4.19898723
SP-011,FX-USDPLN-3M,4.18029727
SP-011,FX-USDCZK-1D,24.53852188
SP-011,FX-USDCZK-1M,24.48223690
SP-011,FX-USDCZK-3M,24.41767275
SP-011,FX-USDHUF-1D,376.23561690
SP-011,FX-USDHUF-1M,373.72025209
SP-011,FX-USDHUF-3M,370.51942103
SP-011,FX-USDSGD-1D,1.42289352
SP-011,FX-USDSGD-1M,1.42497807
SP-011,FX-USDSGD-3M,1.42829453
SP-011,FX-USDHKD-1D,7.93554365
SP-011,FX-USDHKD-1M,7.93453180
SP-011,FX-USDHKD-3M,7.93522743
SP-011,FX-USDKRW-1D,1450.09598431
SP-011,FX-USDKRW-1M,1454.01557776
SP-011,FX-USDKRW-3M,1459.07561207
SP-011,FX-USDCNY-1D,7.50337861
SP-011,FX-USDCNY-1M,7.53468238
SP-011,FX-USDCNY-3M,7.57850042
SP-011,FX-USDINR-1D,87.71133118
SP-011,FX-USDINR-1M,87.18930107
SP-011,FX-USDINR-3M,86.51385973
SP-011,FX-USDBRL-1D,5.27104191
SP-011,FX-USDBRL-1M,5.21037196
SP-011,FX-USDBRL-3M,5.12298826
SP-011,FX-EURGBP-1D,0.84087566
SP-011,FX-EURGBP-1M,0.83751158
SP-011,FX-EURGBP-3M,0.83322809
SP-011,FX-EURJPY-1D,163.78171696
SP-011,FX-EURJPY-1M,164.69376730
SP-011,FX-EURJPY-3M,165.95336144
SP-011,FX-EURCHF-1D,0.98012727
SP-011,FX-EURCHF-1M,0.98397186
SP-011,FX-EURCHF-3M,0.98953351
SP-011,FX-EURCAD-1D,1.44188271
SP-011,FX-EURCAD-1M,1.43787041
SP-011,FX-EURCAD-3M,1.43312895
SP-011,FX-EURAUD-1D,1.62396462
SP-011,FX-EURAUD-1M,1.61685971
SP-011,FX-EURAUD-3M,1.60847011
SP-011,FX-EURNZD-1D,1.75285879
SP-011,FX-EURNZD-1M,1.74170125
SP-011,FX-EURNZD-3M,1.72793553
SP-011,FX-EURSEK-1D,11.37351774
SP-011,FX-EURSEK-1M,11.37252579
SP-011,FX-EURSEK-3M,11.37447066
SP-011,FX-EURNOK-1D,11.40306706
SP-011,FX-EURNOK-1M,11.36667927
SP-011,FX-EURNOK-3M,11.32358295
SP-011,FX-EURDKK-1D,7.44129816
SP-011,FX-EURDKK-1M,7.43944992
SP-011,FX-EURDKK-3M,7.43824235
SP-011,FX-EURPLN-1D,4.29873420
SP-011,FX-EURPLN-1M,4.27208815
SP-011,FX-EURPLN-3M,4.23830490
SP-011,FX-EURCZK-1D,25.02899890
SP-011,FX-EURCZK-1M,24.90845252
SP-011,FX-EURCZK-3M,24.75650306
SP-011,FX-EURHUF-1D,383.75583039
SP-011,FX-EURHUF-1M,380.22641451
SP-011,FX-EURHUF-3M,375.66091058
SP-011,FX-EURSGD-1D,1.45133438
SP-011,FX-EURSGD-1M,1.44978577
SP-011,FX-EURSGD-3M,1.44811416
SP-011,FX-EURHKD-1D,8.09415963
SP-011,FX-EURHKD-1M,8.07266548
SP-011,FX-EURHKD-3M,8.04534012
SP-011,FX-EURKRW-1D,1479.08056442
SP-011,FX-EURKRW-1M,1479.32879387
SP-011,FX-EURKRW-3M,1479.32238346
SP-011,FX-EURCNY-1D,7.65335646
SP-011,FX-EURCNY-1M,7.66585501
SP-011,FX-EURCNY-3M,7.68366300
SP-011,FX-EURINR-1D,89.46450900
SP-011,FX-EURINR-1M,88.70719513
SP-011,FX-EURINR-3M,87.71436389
SP-011,FX-EURBRL-1D,5.37639972
SP-011,FX-EURBRL-1M,5.30108025
SP-011,FX-EURBRL-3M,5.19407708
SP-011,FX-GBPJPY-1D,194.77519024
SP-011,FX-GBPJPY-1M,196.64655620
SP-011,FX-GBPJPY-3M,199.16918772
SP-011,FX-GBPCHF-1D,1.16560309
SP-011,FX-GBPCHF-1M,1.17487554
SP-011,FX-GBPCHF-3M,1.18759020
SP-011,FX-GBPCAD-1D,1.71473950
SP-011,FX-GBPCAD-1M,1.71683645
SP-011,FX-GBPCAD-3M,1.71997197
SP-011,FX-GBPAUD-1D,1.93127795
SP-011,FX-GBPAUD-1M,1.93055207
SP-011,FX-GBPAUD-3M,1.93040793
SP-011,FX-GBPNZD-1D,2.08456359
SP-011,FX-GBPNZD-1M,2.07961453
SP-011,FX-GBPNZD-3M,2.07378455
SP-011,FX-GBPSEK-1D,13.52580204
SP-011,FX-GBPSEK-1M,13.57894758
SP-011,FX-GBPSEK-3M,13.65108885
SP-011,FX-GBPNOK-1D,13.56094317
SP-011,FX-GBPNOK-1M,13.57196675
SP-011,FX-GBPNOK-3M,13.59001589
SP-011,FX-GBPDKK-1D,8.84946312
SP-011,FX-GBPDKK-1M,8.88280250
SP-011,FX-GBPDKK-3M,8.92701825
SP-011,FX-GBPPLN-1D,5.11221147
SP-011,FX-GBPPLN-1M,5.10093027
SP-011,FX-GBPPLN-3M,5.08660829
SP-011,FX-GBPCZK-1D,29.76539819
SP-011,FX-GBPCZK-1M,29.74102474
SP-011,FX-GBPCZK-3M,29.71155608
SP-011,FX-GBPHUF-1D,456.37642744
SP-011,FX-GBPHUF-1M,453.99541352
SP-011,FX-GBPHUF-3M,450.85003261
SP-011,FX-GBPSGD-1D,1.72597977
SP-011,FX-GBPSGD-1M,1.73106356
SP-011,FX-GBPSGD-3M,1.73795649
SP-011,FX-GBPHKD-1D,9.62586979
SP-011,FX-GBPHKD-1M,9.63887032
SP-011,FX-GBPHKD-3M,9.65562759
SP-011,FX-GBPKRW-1D,1758.97654299
SP-011,FX-GBPKRW-1M,1766.33832337
SP-011,FX-GBPKRW-3M,1775.41108493
SP-011,FX-GBPCNY-1D,9.10165059
SP-011,FX-GBPCNY-1M,9.15313319
SP-011,FX-GBPCNY-3M,9.22156024
SP-011,FX-GBPINR-1D,106.39445649
SP-011,FX-GBPINR-1M,105.91757490
SP-011,FX-GBPINR-3M,105.27053176
SP-011,FX-GBPBRL-1D,6.39381060
SP-011,FX-GBPBRL-1M,6.32956057
SP-011,FX-GBPBRL-3M,6.23367978
SP-011,FX-JPYCHF-1D,0.00598435
SP-011,FX-JPYCHF-1M,0.00597455
SP-011,FX-JPYCHF-3M,0.00596272
SP-011,FX-JPYCAD-1D,0.00880369
SP-011,FX-JPYCAD-1M,0.00873057
SP-011,FX-JPYCAD-3M,0.00863573
SP-011,FX-JPYAUD-1D,0.00991542
SP-011,FX-JPYAUD-1M,0.00981737
SP-011,FX-JPYAUD-3M,0.00969230
SP-011,FX-JPYNZD-1D,0.01070241
SP-011,FX-JPYNZD-1M,0.01057539
SP-011,FX-JPYNZD-3M,0.01041218
SP-011,FX-JPYSEK-1D,0.06944315
SP-011,FX-JPYSEK-1M,0.06905256
SP-011,FX-JPYSEK-3M,0.06854016
SP-011,FX-JPYNOK-1D,0.06962357
SP-011,FX-JPYNOK-1M,0.06901706
SP-011,FX-JPYNOK-3M,0.06823353
SP-011,FX-JPYDKK-1D,0.04543424
SP-011,FX-JPYDKK-1M,0.04517141
SP-011,FX-JPYDKK-3M,0.04482128
SP-011,FX-JPYPLN-1D,0.02624673
SP-011,FX-JPYPLN-1M,0.02593959
SP-011,FX-JPYPLN-3M,0.02553913
SP-011,FX-JPYCZK-1D,0.15281925
SP-011,FX-JPYCZK-1M,0.15124101
SP-011,FX-JPYCZK-3M,0.14917747
SP-011,FX-JPYHUF-1D,2.34309322
SP-011,FX-JPYHUF-1M,2.30868733
SP-011,FX-JPYHUF-3M,2.26365352
SP-011,FX-JPYSGD-1D,0.00886139
SP-011,FX-JPYSGD-1M,0.00880292
SP-011,FX-JPYSGD-3M,0.00872603
SP-011,FX-JPYHKD-1D,0.04942041
SP-011,FX-JPYHKD-1M,0.04901622
SP-011,FX-JPYHKD-3M,0.04847952
SP-011,FX-JPYKRW-1D,9.03080388
SP-011,FX-JPYKRW-1M,8.98229980
SP-011,FX-JPYKRW-3M,8.91408508
SP-011,FX-JPYCNY-1D,0.04672900
SP-011,FX-JPYCNY-1M,0.04654611
SP-011,FX-JPYCNY-3M,0.04630013
SP-011,FX-JPYINR-1D,0.54624234
SP-011,FX-JPYINR-1M,0.53861902
SP-011,FX-JPYINR-3M,0.52854828
SP-011,FX-JPYBRL-1D,0.03282662
SP-011,FX-JPYBRL-1M,0.03218750
SP-011,FX-JPYBRL-3M,0.03129841
SP-011,FX-CHFCAD-1D,1.47111784
SP-011,FX-CHFCAD-1M,1.46129220
SP-011,FX-CHFCAD-3M,1.44828743
SP-011,FX-CHFAUD-1D,1.65689158
SP-011,FX-CHFAUD-1M,1.64319710
SP-011,FX-CHFAUD-3M,1.62548321
SP-011,FX-CHFNZD-1D,1.78839916
SP-011,FX-CHFNZD-1M,1.77007221
SP-011,FX-CHFNZD-3M,1.74621224
SP-011,FX-CHFSEK-1D,11.60412336
SP-011,FX-CHFSEK-1M,11.55777541
SP-011,FX-CHFSEK-3M,11.49478061
SP-011,FX-CHFNOK-1D,11.63427182
SP-011,FX-CHFNOK-1M,11.55183365
SP-011,FX-CHFNOK-3M,11.44335465
SP-011,FX-CHFDKK-1D,7.59217542
SP-011,FX-CHFDKK-1M,7.56063279
SP-011,FX-CHFDKK-3M,7.51691806
SP-011,FX-CHFPLN-1D,4.38589389
SP-011,FX-CHFPLN-1M,4.34167715
SP-011,FX-CHFPLN-3M,4.28313426
SP-011,FX-CHFCZK-1D,25.53647847
SP-011,FX-CHFCZK-1M,25.31419187
SP-011,FX-CHFCZK-3M,25.01835733
SP-011,FX-CHFHUF-1D,391.53673468
SP-011,FX-CHFHUF-1M,386.42000758
SP-011,FX-CHFHUF-3M,379.63434790
SP-011,FX-CHFSGD-1D,1.48076115
SP-011,FX-CHFSGD-1M,1.47340165
SP-011,FX-CHFSGD-3M,1.46343115
SP-011,FX-CHFHKD-1D,8.25827409
SP-011,FX-CHFHKD-1M,8.20416293
SP-011,FX-CHFHKD-3M,8.13043722
SP-011,FX-CHFKRW-1D,1509.06990504
SP-011,FX-CHFKRW-1M,1503.42591132
SP-011,FX-CHFKRW-3M,1494.96945933
SP-011,FX-CHFCNY-1D,7.80853335
SP-011,FX-CHFCNY-1M,7.79072584
SP-011,FX-CHFCNY-3M,7.76493458
SP-011,FX-CHFINR-1D,91.27846132
SP-011,FX-CHFINR-1M,90.15216647
SP-011,FX-CHFINR-3M,88.64213550
SP-011,FX-CHFBRL-1D,5.48540980
SP-011,FX-CHFBRL-1M,5.38743073
SP-011,FX-CHFBRL-3M,5.24901583
SP-011,FX-CADAUD-1D,1.12628067
SP-011,FX-CADAUD-1M,1.12448222
SP-011,FX-CADAUD-3M,1.12234848
SP-011,FX-CADNZD-1D,1.21567363
SP-011,FX-CADNZD-1M,1.21130614
SP-011,FX-CADNZD-3M,1.20570834
SP-011,FX-CADSEK-1D,7.88796320
SP-011,FX-CADSEK-1M,7.90928428
SP-011,FX-CADSEK-3M,7.93680891
SP-011,FX-CADNOK-1D,7.90845677
SP-011,FX-CADNOK-1M,7.90521818
SP-011,FX-CADNOK-3M,7.90130080
SP-011,FX-CADDKK-1D,5.16082072
SP-011,FX-CADDKK-1M,5.17393633
SP-011,FX-CADDKK-3M,5.19021148
SP-011,FX-CADPLN-1D,2.98133418
SP-011,FX-CADPLN-1M,2.97112183
SP-011,FX-CADPLN-3M,2.95737860
SP-011,FX-CADCZK-1D,17.35855404
SP-011,FX-CADCZK-1M,17.32315543
SP-011,FX-CADCZK-3M,17.27444204
SP-011,FX-CADHUF-1D,266.14913150
SP-011,FX-CADHUF-1M,264.43719339
SP-011,FX-CADHUF-3M,262.12638397
SP-011,FX-CADSGD-1D,1.00655509
SP-011,FX-CADSGD-1M,1.00828681
SP-011,FX-CADSGD-3M,1.01045629
SP-011,FX-CADHKD-1D,5.61360476
SP-011,FX-CADHKD-1M,5.61432063
SP-011,FX-CADHKD-3M,5.61382846
SP-011,FX-CADKRW-1D,1025.79811554
SP-011,FX-CADKRW-1M,1028.83318842
SP-011,FX-CADKRW-3M,1032.23256980
SP-011,FX-CADCNY-1D,5.30789115
SP-011,FX-CADCNY-1M,5.33139495
SP-011,FX-CADCNY-3M,5.36145961
SP-011,FX-CADINR-1D,62.04700876
SP-011,FX-CADINR-1M,61.69345637
SP-011,FX-CADINR-3M,61.20479502
SP-011,FX-CADBRL-1D,3.72873584
SP-011,FX-CADBRL-1M,3.68675802
SP-011,FX-CADBRL-3M,3.62429150
SP-011,FX-AUDNZD-1D,1.07937006
SP-011,FX-AUDNZD-1M,1.07721235
SP-011,FX-AUDNZD-3M,1.07427270
SP-011,FX-AUDSEK-1D,7.00355019
SP-011,FX-AUDSEK-1M,7.03371215
SP-011,FX-AUDSEK-3M,7.07160835
SP-011,FX-AUDNOK-1D,7.02174598
SP-011,FX-AUDNOK-1M,7.03009617
SP-011,FX-AUDNOK-3M,7.03997101
SP-011,FX-AUDDKK-1D,4.58217996
SP-011,FX-AUDDKK-1M,4.60117218
SP-011,FX-AUDDKK-3M,4.62442062
SP-011,FX-AUDPLN-1D,2.64706148
SP-011,FX-AUDPLN-1M,2.64221325
SP-011,FX-AUDPLN-3M,2.63499140
SP-011,FX-AUDCZK-1D,15.41228087
SP-011,FX-AUDCZK-1M,15.40545066
SP-011,FX-AUDCZK-3M,15.39133547
SP-011,FX-AUDHUF-1D,236.30799891
SP-011,FX-AUDHUF-1M,235.16351590
SP-011,FX-AUDHUF-3M,233.55168878
SP-011,FX-AUDSGD-1D,0.89369827
SP-011,FX-AUDSGD-1M,0.89666763
SP-011,FX-AUDSGD-3M,0.90030530
SP-011,FX-AUDHKD-1D,4.98419702
SP-011,FX-AUDHKD-1M,4.99280514
SP-011,FX-AUDHKD-3M,5.00185864
SP-011,FX-AUDKRW-1D,910.78373468
SP-011,FX-AUDKRW-1M,914.93948622
SP-011,FX-AUDKRW-3M,919.70772358
SP-011,FX-AUDCNY-1D,4.71276058
SP-011,FX-AUDCNY-1M,4.74119984
SP-011,FX-AUDCNY-3M,4.77700080
SP-011,FX-AUDINR-1D,55.09018345
SP-011,FX-AUDINR-1M,54.86387872
SP-011,FX-AUDINR-3M,54.53279071
SP-011,FX-AUDBRL-1D,3.31066308
SP-011,FX-AUDBRL-1M,3.27862721
SP-011,FX-AUDBRL-3M,3.22920336
SP-011,FX-NZDSEK-1D,6.48855334
SP-011,FX-NZDSEK-1M,6.52955024
SP-011,FX-NZDSEK-3M,6.58269388
SP-011,FX-NZDNOK-1D,6.50541113
SP-011,FX-NZDNOK-1M,6.52619346
SP-011,FX-NZDNOK-3M,6.55324387
SP-011,FX-NZDDKK-1D,4.24523539
SP-011,FX-NZDDKK-1M,4.27136970
SP-011,FX-NZDDKK-3M,4.30469899
SP-011,FX-NZDPLN-1D,2.45241330
SP-011,FX-NZDPLN-1M,2.45282488
SP-011,FX-NZDPLN-3M,2.45281425
SP-011,FX-NZDCZK-1D,14.27895908
SP-011,FX-NZDCZK-1M,14.30121990
SP-011,FX-NZDCZK-3M,14.32721451
SP-011,FX-NZDHUF-1D,218.93140117
SP-011,FX-NZDHUF-1M,218.30748267
SP-011,FX-NZDHUF-3M,217.40447094
SP-011,FX-NZDSGD-1D,0.82798135
SP-011,FX-NZDSGD-1M,0.83239636
SP-011,FX-NZDSGD-3M,0.83806030
SP-011,FX-NZDHKD-1D,4.61769065
SP-011,FX-NZDHKD-1M,4.63493122
SP-011,FX-NZDHKD-3M,4.65604182
SP-011,FX-NZDKRW-1D,843.81045127
SP-011,FX-NZDKRW-1M,849.35852091
SP-011,FX-NZDKRW-3M,856.12128137
SP-011,FX-NZDCNY-1D,4.36621393
SP-011,FX-NZDCNY-1M,4.40136047
SP-011,FX-NZDCNY-3M,4.44673013
SP-011,FX-NZDINR-1D,51.03919930
SP-011,FX-NZDINR-1M,50.93134965
SP-011,FX-NZDINR-3M,50.76252103
SP-011,FX-NZDBRL-1D,3.06721783
SP-011,FX-NZDBRL-1M,3.04362201
SP-011,FX-NZDBRL-3M,3.00594379
SP-011,FX-SEKNOK-1D,1.00259808
SP-011,FX-SEKNOK-1M,0.99948591
SP-011,FX-SEKNOK-3M,0.99552615
SP-011,FX-SEKDKK-1D,0.65426531
SP-011,FX-SEKDKK-1M,0.65415986
SP-011,FX-SEKDKK-3M,0.65394185
SP-011,FX-SEKPLN-1D,0.37795995
SP-011,FX-SEKPLN-1M,0.37564990
SP-011,FX-SEKPLN-3M,0.37261557
SP-011,FX-SEKCZK-1D,2.20063831
SP-011,FX-SEKCZK-1M,2.19023047
SP-011,FX-SEKCZK-3M,2.17649716
SP-011,FX-SEKHUF-1D,33.74117306
SP-011,FX-SEKHUF-1M,33.43377025
SP-011,FX-SEKHUF-3M,33.02667190
SP-011,FX-SEKSGD-1D,0.12760646
SP-011,FX-SEKSGD-1M,0.12748142
SP-011,FX-SEKSGD-3M,0.12731266
SP-011,FX-SEKHKD-1D,0.71166721
SP-011,FX-SEKHKD-1M,0.70983928
SP-011,FX-SEKHKD-3M,0.70731556
SP-011,FX-SEKKRW-1D,130.04600673
SP-011,FX-SEKKRW-1M,130.07917685
SP-011,FX-SEKKRW-3M,130.05637163
SP-011,FX-SEKCNY-1D,0.67291023
SP-011,FX-SEKCNY-1M,0.67406794
SP-011,FX-SEKCNY-3M,0.67551829
SP-011,FX-SEKINR-1D,7.86603679
SP-011,FX-SEKINR-1M,7.80013136
SP-011,FX-SEKINR-3M,7.71151173
SP-011,FX-SEKBRL-1D,0.47271212
SP-011,FX-SEKBRL-1M,0.46613042
SP-011,FX-SEKBRL-3M,0.45664341
SP-011,FX-NOKDKK-1D,0.65256988
SP-011,FX-NOKDKK-1M,0.65449633
SP-011,FX-NOKDKK-3M,0.65688063
SP-011,FX-NOKPLN-1D,0.37698052
SP-011,FX-NOKPLN-1M,0.37584312
SP-011,FX-NOKPLN-3M,0.37429009
SP-011,FX-NOKCZK-1D,2.19493569
SP-011,FX-NOKCZK-1M,2.19135703
SP-011,FX-NOKCZK-3M,2.18627824
SP-011,FX-NOKHUF-1D,33.65373792
SP-011,FX-NOKHUF-1M,33.45096712
SP-011,FX-NOKHUF-3M,33.17509239
SP-011,FX-NOKSGD-1D,0.12727579
SP-011,FX-NOKSGD-1M,0.12754699
SP-011,FX-NOKSGD-3M,0.12788480
SP-011,FX-NOKHKD-1D,0.70982303
SP-011,FX-NOKHKD-1M,0.71020439
SP-011,FX-NOKHKD-3M,0.71049421
SP-011,FX-NOKKRW-1D,129.70901218
SP-011,FX-NOKKRW-1M,130.14608388
SP-011,FX-NOKKRW-3M,130.64083955
SP-011,FX-NOKCNY-1D,0.67116649
SP-011,FX-NOKCNY-1M,0.67441465
SP-011,FX-NOKCNY-3M,0.67855404
SP-011,FX-NOKINR-1D,7.84565315
SP-011,FX-NOKINR-1M,7.80414341
SP-011,FX-NOKINR-3M,7.74616694
SP-011,FX-NOKBRL-1D,0.47148716
SP-011,FX-NOKBRL-1M,0.46637018
SP-011,FX-NOKBRL-3M,0.45869555
SP-011,FX-DKKPLN-1D,0.57768606
SP-011,FX-DKKPLN-1M,0.57424785
SP-011,FX-DKKPLN-3M,0.56979925
SP-011,FX-DKKCZK-1D,3.36352587
SP-011,FX-DKKCZK-1M,3.34815783
SP-011,FX-DKKCZK-3M,3.32827325
SP-011,FX-DKKHUF-1D,51.57108641
SP-011,FX-DKKHUF-1M,51.10947966
SP-011,FX-DKKHUF-3M,50.50398910
SP-011,FX-DKKSGD-1D,0.19503779
SP-011,FX-DKKSGD-1M,0.19487809
SP-011,FX-DKKSGD-3M,0.19468499
SP-011,FX-DKKHKD-1D,1.08773489
SP-011,FX-DKKHKD-1M,1.08511591
SP-011,FX-DKKHKD-3M,1.08161844
SP-011,FX-DKKKRW-1D,198.76646960
SP-011,FX-DKKKRW-1M,198.84921724
SP-011,FX-DKKKRW-3M,198.88063790
SP-011,FX-DKKCNY-1D,1.02849749
SP-011,FX-DKKCNY-1M,1.03043304
SP-011,FX-DKKCNY-3M,1.03299444
SP-011,FX-DKKINR-1D,12.02270183
SP-011,FX-DKKINR-1M,11.92389169
SP-011,FX-DKKINR-3M,11.79235090
SP-011,FX-DKKBRL-1D,0.72250831
SP-011,FX-DKKBRL-1M,0.71256347
SP-011,FX-DKKBRL-3M,0.69829361
SP-011,FX-PLNCZK-1D,5.82241137
SP-011,FX-PLNCZK-1M,5.83050996
SP-011,FX-PLNCZK-3M,5.84113310
SP-011,FX-PLNHUF-1D,89.27182104
SP-011,FX-PLNHUF-1M,89.00247402
SP-011,FX-PLNHUF-3M,88.63470637
SP-011,FX-PLNSGD-1D,0.33761901
SP-011,FX-PLNSGD-1M,0.33936233
SP-011,FX-PLNSGD-3M,0.34167296
SP-011,FX-PLNHKD-1D,1.88291698
SP-011,FX-PLNHKD-1M,1.88962990
SP-011,FX-PLNHKD-3M,1.89824477
SP-011,FX-PLNKRW-1D,344.07350976
SP-011,FX-PLNKRW-1M,346.27768488
SP-011,FX-PLNKRW-3M,349.03632876
SP-011,FX-PLNCNY-1D,1.78037443
SP-011,FX-PLNCNY-1M,1.79440469
SP-011,FX-PLNCNY-3M,1.81290945
SP-011,FX-PLNINR-1D,20.81182618
SP-011,FX-PLNINR-1M,20.76436441
SP-011,FX-PLNINR-3M,20.69562382
SP-011,FX-PLNBRL-1D,1.25069369
SP-011,FX-PLNBRL-1M,1.24086397
SP-011,FX-PLNBRL-3M,1.22550812
SP-011,FX-CZKHUF-1D,15.33244825
SP-011,FX-CZKHUF-1M,15.26495531
SP-011,FX-CZKHUF-3M,15.17423158
SP-011,FX-CZKSGD-1D,0.05798611
SP-011,FX-CZKSGD-1M,0.05820457
SP-011,FX-CZKSGD-3M,0.05849429
SP-011,FX-CZKHKD-1D,0.32339127
SP-011,FX-CZKHKD-1M,0.32409342
SP-011,FX-CZKHKD-3M,0.32497886
SP-011,FX-CZKKRW-1D,59.09467536
SP-011,FX-CZKKRW-1M,59.39063428
SP-011,FX-CZKKRW-3M,59.75490076
SP-011,FX-CZKCNY-1D,0.30577957
SP-011,FX-CZKCNY-1M,0.30776119
SP-011,FX-CZKCNY-3M,0.31036948
SP-011,FX-CZKINR-1D,3.57443417
SP-011,FX-CZKINR-1M,3.56132903
SP-011,FX-CZKINR-3M,3.54308376
SP-011,FX-CZKBRL-1D,0.21480682
SP-011,FX-CZKBRL-1M,0.21282254
SP-011,FX-CZKBRL-3M,0.20980657
SP-011,FX-HUFSGD-1D,0.00378192
SP-011,FX-HUFSGD-1M,0.00381295
SP-011,FX-HUFSGD-3M,0.00385484
SP-011,FX-HUFHKD-1D,0.02109195
SP-011,FX-HUFHKD-1M,0.02123121
SP-011,FX-HUFHKD-3M,0.02141650
SP-011,FX-HUFKRW-1D,3.85422304
SP-011,FX-HUFKRW-1M,3.89065235
SP-011,FX-HUFKRW-3M,3.93791939
SP-011,FX-HUFCNY-1D,0.01994330
SP-011,FX-HUFCNY-1M,0.02016129
SP-011,FX-HUFCNY-3M,0.02045372
SP-011,FX-HUFINR-1D,0.23312873
SP-011,FX-HUFINR-1M,0.23330098
SP-011,FX-HUFINR-3M,0.23349345
SP-011,FX-HUFBRL-1D,0.01400995
SP-011,FX-HUFBRL-1M,0.01394190
SP-011,FX-HUFBRL-3M,0.01382650
SP-011,FX-SGDHKD-1D,5.57704672
SP-011,FX-SGDHKD-1M,5.56817817
SP-011,FX-SGDHKD-3M,5.55573608
SP-011,FX-SGDKRW-1D,1019.11770745
SP-011,FX-SGDKRW-1M,1020.37751000
SP-011,FX-SGDKRW-3M,1021.55093809
SP-011,FX-SGDCNY-1D,5.27332404
SP-011,FX-SGDCNY-1M,5.28757777
SP-011,FX-SGDCNY-3M,5.30597876
SP-011,FX-SGDINR-1D,61.64293379
SP-011,FX-SGDINR-1M,61.18641594
SP-011,FX-SGDINR-3M,60.57144252
SP-011,FX-SGDBRL-1D,3.70445281
SP-011,FX-SGDBRL-1M,3.65645764
SP-011,FX-SGDBRL-3M,3.58678701
SP-011,FX-HKDKRW-1D,182.73429629
SP-011,FX-HKDKRW-1M,183.25159109
SP-011,FX-HKDKRW-3M,183.87319395
SP-011,FX-HKDCNY-1D,0.94554059
SP-011,FX-HKDCNY-1M,0.94960643
SP-011,FX-HKDCNY-3M,0.95504514
SP-011,FX-HKDINR-1D,11.05297067
SP-011,FX-HKDINR-1M,10.98858801
SP-011,FX-HKDINR-3M,10.90250538
SP-011,FX-HKDBRL-1D,0.66423199
SP-011,FX-HKDBRL-1M,0.65667037
SP-011,FX-HKDBRL-3M,0.64560068
SP-011,FX-KRWCNY-1D,0.00517440
SP-011,FX-KRWCNY-1M,0.00518198
SP-011,FX-KRWCNY-3M,0.00519404
SP-011,FX-KRWINR-1D,0.06048657
SP-011,FX-KRWINR-1M,0.05996449
SP-011,FX-KRWINR-3M,0.05929361
SP-011,FX-KRWBRL-1D,0.00363496
SP-011,FX-KRWBRL-1M,0.00358344
SP-011,FX-KRWBRL-3M,0.00351112
SP-011,FX-CNYINR-1D,11.68957822
SP-011,FX-CNYINR-1M,11.57172879
SP-011,FX-CNYINR-3M,11.41569637
SP-011,FX-CNYBRL-1D,0.70248913
SP-011,FX-CNYBRL-1M,0.69151846
SP-011,FX-CNYBRL-3M,0.67598970
SP-011,FX-INRBRL-1D,0.06009534
SP-011,FX-INRBRL-1M,0.05975930
SP-011,FX-INRBRL-3M,0.05921581
SP-011,OPTION-EQA-030D-K050,44.99243584
SP-011,OPTION-EQA-030D-K060,35.99394867
SP-011,OPTION-EQA-030D-K070,26.99546150
SP-011,OPTION-EQA-030D-K080,17.99698123
SP-011,OPTION-EQA-030D-K090,9.03242844
SP-011,OPTION-EQA-030D-K100,1.85839014
SP-011,OPTION-EQA-030D-K110,0.06335553
SP-011,OPTION-EQA-030D-K120,0.00028409
SP-011,OPTION-EQA-030D-K130,0.00000022
SP-011,OPTION-EQA-030D-K140,0.00000000
SP-011,OPTION-EQA-030D-K150,0.00000000
SP-011,OPTION-EQA-090D-K050,44.99243584
SP-011,OPTION-EQA-090D-K060,35.99394868
SP-011,OPTION-EQA-090D-K070,26.99551780
SP-011,OPTION-EQA-090D-K080,18.01251500
SP-011,OPTION-EQA-090D-K090,9.45847776
SP-011,OPTION-EQA-090D-K100,3.23857500
SP-011,OPTION-EQA-090D-K110,0.63894709
SP-011,OPTION-EQA-090D-K120,0.07255156
SP-011,OPTION-EQA-090D-K130,0.00507517
SP-011,OPTION-EQA-090D-K140,0.00023806
SP-011,OPTION-EQA-090D-K150,0.00000812
SP-011,OPTION-EQA-180D-K050,44.99243588
SP-011,OPTION-EQA-180D-K060,35.99401550
SP-011,OPTION-EQA-180D-K070,27.00326068
SP-011,OPTION-EQA-180D-K080,18.16873306
SP-011,OPTION-EQA-180D-K090,10.27023134
SP-011,OPTION-EQA-180D-K100,4.61499098
SP-011,OPTION-EQA-180D-K110,1.62023129
SP-011,OPTION-EQA-180D-K120,0.45120293
SP-011,OPTION-EQA-180D-K130,0.10283492
SP-011,OPTION-EQA-180D-K140,0.01985551
SP-011,OPTION-EQA-180D-K150,0.00335417
SP-011,OPTION-EQA-360D-K050,44.99264682
SP-011,OPTION-EQA-360D-K060,36.00412964
SP-011,OPTION-EQA-360D-K070,27.13171775
SP-011,OPTION-EQA-360D-K080,18.80115709
SP-011,OPTION-EQA-360D-K090,11.76208221
SP-011,OPTION-EQA-360D-K100,6.60332499
SP-011,OPTION-EQA-360D-K110,3.34578407
SP-011,OPTION-EQA-360D-K120,1.54826410
SP-011,OPTION-EQA-360D-K130,0.66381155
SP-011,OPTION-EQA-360D-K140,0.26740869
SP-011,OPTION-EQA-360D-K150,0.10249256
SP-011,OPTION-EQA-720D-K050,45.01461160
SP-011,OPTION-EQA-720D-K060,36.17795437
SP-011,OPTION-EQA-720D-K070,27.80389979
SP-011,OPTION-EQA-720D-K080,20.35213371
SP-011,OPTION-EQA-720D-K090,14.20114473
SP-011,OPTION-EQA-720D-K100,9.48674151
SP-011,OPTION-EQA-720D-K110,6.10511901
SP-011,OPTION-EQA-720D-K120,3.80897158
SP-011,OPTION-EQA-720D-K130,2.31810929
SP-011,OPTION-EQA-720D-K140,1.38364694
SP-011,OPTION-EQA-720D-K150,0.81375242
SP-011,OPTION-EQB-030D-K050,46.52626888
SP-011,OPTION-EQB-030D-K060,37.22101510
SP-011,OPTION-EQB-030D-K070,27.91576133
SP-011,OPTION-EQB-030D-K080,18.61052905
SP-011,OPTION-EQB-030D-K090,9.35451858
SP-011,OPTION-EQB-030D-K100,2.02813383
SP-011,OPTION-EQB-030D-K110,0.08804111
SP-011,OPTION-EQB-030D-K120,0.00063589
SP-011,OPTION-EQB-030D-K130,0.00000096
SP-011,OPTION-EQB-030D-K140,0.00000000
SP-011,OPTION-EQB-030D-K150,0.00000000
SP-011,OPTION-EQB-090D-K050,46.52626888
SP-011,OPTION-EQB-090D-K060,37.22101515
SP-011,OPTION-EQB-090D-K070,27.91591147
SP-011,OPTION-EQB-090D-K080,18.63559168
SP-011,OPTION-EQB-090D-K090,9.87239506
SP-011,OPTION-EQB-090D-K100,3.53312010
SP-011,OPTION-EQB-090D-K110,0.77472303
SP-011,OPTION-EQB-090D-K120,0.10448681
SP-011,OPTION-EQB-090D-K130,0.00920518
SP-011,OPTION-EQB-090D-K140,0.00057032
SP-011,OPTION-EQB-090D-K150,0.00002665
SP-011,OPTION-EQB-180D-K050,46.52626910
SP-011,OPTION-EQB-180D-K060,37.22119404
SP-011,OPTION-EQB-180D-K070,27.92941901
SP-011,OPTION-EQB-180D-K080,18.84372047
SP-011,OPTION-EQB-180D-K090,10.79979948
SP-011,OPTION-EQB-180D-K100,5.03244371
SP-011,OPTION-EQB-180D-K110,1.88590633
SP-011,OPTION-EQB-180D-K120,0.57704729
SP-011,OPTION-EQB-180D-K130,0.14823227
SP-011,OPTION-EQB-180D-K140,0.03294704
SP-011,OPTION-EQB-180D-K150,0.00651627
SP-011,OPTION-EQB-360D-K050,46.52678484
SP-011,OPTION-EQB-360D-K060,37.23876244
SP-011,OPTION-EQB-360D-K070,28.10801325
SP-011,OPTION-EQB-360D-K080,19.60531385
SP-011,OPTION-EQB-360D-K090,12.46111099
SP-011,OPTION-EQB-360D-K100,7.19546683
SP-011,OPTION-EQB-360D-K110,3.79896860
SP-011,OPTION-EQB-360D-K120,1.85418320
SP-011,OPTION-EQB-360D-K130,0.84734344
SP-011,OPTION-EQB-360D-K140,0.36702611
SP-011,OPTION-EQB-360D-K150,0.15233566
SP-011,OPTION-EQB-720D-K050,46.56298586
SP-011,OPTION-EQB-720D-K060,37.47896777
SP-011,OPTION-EQB-720D-K070,28.93375833
SP-011,OPTION-EQB-720D-K080,21.37552417
SP-011,OPTION-EQB-720D-K090,15.13985964
SP-011,OPTION-EQB-720D-K100,10.32673453
SP-011,OPTION-EQB-720D-K110,6.82283370
SP-011,OPTION-EQB-720D-K120,4.39125283
SP-011,OPTION-EQB-720D-K130,2.76809666
SP-011,OPTION-EQB-720D-K140,1.71704574
SP-011,OPTION-EQB-720D-K150,1.05225416
SP-011,OPTION-EQC-030D-K050,48.06010192
SP-011,OPTION-EQC-030D-K060,38.44808154
SP-011,OPTION-EQC-030D-K070,28.83606115
SP-011,OPTION-EQC-030D-K080,19.22409848
SP-011,OPTION-EQC-030D-K090,9.68070378
SP-011,OPTION-EQC-030D-K100,2.20488790
SP-011,OPTION-EQC-030D-K110,0.11822454
SP-011,OPTION-EQC-030D-K120,0.00128634
SP-011,OPTION-EQC-030D-K130,0.00000347
SP-011,OPTION-EQC-030D-K140,0.00000000
SP-011,OPTION-EQC-030D-K150,0.00000000
SP-011,OPTION-EQC-090D-K050,48.06010192
SP-011,OPTION-EQC-090D-K060,38.44808174
SP-011,OPTION-EQC-090D-K070,28.83641404
SP-011,OPTION-EQC-090D-K080,19.26236750
SP-011,OPTION-EQC-090D-K090,10.29859283
SP-011,OPTION-EQC-090D-K100,3.83978375
SP-011,OPTION-EQC-090D-K110,0.92430834
SP-011,OPTION-EQC-090D-K120,0.14472903
SP-011,OPTION-EQC-090D-K130,0.01555262
SP-011,OPTION-EQC-090D-K140,0.00122374
SP-011,OPTION-EQC-090D-K150,0.00007496
SP-011,OPTION-EQC-180D-K050,48.06010287
SP-011,OPTION-EQC-180D-K060,38.44850378
SP-011,OPTION-EQC-180D-K070,28.85845083
SP-011,OPTION-EQC-180D-K080,19.53105479
SP-011,OPTION-EQC-180D-K090,11.34706277
SP-011,OPTION-EQC-180D-K100,5.46698345
SP-011,OPTION-EQC-180D-K110,2.17102226
SP-011,OPTION-EQC-180D-K120,0.72126725
SP-011,OPTION-EQC-180D-K130,0.20552659
SP-011,OPTION-EQC-180D-K140,0.05158294
SP-011,OPTION-EQC-180D-K150,0.01168599
SP-011,OPTION-EQC-360D-K050,48.06122934
SP-011,OPTION-EQC-360D-K060,38.47707574
SP-011,OPTION-EQC-360D-K070,29.09776686
SP-011,OPTION-EQC-360D-K080,20.43202838
SP-011,OPTION-EQC-360D-K090,13.18434026
SP-011,OPTION-EQC-360D-K100,7.81162564
SP-011,OPTION-EQC-360D-K110,4.27868430
SP-011,OPTION-EQC-360D-K120,2.18867523
SP-011,OPTION-EQC-360D-K130,1.05753713
SP-011,OPTION-EQC-360D-K140,0.48788933
SP-011,OPTION-EQC-360D-K150,0.21696838
SP-011,OPTION-EQC-720D-K050,48.11751933
SP-011,OPTION-EQC-720D-K060,38.79737703
SP-011,OPTION-EQC-720D-K070,30.09170132
SP-011,OPTION-EQC-720D-K080,22.43152359
SP-011,OPTION-EQC-720D-K090,16.11148286
SP-011,OPTION-EQC-720D-K100,11.20026519
SP-011,OPTION-EQC-720D-K110,7.57672474
SP-011,OPTION-EQC-720D-K120,5.01300149
SP-011,OPTION-EQC-720D-K130,3.25944690
SP-011,OPTION-EQC-720D-K140,2.09119470
SP-011,OPTION-EQC-720D-K150,1.32845257
SP-011,OPTION-EQD-030D-K050,49.59393496
SP-011,OPTION-EQD-030D-K060,39.67514797
SP-011,OPTION-EQD-030D-K070,29.75636098
SP-011,OPTION-EQD-030D-K080,19.83771109
SP-011,OPTION-EQD-030D-K090,10.01137889
SP-011,OPTION-EQD-030D-K100,2.38865172
SP-011,OPTION-EQD-030D-K110,0.15426675
SP-011,OPTION-EQD-030D-K120,0.00239398
SP-011,OPTION-EQD-030D-K130,0.00001065
SP-011,OPTION-EQD-030D-K140,0.00000002
SP-011,OPTION-EQD-030D-K150,0.00000000
SP-011,OPTION-EQD-090D-K050,49.59393496
SP-011,OPTION-EQD-090D-K060,39.67514879
SP-011,OPTION-EQD-090D-K070,29.75710858
SP-011,OPTION-EQD-090D-K080,19.89352678
SP-011,OPTION-EQD-090D-K090,10.73709245
SP-011,OPTION-EQD-090D-K100,4.15856261
SP-011,OPTION-EQD-090D-K110,1.08766029
SP-011,OPTION-EQD-090D-K120,0.19404685
SP-011,OPTION-EQD-090D-K130,0.02477798
SP-011,OPTION-EQD-090D-K140,0.00239783
SP-011,OPTION-EQD-090D-K150,0.00018561
SP-011,OPTION-EQD-180D-K050,49.59393833
SP-011,OPTION-EQD-180D-K060,39.67604594
SP-011,OPTION-EQD-180D-K070,29.79111195
SP-011,OPTION-EQD-180D-K080,20.23137768
SP-011,OPTION-EQD-180D-K090,11.91187418
SP-011,OPTION-EQD-180D-K100,5.91860067
SP-011,OPTION-EQD-180D-K110,2.47541149
SP-011,OPTION-EQD-180D-K120,0.88419866
SP-011,OPTION-EQD-180D-K130,0.27584746
SP-011,OPTION-EQD-180D-K140,0.07694994
SP-011,OPTION-EQD-180D-K150,0.01961360
SP-011,OPTION-EQD-360D-K050,49.59618006
SP-011,OPTION-EQD-360D-K060,39.72003304
SP-011,OPTION-EQD-360D-K070,30.10205576
SP-011,OPTION-EQD-360D-K080,21.28139567
SP-011,OPTION-EQD-360D-K090,13.93157713
SP-011,OPTION-EQD-360D-K100,8.45177438
SP-011,OPTION-EQD-360D-K110,4.78473910
SP-011,OPTION-EQD-360D-K120,2.55159383
SP-011,OPTION-EQD-360D-K130,1.29489123
SP-011,OPTION-EQD-360D-K140,0.63131878
SP-011,OPTION-EQD-360D-K150,0.29818993
SP-011,OPTION-EQD-720D-K050,49.67954672
SP-011,OPTION-EQD-720D-K060,40.13453705
SP-011,OPTION-EQD-720D-K070,31.27808345
SP-011,OPTION-EQD-720D-K080,23.51985099
SP-011,OPTION-EQD-720D-K090,17.11580475
SP-011,OPTION-EQD-720D-K100,12.10725688
SP-011,OPTION-EQD-720D-K110,8.36658423
SP-011,OPTION-EQD-720D-K120,5.67385185
SP-011,OPTION-EQD-720D-K130,3.79193294
SP-011,OPTION-EQD-720D-K140,2.50638193
SP-011,OPTION-EQD-720D-K150,1.64337803
SP-011,OPTION-EQE-030D-K050,51.12776800
SP-011,OPTION-EQE-030D-K060,40.90221440
SP-011,OPTION-EQE-030D-K070,30.67666081
SP-011,OPTION-EQE-030D-K080,20.45140147
SP-011,OPTION-EQE-030D-K090,10.34689022
SP-011,OPTION-EQE-030D-K100,2.57942461
SP-011,OPTION-EQE-030D-K110,0.19647102
SP-011,OPTION-EQE-030D-K120,0.00415679
SP-011,OPTION-EQE-030D-K130,0.00002857
SP-011,OPTION-EQE-030D-K140,0.00000008
SP-011,OPTION-EQE-030D-K150,0.00000000
SP-011,OPTION-EQE-090D-K050,51.12776800
SP-011,OPTION-EQE-090D-K060,40.90221716
SP-011,OPTION-EQE-090D-K070,30.67811377
SP-011,OPTION-EQE-090D-K080,20.52972924
SP-011,OPTION-EQE-090D-K090,11.18789197
SP-011,OPTION-EQE-090D-K100,4.48945316
SP-011,OPTION-EQE-090D-K110,1.26472560
SP-011,OPTION-EQE-090D-K120,0.25311276
SP-011,OPTION-EQE-090D-K130,0.03758285
SP-011,OPTION-EQE-090D-K140,0.00435617
SP-011,OPTION-EQE-090D-K150,0.00041347
SP-011,OPTION-EQE-180D-K050,51.12777827
SP-011,OPTION-EQE-180D-K060,40.90396607
SP-011,OPTION-EQE-180D-K070,30.72818323
SP-011,OPTION-EQE-180D-K080,20.94521641
SP-011,OPTION-EQE-180D-K090,12.49409916
SP-011,OPTION-EQE-180D-K100,6.38728541
SP-011,OPTION-EQE-180D-K110,2.79892460
SP-011,OPTION-EQE-180D-K120,1.06608628
SP-011,OPTION-EQE-180D-K130,0.36018810
SP-011,OPTION-EQE-180D-K140,0.11022628
SP-011,OPTION-EQE-180D-K150,0.03114443
SP-011,OPTION-EQE-360D-K050,51.13190611
SP-011,OPTION-EQE-360D-K060,40.96863081
SP-011,OPTION-EQE-360D-K070,31.12180877
SP-011,OPTION-EQE-360D-K080,22.15345480
SP-011,OPTION-EQE-360D-K090,14.70265222
SP-011,OPTION-EQE-360D-K100,9.11588485
SP-011,OPTION-EQE-360D-K110,5.31696483
SP-011,OPTION-EQE-360D-K120,2.94278263
SP-011,OPTION-EQE-360D-K130,1.55977059
SP-011,OPTION-EQE-360D-K140,0.79842490
SP-011,OPTION-EQE-360D-K150,0.39763744
SP-011,OPTION-EQE-720D-K050,51.25040027
SP-011,OPTION-EQE-720D-K060,41.49161450
SP-011,OPTION-EQE-720D-K070,32.49314221
SP-011,OPTION-EQE-720D-K080,24.64023791
SP-011,OPTION-EQE-720D-K090,18.15263482
SP-011,OPTION-EQE-720D-K100,13.04762978
SP-011,OPTION-EQE-720D-K110,9.19222184
SP-011,OPTION-EQE-720D-K120,6.37346967
SP-011,OPTION-EQE-720D-K130,4.36530817
SP-011,OPTION-EQE-720D-K140,2.96276826
SP-011,OPTION-EQE-720D-K150,1.99782272
SP-011,OPTION-EQF-030D-K050,52.66160104
SP-011,OPTION-EQF-030D-K060,42.12928083
SP-011,OPTION-EQF-030D-K070,31.59696066
SP-011,OPTION-EQF-030D-K080,21.06522058
SP-011,OPTION-EQF-030D-K090,10.68753810
SP-011,OPTION-EQF-030D-K100,2.77720586
SP-011,OPTION-EQF-030D-K110,0.24509019
SP-011,OPTION-EQF-030D-K120,0.00680894
SP-011,OPTION-EQF-030D-K130,0.00006851
SP-011,OPTION-EQF-030D-K140,0.00000030
SP-011,OPTION-EQF-030D-K150,0.00000000
SP-011,OPTION-EQF-090D-K050,52.66160104
SP-011,OPTION-EQF-090D-K060,42.12928890
SP-011,OPTION-EQF-090D-K070,31.59958757
SP-011,OPTION-EQF-090D-K080,21.17159767
SP-011,OPTION-EQF-090D-K090,11.65097385
SP-011,OPTION-EQF-090D-K100,4.83245174
SP-011,OPTION-EQF-090D-K110,1.45544550
SP-011,OPTION-EQF-090D-K120,0.32250879
SP-011,OPTION-EQF-090D-K130,0.05468851
SP-011,OPTION-EQF-090D-K140,0.00742662
SP-011,OPTION-EQF-090D-K150,0.00084287
SP-011,OPTION-EQF-180D-K050,52.66162852
SP-011,OPTION-EQF-180D-K060,42.13245893
SP-011,OPTION-EQF-180D-K070,31.67044812
SP-011,OPTION-EQF-180D-K080,21.67300088
SP-011,OPTION-EQF-180D-K090,13.09361520
SP-011,OPTION-EQF-180D-K100,6.87302732
SP-011,OPTION-EQF-180D-K110,3.14142833
SP-011,OPTION-EQF-180D-K120,1.26710448
SP-011,OPTION-EQF-180D-K130,0.45941220
SP-011,OPTION-EQF-180D-K140,0.15255397
SP-011,OPTION-EQF-180D-K150,0.04719388
SP-011,OPTION-EQF-360D-K050,52.66874820
SP-011,OPTION-EQF-360D-K060,42.22387016
SP-011,OPTION-EQF-360D-K070,32.15781876
SP-011,OPTION-EQF-360D-K080,23.04820490
SP-011,OPTION-EQF-360D-K090,15.49741551
SP-011,OPTION-EQF-360D-K100,9.80392768
SP-011,OPTION-EQF-360D-K110,5.87521273
SP-011,OPTION-EQF-360D-K120,3.36208216
SP-011,OPTION-EQF-360D-K130,1.85243577
SP-011,OPTION-EQF-360D-K140,0.99013350
SP-011,OPTION-EQF-360D-K150,0.51677966
SP-011,OPTION-EQF-720D-K050,52.83137747
SP-011,OPTION-EQF-720D-K060,42.86960317
SP-011,OPTION-EQF-720D-K070,33.73702496
SP-011,OPTION-EQF-720D-K080,25.79242926
SP-011,OPTION-EQF-720D-K090,19.22179748
SP-011,OPTION-EQF-720D-K100,14.02130090
SP-011,OPTION-EQF-720D-K110,10.05346072
SP-011,OPTION-EQF-720D-K120,7.11154774
SP-011,OPTION-EQF-720D-K130,4.97931657
SP-011,OPTION-EQF-720D-K140,3.46041909
SP-011,OPTION-EQF-720D-K150,2.39238539
SP-011,OPTION-EQG-030D-K050,54.19543408
SP-011,OPTION-EQG-030D-K060,43.35634726
SP-011,OPTION-EQG-030D-K070,32.51726057
SP-011,OPTION-EQG-030D-K080,21.67923832
SP-011,OPTION-EQG-030D-K090,11.03358080
SP-011,OPTION-EQG-030D-K100,2.98199474
SP-011,OPTION-EQG-030D-K110,0.30033370
SP-011,OPTION-EQG-030D-K120,0.01061575
SP-011,OPTION-EQG-030D-K130,0.00014940
SP-011,OPTION-EQG-030D-K140,0.00000099
SP-011,OPTION-EQG-030D-K150,0.00000000
SP-011,OPTION-EQG-090D-K050,54.19543408
SP-011,OPTION-EQG-090D-K060,43.35636820
SP-011,OPTION-EQG-090D-K070,32.52172830
SP-011,OPTION-EQG-090D-K080,21.81971022
SP-011,OPTION-EQG-090D-K090,12.12631041
SP-011,OPTION-EQG-090D-K100,5.18755455
SP-011,OPTION-EQG-090D-K110,1.65975923
SP-011,OPTION-EQG-090D-K120,0.40273449
SP-011,OPTION-EQG-090D-K130,0.07681735
SP-011,OPTION-EQG-090D-K140,0.01199736
SP-011,OPTION-EQG-090D-K150,0.00159406
SP-011,OPTION-EQG-180D-K050,54.19550009
SP-011,OPTION-EQG-180D-K060,43.36177048
SP-011,OPTION-EQG-180D-K070,32.61867449
SP-011,OPTION-EQG-180D-K080,22.41507924
SP-011,OPTION-EQG-180D-K090,13.71031102
SP-011,OPTION-EQG-180D-K100,7.37581561
SP-011,OPTION-EQG-180D-K110,3.50280354
SP-011,OPTION-EQG-180D-K120,1.48737358
SP-011,OPTION-EQG-180D-K130,0.57426436
SP-011,OPTION-EQG-180D-K140,0.20501900
SP-011,OPTION-EQG-180D-K150,0.06872207
SP-011,OPTION-EQG-360D-K050,54.20711619
SP-011,OPTION-EQG-360D-K060,43.48673365
SP-011,OPTION-EQG-360D-K070,33.21075699
SP-011,OPTION-EQG-360D-K080,23.96561689
SP-011,OPTION-EQG-360D-K090,16.31573294
SP-011,OPTION-EQG-360D-K100,10.51587234
SP-011,OPTION-EQG-360D-K110,6.45934986
SP-011,OPTION-EQG-360D-K120,3.80933419
SP-011,OPTION-EQG-360D-K130,2.17306629
SP-011,OPTION-EQG-360D-K140,1.20721086
SP-011,OPTION-EQG-360D-K150,0.65691961
SP-011,OPTION-EQG-720D-K050,54.42371734
SP-011,OPTION-EQG-720D-K060,44.26934178
SP-011,OPTION-EQG-720D-K070,35.00980989
SP-011,OPTION-EQG-720D-K080,26.97618317
SP-011,OPTION-EQG-720D-K090,20.32312870
SP-011,OPTION-EQG-720D-K100,15.02818407
SP-011,OPTION-EQG-720D-K110,10.95013439
SP-011,OPTION-EQG-720D-K120,7.88780185
SP-011,OPTION-EQG-720D-K130,5.63369916
SP-011,OPTION-EQG-720D-K140,3.99932854
SP-011,OPTION-EQG-720D-K150,2.82750861
SP-011,OPTION-EQH-030D-K050,55.72926712
SP-011,OPTION-EQH-030D-K060,44.58341370
SP-011,OPTION-EQH-030D-K070,33.43756068
SP-011,OPTION-EQH-030D-K080,22.29354514
SP-011,OPTION-EQH-030D-K090,11.38523891
SP-011,OPTION-EQH-030D-K100,3.19379050
SP-011,OPTION-EQH-030D-K110,0.36237418
SP-011,OPTION-EQH-030D-K120,0.01586720
SP-011,OPTION-EQH-030D-K130,0.00030055
SP-011,OPTION-EQH-030D-K140,0.00000286
SP-011,OPTION-EQH-030D-K150,0.00000002
SP-011,OPTION-EQH-090D-K050,55.72926714
SP-011,OPTION-EQH-090D-K060,44.58346278
SP-011,OPTION-EQH-090D-K070,33.44477340
SP-011,OPTION-EQH-090D-K080,22.47459669
SP-011,OPTION-EQH-090D-K090,12.61386765
SP-011,OPTION-EQH-090D-K100,5.55475763
SP-011,OPTION-EQH-090D-K110,1.87760614
SP-011,OPTION-EQH-090D-K120,0.49421592
SP-011,OPTION-EQH-090D-K130,0.10467777
SP-011,OPTION-EQH-090D-K140,0.01850981
SP-011,OPTION-EQH-090D-K150,0.00282816
SP-011,OPTION-EQH-180D-K050,55.72941178
SP-011,OPTION-EQH-180D-K060,44.59219660
SP-011,OPTION-EQH-180D-K070,33.57360102
SP-011,OPTION-EQH-180D-K080,23.17173164
SP-011,OPTION-EQH-180D-K090,14.34408551
SP-011,OPTION-EQH-180D-K100,7.89563908
SP-011,OPTION-EQH-180D-K110,3.88294347
SP-011,OPTION-EQH-180D-K120,1.72697253
SP-011,OPTION-EQH-180D-K130,0.70538207
SP-011,OPTION-EQH-180D-K140,0.26863844
SP-011,OPTION-EQH-180D-K150,0.09671011
SP-011,OPTION-EQH-360D-K050,55.74748286
SP-011,OPTION-EQH-360D-K060,44.75816775
SP-011,OPTION-EQH-360D-K070,34.28118792
SP-011,OPTION-EQH-360D-K080,24.90564198
SP-011,OPTION-EQH-360D-K090,17.15748366
SP-011,OPTION-EQH-360D-K100,11.25168715
SP-011,OPTION-EQH-360D-K110,7.06925621
SP-011,OPTION-EQH-360D-K120,4.28438427
SP-011,OPTION-EQH-360D-K130,2.52177896
SP-011,OPTION-EQH-360D-K140,1.45028701
SP-011,OPTION-EQH-360D-K150,0.81920307
SP-011,OPTION-EQH-720D-K050,56.02858424
SP-011,OPTION-EQH-720D-K060,45.69153219
SP-011,OPTION-EQH-720D-K070,36.31152220
SP-011,OPTION-EQH-720D-K080,28.19127025
SP-011,OPTION-EQH-720D-K090,21.45647344
SP-011,OPTION-EQH-720D-K100,16.06818996
SP-011,OPTION-EQH-720D-K110,11.88208425
SP-011,OPTION-EQH-720D-K120,8.70196727
SP-011,OPTION-EQH-720D-K130,6.32819811
SP-011,OPTION-EQH-720D-K140,4.57943747
SP-011,OPTION-EQH-720D-K150,3.30350911
SP-011,OPTION-EQI-030D-K050,57.26310016
SP-011,OPTION-EQI-030D-K060,45.81048013
SP-011,OPTION-EQI-030D-K070,34.35786128
SP-011,OPTION-EQI-030D-K080,22.90825249
SP-011,OPTION-EQI-030D-K090,11.74269993
SP-011,OPTION-EQI-030D-K100,3.41259234
SP-011,OPTION-EQI-030D-K110,0.43135326
SP-011,OPTION-EQI-030D-K120,0.02287118
SP-011,OPTION-EQI-030D-K130,0.00056434
SP-011,OPTION-EQI-030D-K140,0.00000742
SP-011,OPTION-EQI-030D-K150,0.00000006
SP-011,OPTION-EQI-090D-K050,57.26310024
SP-011,OPTION-EQI-090D-K060,45.81058571
SP-011,OPTION-EQI-090D-K070,34.36899605
SP-011,OPTION-EQI-090D-K080,23.13673753
SP-011,OPTION-EQI-090D-K090,13.11360796
SP-011,OPTION-EQI-090D-K100,5.93405688
SP-011,OPTION-EQI-090D-K110,2.10892708
SP-011,OPTION-EQI-090D-K120,0.59731455
SP-011,OPTION-EQI-090D-K130,0.13895273
SP-011,OPTION-EQI-090D-K140,0.02744939
SP-011,OPTION-EQI-090D-K150,0.00475011
SP-011,OPTION-EQI-180D-K050,57.26339329
SP-011,OPTION-EQI-180D-K060,45.82407941
SP-011,OPTION-EQI-180D-K070,34.53592758
SP-011,OPTION-EQI-180D-K080,23.94318202
SP-011,OPTION-EQI-180D-K090,14.99484678
SP-011,OPTION-EQI-180D-K100,8.43248613
SP-011,OPTION-EQI-180D-K110,4.28175203
SP-011,OPTION-EQI-180D-K120,1.98594876
SP-011,OPTION-EQI-180D-K130,0.85330821
SP-011,OPTION-EQI-180D-K140,0.34435325
SP-011,OPTION-EQI-180D-K150,0.13213946
SP-011,OPTION-EQI-360D-K050,57.29037493
SP-011,OPTION-EQI-360D-K060,46.03907035
SP-011,OPTION-EQI-360D-K070,35.36958328
SP-011,OPTION-EQI-360D-K080,25.86821781
SP-011,OPTION-EQI-360D-K090,18.02255774
SP-011,OPTION-EQI-360D-K100,12.01133926
SP-011,OPTION-EQI-360D-K110,7.70482234
SP-011,OPTION-EQI-360D-K120,4.78708322
SP-011,OPTION-EQI-360D-K130,2.89864213
SP-011,OPTION-EQI-360D-K140,1.71987653
SP-011,OPTION-EQI-360D-K150,1.00463022
SP-011,OPTION-EQI-720D-K050,57.64705811
SP-011,OPTION-EQI-720D-K060,47.13675698
SP-011,OPTION-EQI-720D-K070,37.64214651
SP-011,OPTION-EQI-720D-K080,29.43747254
SP-011,OPTION-EQI-720D-K090,22.62168360
SP-011,OPTION-EQI-720D-K100,17.14122614
SP-011,OPTION-EQI-720D-K110,12.84915761
SP-011,OPTION-EQI-720D-K120,9.55379567
SP-011,OPTION-EQI-720D-K130,7.06255906
SP-011,OPTION-EQI-720D-K140,5.20064708
SP-011,OPTION-EQI-720D-K150,3.82060250
SP-011,OPTION-EQJ-030D-K050,58.79693320
SP-011,OPTION-EQJ-030D-K060,47.03754656
SP-011,OPTION-EQJ-030D-K070,35.27816302
SP-011,OPTION-EQJ-030D-K080,23.52349226
SP-011,OPTION-EQJ-030D-K090,12.10612259
SP-011,OPTION-EQJ-030D-K100,3.63839946
SP-011,OPTION-EQJ-030D-K110,0.50738675
SP-011,OPTION-EQJ-030D-K120,0.03194675
SP-011,OPTION-EQJ-030D-K130,0.00099853
SP-011,OPTION-EQJ-030D-K140,0.00001753
SP-011,OPTION-EQJ-030D-K150,0.00000019
SP-011,OPTION-EQJ-090D-K050,58.79693345
SP-011,OPTION-EQJ-090D-K060,47.03775744
SP-011,OPTION-EQJ-090D-K070,35.29470041
SP-011,OPTION-EQJ-090D-K080,23.80656489
SP-011,OPTION-EQJ-090D-K090,13.62549193
SP-011,OPTION-EQJ-090D-K100,6.32544805
SP-011,OPTION-EQJ-090D-K110,2.35366521
SP-011,OPTION-EQJ-090D-K120,0.71233584
SP-011,OPTION-EQJ-090D-K130,0.18029163
SP-011,OPTION-EQJ-090D-K140,0.03933533
SP-011,OPTION-EQJ-090D-K150,0.00760944
SP-011,OPTION-EQJ-180D-K050,58.79748841
SP-011,OPTION-EQJ-180D-K060,47.05780145
SP-011,OPTION-EQJ-180D-K070,35.50630921
SP-011,OPTION-EQJ-180D-K080,24.72960808
SP-011,OPTION-EQJ-180D-K090,15.66251105
SP-011,OPTION-EQJ-180D-K100,8.98634472
SP-011,OPTION-EQJ-180D-K110,4.69914239
SP-011,OPTION-EQJ-180D-K120,2.26432575
SP-011,OPTION-EQJ-180D-K130,1.01850289
SP-011,OPTION-EQJ-180D-K140,0.43302550
SP-011,OPTION-EQJ-180D-K150,0.17597496
SP-011,OPTION-EQJ-360D-K050,58.83636241
SP-011,OPTION-EQJ-360D-K060,47.33028274
SP-011,OPTION-EQJ-360D-K070,36.47633501
SP-011,OPTION-EQJ-360D-K080,26.85327301
SP-011,OPTION-EQJ-360D-K090,18.91085430
SP-011,OPTION-EQJ-360D-K100,12.79479470
SP-011,OPTION-EQJ-360D-K110,8.36594753
SP-011,OPTION-EQJ-360D-K120,5.31728776
SP-011,OPTION-EQJ-360D-K130,3.30368677
SP-011,OPTION-EQJ-360D-K140,2.01639681
SP-011,OPTION-EQJ-360D-K150,1.21406891
SP-011,OPTION-EQJ-720D-K050,59.28012973
SP-011,OPTION-EQJ-720D-K060,48.60549558
SP-011,OPTION-EQJ-720D-K070,39.00163638
SP-011,OPTION-EQJ-720D-K080,30.71458234
SP-011,OPTION-EQJ-720D-K090,23.81861634
SP-011,OPTION-EQJ-720D-K100,18.24719703
SP-011,OPTION-EQJ-720D-K110,13.85120619
SP-011,OPTION-EQJ-720D-K120,10.44305249
SP-011,OPTION-EQJ-720D-K130,7.83653247
SP-011,OPTION-EQJ-720D-K140,5.86282914
SP-011,OPTION-EQJ-720D-K150,4.37892309
SP-011,OTHER-BRENT-001D,45.01089878
SP-011,OTHER-BRENT-005D,45.09088260
SP-011,OTHER-BRENT-010D,45.19086239
SP-011,OTHER-BRENT-020D,45.39082196
SP-011,OTHER-BRENT-030D,45.59078152
SP-011,OTHER-BRENT-060D,46.19066023
SP-011,OTHER-BRENT-090D,46.79053893
SP-011,OTHER-BRENT-120D,47.39041764
SP-011,OTHER-BRENT-180D,48.59017505
SP-011,OTHER-BRENT-360D,52.18944727
SP-011,OTHER-WTI-001D,47.41006503
SP-011,OTHER-WTI-005D,47.49004827
SP-011,OTHER-WTI-010D,47.59002732
SP-011,OTHER-WTI-020D,47.78998542
SP-011,OTHER-WTI-030D,47.98994352
SP-011,OTHER-WTI-060D,48.58981781
SP-011,OTHER-WTI-090D,49.18969211
SP-011,OTHER-WTI-120D,49.78956640
SP-011,OTHER-WTI-180D,50.98931499
SP-011,OTHER-WTI-360D,54.58856075
SP-011,OTHER-GAS_EU-001D,49.80919601
SP-011,OTHER-GAS_EU-005D,49.88917866
SP-011,OTHER-GAS_EU-010D,49.98915698
SP-011,OTHER-GAS_EU-020D,50.18911360
SP-011,OTHER-GAS_EU-030D,50.38907023
SP-011,OTHER-GAS_EU-060D,50.98894012
SP-011,OTHER-GAS_EU-090D,51.58881000
SP-011,OTHER-GAS_EU-120D,52.18867988
SP-011,OTHER-GAS_EU-180D,53.38841965
SP-011,OTHER-GAS_EU-360D,56.98763895
SP-011,OTHER-GAS_US-001D,52.20829171
SP-011,OTHER-GAS_US-005D,52.28827377
SP-011,OTHER-GAS_US-010D,52.38825135
SP-011,OTHER-GAS_US-020D,52.58820651
SP-011,OTHER-GAS_US-030D,52.78816167
SP-011,OTHER-GAS_US-060D,53.38802714
SP-011,OTHER-GAS_US-090D,53.98789261
SP-011,OTHER-GAS_US-120D,54.58775809
SP-011,OTHER-GAS_US-180D,55.78748903
SP-011,OTHER-GAS_US-360D,59.38668187
SP-011,OTHER-GOLD-001D,54.60735213
SP-011,OTHER-GOLD-005D,54.68733360
SP-011,OTHER-GOLD-010D,54.78731045
SP-011,OTHER-GOLD-020D,54.98726413
SP-011,OTHER-GOLD-030D,55.18721782
SP-011,OTHER-GOLD-060D,55.78707889
SP-011,OTHER-GOLD-090D,56.38693995
SP-011,OTHER-GOLD-120D,56.98680101
SP-011,OTHER-GOLD-180D,58.18652314
SP-011,OTHER-GOLD-360D,61.78568952
SP-011,OTHER-SILVER-001D,57.00847286
SP-011,OTHER-SILVER-005D,57.08845669
SP-011,OTHER-SILVER-010D,57.18843647
SP-011,OTHER-SILVER-020D,57.38839604
SP-011,OTHER-SILVER-030D,57.58835561
SP-011,OTHER-SILVER-060D,58.18823431
SP-011,OTHER-SILVER-090D,58.78811302
SP-011,OTHER-SILVER-120D,59.38799172
SP-011,OTHER-SILVER-180D,60.58774913
SP-011,OTHER-SILVER-360D,64.18702136
SP-011,OTHER-COPPER-001D,59.40755091
SP-011,OTHER-COPPER-005D,59.48753415
SP-011,OTHER-COPPER-010D,59.58751320
SP-011,OTHER-COPPER-020D,59.78747130
SP-011,OTHER-COPPER-030D,59.98742940
SP-011,OTHER-COPPER-060D,60.58730369
SP-011,OTHER-COPPER-090D,61.18717798
SP-011,OTHER-COPPER-120D,61.78705228
SP-011,OTHER-COPPER-180D,62.98680087
SP-011,OTHER-COPPER-360D,66.58604663
SP-011,OTHER-ALUMINIUM-001D,61.80659368
SP-011,OTHER-ALUMINIUM-005D,61.88657634
SP-011,OTHER-ALUMINIUM-010D,61.98655465
SP-011,OTHER-ALUMINIUM-020D,62.18651128
SP-011,OTHER-ALUMINIUM-030D,62.38646791
SP-011,OTHER-ALUMINIUM-060D,62.98633779
SP-011,OTHER-ALUMINIUM-090D,63.58620767
SP-011,OTHER-ALUMINIUM-120D,64.18607756
SP-011,OTHER-ALUMINIUM-180D,65.38581732
SP-011,OTHER-ALUMINIUM-360D,68.98503663
SP-011,OTHER-WHEAT-001D,64.20560118
SP-011,OTHER-WHEAT-005D,64.28558324
SP-011,OTHER-WHEAT-010D,64.38556082
SP-011,OTHER-WHEAT-020D,64.58551598
SP-011,OTHER-WHEAT-030D,64.78547114
SP-011,OTHER-WHEAT-060D,65.38533661
SP-011,OTHER-WHEAT-090D,65.98520208
SP-011,OTHER-WHEAT-120D,66.58506756
SP-011,OTHER-WHEAT-180D,67.78479850
SP-011,OTHER-WHEAT-360D,71.38399134
SP-011,OTHER-CORN-001D,66.60457339
SP-011,OTHER-CORN-005D,66.68455487
SP-011,OTHER-CORN-010D,66.78453171
SP-011,OTHER-CORN-020D,66.98448540
SP-011,OTHER-CORN-030D,67.18443909
SP-011,OTHER-CORN-060D,67.78430015
SP-011,OTHER-CORN-090D,68.38416121
SP-011,OTHER-CORN-120D,68.98402228
SP-011,OTHER-CORN-180D,70.18374440
SP-011,OTHER-CORN-360D,73.78291078
SP-011,OTHER-SOY-001D,69.00604695
SP-011,OTHER-SOY-005D,69.08603077
SP-011,OTHER-SOY-010D,69.18601056
SP-011,OTHER-SOY-020D,69.38597013
SP-011,OTHER-SOY-030D,69.58592969
SP-011,OTHER-SOY-060D,70.18580840
SP-011,OTHER-SOY-090D,70.78568710
SP-011,OTHER-SOY-120D,71.38556581
SP-011,OTHER-SOY-180D,72.58532322
SP-011,OTHER-SOY-360D,76.18459544
SP-011,OTHER-CARBON_EU-001D,71.40503679
SP-011,OTHER-CARBON_EU-005D,71.48502003
SP-011,OTHER-CARBON_EU-010D,71.58499908
SP-011,OTHER-CARBON_EU-020D,71.78495718
SP-011,OTHER-CARBON_EU-030D,71.98491528
SP-011,OTHER-CARBON_EU-060D,72.58478957
SP-011,OTHER-CARBON_EU-090D,73.18466386
SP-011,OTHER-CARBON_EU-120D,73.78453816
SP-011,OTHER-CARBON_EU-180D,74.98428675
SP-011,OTHER-CARBON_EU-360D,78.58353251
SP-011,OTHER-CARBON_UK-001D,73.80399136
SP-011,OTHER-CARBON_UK-005D,73.88397401
SP-011,OTHER-CARBON_UK-010D,73.98395232
SP-011,OTHER-CARBON_UK-020D,74.18390895
SP-011,OTHER-CARBON_UK-030D,74.38386558
SP-011,OTHER-CARBON_UK-060D,74.98373546
SP-011,OTHER-CARBON_UK-090D,75.58360535
SP-011,OTHER-CARBON_UK-120D,76.18347523
SP-011,OTHER-CARBON_UK-180D,77.38321500
SP-011,OTHER-CARBON_UK-360D,80.98243430
SP-011,OTHER-EQ_EM-001D,76.20291065
SP-011,OTHER-EQ_EM-005D,76.28289271
SP-011,OTHER-EQ_EM-010D,76.38287029
SP-011,OTHER-EQ_EM-020D,76.58282545
SP-011,OTHER-EQ_EM-030D,76.78278061
SP-011,OTHER-EQ_EM-060D,77.38264608
SP-011,OTHER-EQ_EM-090D,77.98251155
SP-011,OTHER-EQ_EM-120D,78.58237703
SP-011,OTHER-EQ_EM-180D,79.78210797
SP-011,OTHER-EQ_EM-360D,83.38130081
SP-011,OTHER-EQ_DM-001D,78.60179466
SP-011,OTHER-EQ_DM-005D,78.68177613
SP-011,OTHER-EQ_DM-010D,78.78175298
SP-011,OTHER-EQ_DM-020D,78.98170667
SP-011,OTHER-EQ_DM-030D,79.18166035
SP-011,OTHER-EQ_DM-060D,79.78152142
SP-011,OTHER-EQ_DM-090D,80.38138248
SP-011,OTHER-EQ_DM-120D,80.98124354
SP-011,OTHER-EQ_DM-180D,82.18096567
SP-011,OTHER-EQ_DM-360D,85.78013205
SP-011,OTHER-REIT_US-001D,81.00362103
SP-011,OTHER-REIT_US-005D,81.08360486
SP-011,OTHER-REIT_US-010D,81.18358464
SP-011,OTHER-REIT_US-020D,81.38354421
SP-011,OTHER-REIT_US-030D,81.58350378
SP-011,OTHER-REIT_US-060D,82.18338248
SP-011,OTHER-REIT_US-090D,82.78326119
SP-011,OTHER-REIT_US-120D,83.38313989
SP-011,OTHER-REIT_US-180D,84.58289730
SP-011,OTHER-REIT_US-360D,88.18216953
SP-011,OTHER-REIT_EU-001D,83.40252267
SP-011,OTHER-REIT_EU-005D,83.48250591
SP-011,OTHER-REIT_EU-010D,83.58248496
SP-011,OTHER-REIT_EU-020D,83.78244306
SP-011,OTHER-REIT_EU-030D,83.98240116
SP-011,OTHER-REIT_EU-060D,84.58227545
SP-011,OTHER-REIT_EU-090D,85.18214974
SP-011,OTHER-REIT_EU-120D,85.78202404
SP-011,OTHER-REIT_EU-180D,86.98177263
SP-011,OTHER-REIT_EU-360D,90.58101839
SP-011,OTHER-FREIGHT-001D,85.80138903
SP-011,OTHER-FREIGHT-005D,85.88137168
SP-011,OTHER-FREIGHT-010D,85.98135000
SP-011,OTHER-FREIGHT-020D,86.18130663
SP-011,OTHER-FREIGHT-030D,86.38126325
SP-011,OTHER-FREIGHT-060D,86.98113314
SP-011,OTHER-FREIGHT-090D,87.58100302
SP-011,OTHER-FREIGHT-120D,88.18087291
SP-011,OTHER-FREIGHT-180D,89.38061267
SP-011,OTHER-FREIGHT-360D,92.97983198
SP-011,OTHER-POWER_DE-001D,88.20022012
SP-011,OTHER-POWER_DE-005D,88.28020218
SP-011,OTHER-POWER_DE-010D,88.38017976
SP-011,OTHER-POWER_DE-020D,88.58013492
SP-011,OTHER-POWER_DE-030D,88.78009008
SP-011,OTHER-POWER_DE-060D,89.37995555
SP-011,OTHER-POWER_DE-090D,89.97982102
SP-011,OTHER-POWER_DE-120D,90.57968650
SP-011,OTHER-POWER_DE-180D,91.77941744
SP-011,OTHER-POWER_DE-360D,95.37861028
SP-011,OTHER-POWER_UK-001D,90.59901593
SP-011,OTHER-POWER_UK-005D,90.67899740
SP-011,OTHER-POWER_UK-010D,90.77897424
SP-011,OTHER-POWER_UK-020D,90.97892793
SP-011,OTHER-POWER_UK-030D,91.17888162
SP-011,OTHER-POWER_UK-060D,91.77874268
SP-011,OTHER-POWER_UK-090D,92.37860375
SP-011,OTHER-POWER_UK-120D,92.97846481
SP-011,OTHER-POWER_UK-180D,94.17818694
SP-011,OTHER-POWER_UK-360D,97.77735332
SP-017,RATE-USD-OIS-001M,0.00672011
SP-017,RATE-USD-OIS-002M,0.00679057
SP-017,RATE-USD-OIS-003M,0.00684488
SP-017,RATE-USD-OIS-005M,0.00693150
SP-017,RATE-USD-OIS-007M,0.00700234
SP-017,RATE-USD-OIS-010M,0.00709209
SP-017,RATE-USD-OIS-015M,0.00721623
SP-017,RATE-USD-OIS-020M,0.00732133
SP-017,RATE-USD-OIS-030M,0.00749831
SP-017,RATE-USD-OIS-060M,0.00789984
SP-017,RATE-USD-OIS-090M,0.00820915
SP-017,RATE-USD-OIS-120M,0.00847044
SP-017,RATE-USD-OIS-180M,0.00890952
SP-017,RATE-USD-OIS-240M,0.00928022
SP-017,RATE-USD-OIS-360M,0.00990285
SP-017,RATE-USD-GOVT-001M,0.00873051
SP-017,RATE-USD-GOVT-002M,0.00880097
SP-017,RATE-USD-GOVT-003M,0.00885527
SP-017,RATE-USD-GOVT-005M,0.00894190
SP-017,RATE-USD-GOVT-007M,0.00901273
SP-017,RATE-USD-GOVT-010M,0.00910249
SP-017,RATE-USD-GOVT-015M,0.00922663
SP-017,RATE-USD-GOVT-020M,0.00933173
SP-017,RATE-USD-GOVT-030M,0.00950870
SP-017,RATE-USD-GOVT-060M,0.00991024
SP-017,RATE-USD-GOVT-090M,0.01021955
SP-017,RATE-USD-GOVT-120M,0.01048084
SP-017,RATE-USD-GOVT-180M,0.01091992
SP-017,RATE-USD-GOVT-240M,0.01129062
SP-017,RATE-USD-GOVT-360M,0.01191325
SP-017,RATE-USD-SWAP-001M,0.01074091
SP-017,RATE-USD-SWAP-002M,0.01081137
SP-017,RATE-USD-SWAP-003M,0.01086567
SP-017,RATE-USD-SWAP-005M,0.01095229
SP-017,RATE-USD-SWAP-007M,0.01102313
SP-017,RATE-USD-SWAP-010M,0.01111288
SP-017,RATE-USD-SWAP-015M,0.01123702
SP-017,RATE-USD-SWAP-020M,0.01134212
SP-017,RATE-USD-SWAP-030M,0.01151910
SP-017,RATE-USD-SWAP-060M,0.01192063
SP-017,RATE-USD-SWAP-090M,0.01222994
SP-017,RATE-USD-SWAP-120M,0.01249124
SP-017,RATE-USD-SWAP-180M,0.01293032
SP-017,RATE-USD-SWAP-240M,0.01330102
SP-017,RATE-USD-SWAP-360M,0.01392364
SP-017,RATE-USD-INFLATION-001M,0.01275130
SP-017,RATE-USD-INFLATION-002M,0.01282176
SP-017,RATE-USD-INFLATION-003M,0.01287607
SP-017,RATE-USD-INFLATION-005M,0.01296269
SP-017,RATE-USD-INFLATION-007M,0.01303353
SP-017,RATE-USD-INFLATION-010M,0.01312328
SP-017,RATE-USD-INFLATION-015M,0.01324742
SP-017,RATE-USD-INFLATION-020M,0.01335252
SP-017,RATE-USD-INFLATION-030M,0.01352950
SP-017,RATE-USD-INFLATION-060M,0.01393103
SP-017,RATE-USD-INFLATION-090M,0.01424034
SP-017,RATE-USD-INFLATION-120M,0.01450163
SP-017,RATE-USD-INFLATION-180M,0.01494071
SP-017,RATE-USD-INFLATION-240M,0.01531141
SP-017,RATE-USD-INFLATION-360M,0.01593404
SP-017,RATE-EUR-OIS-001M,0.00822011
SP-017,RATE-EUR-OIS-002M,0.00829057
SP-017,RATE-EUR-OIS-003M,0.00834488
SP-017,RATE-EUR-OIS-005M,0.00843150
SP-017,RATE-EUR-OIS-007M,0.00850234
SP-017,RATE-EUR-OIS-010M,0.00859209
SP-017,RATE-EUR-OIS-015M,0.00871623
SP-017,RATE-EUR-OIS-020M,0.00882133
SP-017,RATE-EUR-OIS-030M,0.00899831
SP-017,RATE-EUR-OIS-060M,0.00939984
SP-017,RATE-EUR-OIS-090M,0.00970915
SP-017,RATE-EUR-OIS-120M,0.00997044
SP-017,RATE-EUR-OIS-180M,0.01040952
SP-017,RATE-EUR-OIS-240M,0.01078022
SP-017,RATE-EUR-OIS-360M,0.01140285
SP-017,RATE-EUR-GOVT-001M,0.01023051
SP-017,RATE-EUR-GOVT-002M,0.01030097
SP-017,RATE-EUR-GOVT-003M,0.01035527
SP-017,RATE-EUR-GOVT-005M,0.01044190
SP-017,RATE-EUR-GOVT-007M,0.01051273
SP-017,RATE-EUR-GOVT-010M,0.01060249
SP-017,RATE-EUR-GOVT-015M,0.01072663
SP-017,RATE-EUR-GOVT-020M,0.01083173
SP-017,RATE-EUR-GOVT-030M,0.01100870
SP-017,RATE-EUR-GOVT-060M,0.01141024
SP-017,RATE-EUR-GOVT-090M,0.01171955
SP-017,RATE-EUR-GOVT-120M,0.01198084
SP-017,RATE-EUR-GOVT-180M,0.01241992
SP-017,RATE-EUR-GOVT-240M,0.01279062
SP-017,RATE-EUR-GOVT-360M,0.01341325
SP-017,RATE-EUR-SWAP-001M,0.01224091
SP-017,RATE-EUR-SWAP-002M,0.01231137
SP-017,RATE-EUR-SWAP-003M,0.01236567
SP-017,RATE-EUR-SWAP-005M,0.01245229
SP-017,RATE-EUR-SWAP-007M,0.01252313
SP-017,RATE-EUR-SWAP-010M,0.01261288
SP-017,RATE-EUR-SWAP-015M,0.01273702
SP-017,RATE-EUR-SWAP-020M,0.01284212
SP-017,RATE-EUR-SWAP-030M,0.01301910
SP-017,RATE-EUR-SWAP-060M,0.01342063
SP-017,RATE-EUR-SWAP-090M,0.01372994
SP-017,RATE-EUR-SWAP-120M,0.01399124
SP-017,RATE-EUR-SWAP-180M,0.01443032
SP-017,RATE-EUR-SWAP-240M,0.01480102
SP-017,RATE-EUR-SWAP-360M,0.01542364
SP-017,RATE-EUR-INFLATION-001M,0.01425130
SP-017,RATE-EUR-INFLATION-002M,0.01432176
SP-017,RATE-EUR-INFLATION-003M,0.01437607
SP-017,RATE-EUR-INFLATION-005M,0.01446269
SP-017,RATE-EUR-INFLATION-007M,0.01453353
SP-017,RATE-EUR-INFLATION-010M,0.01462328
SP-017,RATE-EUR-INFLATION-015M,0.01474742
SP-017,RATE-EUR-INFLATION-020M,0.01485252
SP-017,RATE-EUR-INFLATION-030M,0.01502950
SP-017,RATE-EUR-INFLATION-060M,0.01543103
SP-017,RATE-EUR-INFLATION-090M,0.01574034
SP-017,RATE-EUR-INFLATION-120M,0.01600163
SP-017,RATE-EUR-INFLATION-180M,0.01644071
SP-017,RATE-EUR-INFLATION-240M,0.01681141
SP-017,RATE-EUR-INFLATION-360M,0.01743404
SP-017,RATE-GBP-OIS-001M,0.00972011
SP-017,RATE-GBP-OIS-002M,0.00979057
SP-017,RATE-GBP-OIS-003M,0.00984488
SP-017,RATE-GBP-OIS-005M,0.00993150
SP-017,RATE-GBP-OIS-007M,0.01000234
SP-017,RATE-GBP-OIS-010M,0.01009209
SP-017,RATE-GBP-OIS-015M,0.01021623
SP-017,RATE-GBP-OIS-020M,0.01032133
SP-017,RATE-GBP-OIS-030M,0.01049831
SP-017,RATE-GBP-OIS-060M,0.01089984
SP-017,RATE-GBP-OIS-090M,0.01120915
SP-017,RATE-GBP-OIS-120M,0.01147044
SP-017,RATE-GBP-OIS-180M,0.01190952
SP-017,RATE-GBP-OIS-240M,0.01228022
SP-017,RATE-GBP-OIS-360M,0.01290285
SP-017,RATE-GBP-GOVT-001M,0.01173051
SP-017,RATE-GBP-GOVT-002M,0.01180097
SP-017,RATE-GBP-GOVT-003M,0.01185527
SP-017,RATE-GBP-GOVT-005M,0.01194190
SP-017,RATE-GBP-GOVT-007M,0.01201273
SP-017,RATE-GBP-GOVT-010M,0.01210249
SP-017,RATE-GBP-GOVT-015M,0.01222663
SP-017,RATE-GBP-GOVT-020M,0.01233173
SP-017,RATE-GBP-GOVT-030M,0.01250870
SP-017,RATE-GBP-GOVT-060M,0.01291024
SP-017,RATE-GBP-GOVT-090M,0.01321955
SP-017,RATE-GBP-GOVT-120M,0.01348084
SP-017,RATE-GBP-GOVT-180M,0.01391992
SP-017,RATE-GBP-GOVT-240M,0.01429062
SP-017,RATE-GBP-GOVT-360M,0.01491325
SP-017,RATE-GBP-SWAP-001M,0.01374091
SP-017,RATE-GBP-SWAP-002M,0.01381137
SP-017,RATE-GBP-SWAP-003M,0.01386567
SP-017,RATE-GBP-SWAP-005M,0.01395229
SP-017,RATE-GBP-SWAP-007M,0.01402313
SP-017,RATE-GBP-SWAP-010M,0.01411288
SP-017,RATE-GBP-SWAP-015M,0.01423702
SP-017,RATE-GBP-SWAP-020M,0.01434212
SP-017,RATE-GBP-SWAP-030M,0.01451910
SP-017,RATE-GBP-SWAP-060M,0.01492063
SP-017,RATE-GBP-SWAP-090M,0.01522994
SP-017,RATE-GBP-SWAP-120M,0.01549124
SP-017,RATE-GBP-SWAP-180M,0.01593032
SP-017,RATE-GBP-SWAP-240M,0.01630102
SP-017,RATE-GBP-SWAP-360M,0.01692364
SP-017,RATE-GBP-INFLATION-001M,0.01575130
SP-017,RATE-GBP-INFLATION-002M,0.01582176
SP-017,RATE-GBP-INFLATION-003M,0.01587607
SP-017,RATE-GBP-INFLATION-005M,0.01596269
SP-017,RATE-GBP-INFLATION-007M,0.01603353
SP-017,RATE-GBP-INFLATION-010M,0.01612328
SP-017,RATE-GBP-INFLATION-015M,0.01624742
SP-017,RATE-GBP-INFLATION-020M,0.01635252
SP-017,RATE-GBP-INFLATION-030M,0.01652950
SP-017,RATE-GBP-INFLATION-060M,0.01693103
SP-017,RATE-GBP-INFLATION-090M,0.01724034
SP-017,RATE-GBP-INFLATION-120M,0.01750163
SP-017,RATE-GBP-INFLATION-180M,0.01794071
SP-017,RATE-GBP-INFLATION-240M,0.01831141
SP-017,RATE-GBP-INFLATION-360M,0.01893404
SP-017,RATE-JPY-OIS-001M,0.01122011
SP-017,RATE-JPY-OIS-002M,0.01129057
SP-017,RATE-JPY-OIS-003M,0.01134488
SP-017,RATE-JPY-OIS-005M,0.01143150
SP-017,RATE-JPY-OIS-007M,0.01150234
SP-017,RATE-JPY-OIS-010M,0.01159209
SP-017,RATE-JPY-OIS-015M,0.01171623
SP-017,RATE-JPY-OIS-020M,0.01182133
SP-017,RATE-JPY-OIS-030M,0.01199831
SP-017,RATE-JPY-OIS-060M,0.01239984
SP-017,RATE-JPY-OIS-090M,0.01270915
SP-017,RATE-JPY-OIS-120M,0.01297044
SP-017,RATE-JPY-OIS-180M,0.01340952
SP-017,RATE-JPY-OIS-240M,0.01378022
SP-017,RATE-JPY-OIS-360M,0.01440285
SP-017,RATE-JPY-GOVT-001M,0.01323051
SP-017,RATE-JPY-GOVT-002M,0.01330097
SP-017,RATE-JPY-GOVT-003M,0.01335527
SP-017,RATE-JPY-GOVT-005M,0.01344190
SP-017,RATE-JPY-GOVT-007M,0.01351273
SP-017,RATE-JPY-GOVT-010M,0.01360249
SP-017,RATE-JPY-GOVT-015M,0.01372663
SP-017,RATE-JPY-GOVT-020M,0.01383173
SP-017,RATE-JPY-GOVT-030M,0.01400870
SP-017,RATE-JPY-GOVT-060M,0.01441024
SP-017,RATE-JPY-GOVT-090M,0.01471955
SP-017,RATE-JPY-GOVT-120M,0.01498084
SP-017,RATE-JPY-GOVT-180M,0.01541992
SP-017,RATE-JPY-GOVT-240M,0.01579062
SP-017,RATE-JPY-GOVT-360M,0.01641325
SP-017,RATE-JPY-SWAP-001M,0.01524091
SP-017,RATE-JPY-SWAP-002M,0.01531137
SP-017,RATE-JPY-SWAP-003M,0.01536567
SP-017,RATE-JPY-SWAP-005M,0.01545229
SP-017,RATE-JPY-SWAP-007M,0.01552313
SP-017,RATE-JPY-SWAP-010M,0.01561288
SP-017,RATE-JPY-SWAP-015M,0.01573702
SP-017,RATE-JPY-SWAP-020M,0.01584212
SP-017,RATE-JPY-SWAP-030M,0.01601910
SP-017,RATE-JPY-SWAP-060M,0.01642063
SP-017,RATE-JPY-SWAP-090M,0.01672994
SP-017,RATE-JPY-SWAP-120M,0.01699124
SP-017,RATE-JPY-SWAP-180M,0.01743032
SP-017,RATE-JPY-SWAP-240M,0.01780102
SP-017,RATE-JPY-SWAP-360M,0.01842364
SP-017,RATE-JPY-INFLATION-001M,0.01725130
SP-017,RATE-JPY-INFLATION-002M,0.01732176
SP-017,RATE-JPY-INFLATION-003M,0.01737607
SP-017,RATE-JPY-INFLATION-005M,0.01746269
SP-017,RATE-JPY-INFLATION-007M,0.01753353
SP-017,RATE-JPY-INFLATION-010M,0.01762328
SP-017,RATE-JPY-INFLATION-015M,0.01774742
SP-017,RATE-JPY-INFLATION-020M,0.01785252
SP-017,RATE-JPY-INFLATION-030M,0.01802950
SP-017,RATE-JPY-INFLATION-060M,0.01843103
SP-017,RATE-JPY-INFLATION-090M,0.01874034
SP-017,RATE-JPY-INFLATION-120M,0.01900163
SP-017,RATE-JPY-INFLATION-180M,0.01944071
SP-017,RATE-JPY-INFLATION-240M,0.01981141
SP-017,RATE-JPY-INFLATION-360M,0.02043404
SP-017,RATE-CHF-OIS-001M,0.01272011
SP-017,RATE-CHF-OIS-002M,0.01279057
SP-017,RATE-CHF-OIS-003M,0.01284488
SP-017,RATE-CHF-OIS-005M,0.01293150
SP-017,RATE-CHF-OIS-007M,0.01300234
SP-017,RATE-CHF-OIS-010M,0.01309209
SP-017,RATE-CHF-OIS-015M,0.01321623
SP-017,RATE-CHF-OIS-020M,0.01332133
SP-017,RATE-CHF-OIS-030M,0.01349831
SP-017,RATE-CHF-OIS-060M,0.01389984
SP-017,RATE-CHF-OIS-090M,0.01420915
SP-017,RATE-CHF-OIS-120M,0.01447044
SP-017,RATE-CHF-OIS-180M,0.01490952
SP-017,RATE-CHF-OIS-240M,0.01528022
SP-017,RATE-CHF-OIS-360M,0.01590285
SP-017,RATE-CHF-GOVT-001M,0.01473051
SP-017,RATE-CHF-GOVT-002M,0.01480097
SP-017,RATE-CHF-GOVT-003M,0.01485527
SP-017,RATE-CHF-GOVT-005M,0.01494190
SP-017,RATE-CHF-GOVT-007M,0.01501273
SP-017,RATE-CHF-GOVT-010M,0.01510249
SP-017,RATE-CHF-GOVT-015M,0.01522663
SP-017,RATE-CHF-GOVT-020M,0.01533173
SP-017,RATE-CHF-GOVT-030M,0.01550870
SP-017,RATE-CHF-GOVT-060M,0.01591024
SP-017,RATE-CHF-GOVT-090M,0.01621955
SP-017,RATE-CHF-GOVT-120M,0.01648084
SP-017,RATE-CHF-GOVT-180M,0.01691992
SP-017,RATE-CHF-GOVT-240M,0.01729062
SP-017,RATE-CHF-GOVT-360M,0.01791325
SP-017,RATE-CHF-SWAP-001M,0.01674091
SP-017,RATE-CHF-SWAP-002M,0.01681137
SP-017,RATE-CHF-SWAP-003M,0.01686567
SP-017,RATE-CHF-SWAP-005M,0.01695229
SP-017,RATE-CHF-SWAP-007M,0.01702313
SP-017,RATE-CHF-SWAP-010M,0.01711288
SP-017,RATE-CHF-SWAP-015M,0.01723702
SP-017,RATE-CHF-SWAP-020M,0.01734212
SP-017,RATE-CHF-SWAP-030M,0.01751910
SP-017,RATE-CHF-SWAP-060M,0.01792063
SP-017,RATE-CHF-SWAP-090M,0.01822994
SP-017,RATE-CHF-SWAP-120M,0.01849124
SP-017,RATE-CHF-SWAP-180M,0.01893032
SP-017,RATE-CHF-SWAP-240M,0.01930102
SP-017,RATE-CHF-SWAP-360M,0.01992364
SP-017,RATE-CHF-INFLATION-001M,0.01875130
SP-017,RATE-CHF-INFLATION-002M,0.01882176
SP-017,RATE-CHF-INFLATION-003M,0.01887607
SP-017,RATE-CHF-INFLATION-005M,0.01896269
SP-017,RATE-CHF-INFLATION-007M,0.01903353
SP-017,RATE-CHF-INFLATION-010M,0.01912328
SP-017,RATE-CHF-INFLATION-015M,0.01924742
SP-017,RATE-CHF-INFLATION-020M,0.01935252
SP-017,RATE-CHF-INFLATION-030M,0.01952950
SP-017,RATE-CHF-INFLATION-060M,0.01993103
SP-017,RATE-CHF-INFLATION-090M,0.02024034
SP-017,RATE-CHF-INFLATION-120M,0.02050163
SP-017,RATE-CHF-INFLATION-180M,0.02094071
SP-017,RATE-CHF-INFLATION-240M,0.02131141
SP-017,RATE-CHF-INFLATION-360M,0.02193404
SP-017,RATE-CAD-OIS-001M,0.01422011
SP-017,RATE-CAD-OIS-002M,0.01429057
SP-017,RATE-CAD-OIS-003M,0.01434488
SP-017,RATE-CAD-OIS-005M,0.01443150
SP-017,RATE-CAD-OIS-007M,0.01450234
SP-017,RATE-CAD-OIS-010M,0.01459209
SP-017,RATE-CAD-OIS-015M,0.01471623
SP-017,RATE-CAD-OIS-020M,0.01482133
SP-017,RATE-CAD-OIS-030M,0.01499831
SP-017,RATE-CAD-OIS-060M,0.01539984
SP-017,RATE-CAD-OIS-090M,0.01570915
SP-017,RATE-CAD-OIS-120M,0.01597044
SP-017,RATE-CAD-OIS-180M,0.01640952
SP-017,RATE-CAD-OIS-240M,0.01678022
SP-017,RATE-CAD-OIS-360M,0.01740285
SP-017,RATE-CAD-GOVT-001M,0.01623051
SP-017,RATE-CAD-GOVT-002M,0.01630097
SP-017,RATE-CAD-GOVT-003M,0.01635527
SP-017,RATE-CAD-GOVT-005M,0.01644190
SP-017,RATE-CAD-GOVT-007M,0.01651273
SP-017,RATE-CAD-GOVT-010M,0.01660249
SP-017,RATE-CAD-GOVT-015M,0.01672663
SP-017,RATE-CAD-GOVT-020M,0.01683173
SP-017,RATE-CAD-GOVT-030M,0.01700870
SP-017,RATE-CAD-GOVT-060M,0.01741024
SP-017,RATE-CAD-GOVT-090M,0.01771955
SP-017,RATE-CAD-GOVT-120M,0.01798084
SP-017,RATE-CAD-GOVT-180M,0.01841992
SP-017,RATE-CAD-GOVT-240M,0.01879062
SP-017,RATE-CAD-GOVT-360M,0.01941325
SP-017,RATE-CAD-SWAP-001M,0.01824091
SP-017,RATE-CAD-SWAP-002M,0.01831137
SP-017,RATE-CAD-SWAP-003M,0.01836567
SP-017,RATE-CAD-SWAP-005M,0.01845229
SP-017,RATE-CAD-SWAP-007M,0.01852313
SP-017,RATE-CAD-SWAP-010M,0.01861288
SP-017,RATE-CAD-SWAP-015M,0.01873702
SP-017,RATE-CAD-SWAP-020M,0.01884212
SP-017,RATE-CAD-SWAP-030M,0.01901910
SP-017,RATE-CAD-SWAP-060M,0.01942063
SP-017,RATE-CAD-SWAP-090M,0.01972994
SP-017,RATE-CAD-SWAP-120M,0.01999124
SP-017,RATE-CAD-SWAP-180M,0.02043032
SP-017,RATE-CAD-SWAP-240M,0.02080102
SP-017,RATE-CAD-SWAP-360M,0.02142364
SP-017,RATE-CAD-INFLATION-001M,0.02025130
SP-017,RATE-CAD-INFLATION-002M,0.02032176
SP-017,RATE-CAD-INFLATION-003M,0.02037607
SP-017,RATE-CAD-INFLATION-005M,0.02046269
SP-017,RATE-CAD-INFLATION-007M,0.02053353
SP-017,RATE-CAD-INFLATION-010M,0.02062328
SP-017,RATE-CAD-INFLATION-015M,0.02074742
SP-017,RATE-CAD-INFLATION-020M,0.02085252
SP-017,RATE-CAD-INFLATION-030M,0.02102950
SP-017,RATE-CAD-INFLATION-060M,0.02143103
SP-017,RATE-CAD-INFLATION-090M,0.02174034
SP-017,RATE-CAD-INFLATION-120M,0.02200163
SP-017,RATE-CAD-INFLATION-180M,0.02244071
SP-017,RATE-CAD-INFLATION-240M,0.02281141
SP-017,RATE-CAD-INFLATION-360M,0.02343404
SP-017,RATE-AUD-OIS-001M,0.01572011
SP-017,RATE-AUD-OIS-002M,0.01579057
SP-017,RATE-AUD-OIS-003M,0.01584488
SP-017,RATE-AUD-OIS-005M,0.01593150
SP-017,RATE-AUD-OIS-007M,0.01600234
SP-017,RATE-AUD-OIS-010M,0.01609209
SP-017,RATE-AUD-OIS-015M,0.01621623
SP-017,RATE-AUD-OIS-020M,0.01632133
SP-017,RATE-AUD-OIS-030M,0.01649831
SP-017,RATE-AUD-OIS-060M,0.01689984
SP-017,RATE-AUD-OIS-090M,0.01720915
SP-017,RATE-AUD-OIS-120M,0.01747044
SP-017,RATE-AUD-OIS-180M,0.01790952
SP-017,RATE-AUD-OIS-240M,0.01828022
SP-017,RATE-AUD-OIS-360M,0.01890285
SP-017,RATE-AUD-GOVT-001M,0.01773051
SP-017,RATE-AUD-GOVT-002M,0.01780097
SP-017,RATE-AUD-GOVT-003M,0.01785527
SP-017,RATE-AUD-GOVT-005M,0.01794190
SP-017,RATE-AUD-GOVT-007M,0.01801273
SP-017,RATE-AUD-GOVT-010M,0.01810249
SP-017,RATE-AUD-GOVT-015M,0.01822663
SP-017,RATE-AUD-GOVT-020M,0.01833173
SP-017,RATE-AUD-GOVT-030M,0.01850870
SP-017,RATE-AUD-GOVT-060M,0.01891024
SP-017,RATE-AUD-GOVT-090M,0.01921955
SP-017,RATE-AUD-GOVT-120M,0.01948084
SP-017,RATE-AUD-GOVT-180M,0.01991992
SP-017,RATE-AUD-GOVT-240M,0.02029062
SP-017,RATE-AUD-GOVT-360M,0.02091325
SP-017,RATE-AUD-SWAP-001M,0.01974091
SP-017,RATE-AUD-SWAP-002M,0.01981137
SP-017,RATE-AUD-SWAP-003M,0.01986567
SP-017,RATE-AUD-SWAP-005M,0.01995229
SP-017,RATE-AUD-SWAP-007M,0.02002313
SP-017,RATE-AUD-SWAP-010M,0.02011288
SP-017,RATE-AUD-SWAP-015M,0.02023702
SP-017,RATE-AUD-SWAP-020M,0.02034212
SP-017,RATE-AUD-SWAP-030M,0.02051910
SP-017,RATE-AUD-SWAP-060M,0.02092063
SP-017,RATE-AUD-SWAP-090M,0.02122994
SP-017,RATE-AUD-SWAP-120M,0.02149124
SP-017,RATE-AUD-SWAP-180M,0.02193032
SP-017,RATE-AUD-SWAP-240M,0.02230102
SP-017,RATE-AUD-SWAP-360M,0.02292364
SP-017,RATE-AUD-INFLATION-001M,0.02175130
SP-017,RATE-AUD-INFLATION-002M,0.02182176
SP-017,RATE-AUD-INFLATION-003M,0.02187607
SP-017,RATE-AUD-INFLATION-005M,0.02196269
SP-017,RATE-AUD-INFLATION-007M,0.02203353
SP-017,RATE-AUD-INFLATION-010M,0.02212328
SP-017,RATE-AUD-INFLATION-015M,0.02224742
SP-017,RATE-AUD-INFLATION-020M,0.02235252
SP-017,RATE-AUD-INFLATION-030M,0.02252950
SP-017,RATE-AUD-INFLATION-060M,0.02293103
SP-017,RATE-AUD-INFLATION-090M,0.02324034
SP-017,RATE-AUD-INFLATION-120M,0.02350163
SP-017,RATE-AUD-INFLATION-180M,0.02394071
SP-017,RATE-AUD-INFLATION-240M,0.02431141
SP-017,RATE-AUD-INFLATION-360M,0.02493404
SP-017,RATE-NZD-OIS-001M,0.01722011
SP-017,RATE-NZD-OIS-002M,0.01729057
SP-017,RATE-NZD-OIS-003M,0.01734488
SP-017,RATE-NZD-OIS-005M,0.01743150
SP-017,RATE-NZD-OIS-007M,0.01750234
SP-017,RATE-NZD-OIS-010M,0.01759209
SP-017,RATE-NZD-OIS-015M,0.01771623
SP-017,RATE-NZD-OIS-020M,0.01782133
SP-017,RATE-NZD-OIS-030M,0.01799831
SP-017,RATE-NZD-OIS-060M,0.01839984
SP-017,RATE-NZD-OIS-090M,0.01870915
SP-017,RATE-NZD-OIS-120M,0.01897044
SP-017,RATE-NZD-OIS-180M,0.01940952
SP-017,RATE-NZD-OIS-240M,0.01978022
SP-017,RATE-NZD-OIS-360M,0.02040285
SP-017,RATE-NZD-GOVT-001M,0.01923051
SP-017,RATE-NZD-GOVT-002M,0.01930097
SP-017,RATE-NZD-GOVT-003M,0.01935527
SP-017,RATE-NZD-GOVT-005M,0.01944190
SP-017,RATE-NZD-GOVT-007M,0.01951273
SP-017,RATE-NZD-GOVT-010M,0.01960249
SP-017,RATE-NZD-GOVT-015M,0.01972663
SP-017,RATE-NZD-GOVT-020M,0.01983173
SP-017,RATE-NZD-GOVT-030M,0.02000870
SP-017,RATE-NZD-GOVT-060M,0.02041024
SP-017,RATE-NZD-GOVT-090M,0.02071955
SP-017,RATE-NZD-GOVT-120M,0.02098084
SP-017,RATE-NZD-GOVT-180M,0.02141992
SP-017,RATE-NZD-GOVT-240M,0.02179062
SP-017,RATE-NZD-GOVT-360M,0.02241325
SP-017,RATE-NZD-SWAP-001M,0.02124091
SP-017,RATE-NZD-SWAP-002M,0.02131137
SP-017,RATE-NZD-SWAP-003M,0.02136567
SP-017,RATE-NZD-SWAP-005M,0.02145229
SP-017,RATE-NZD-SWAP-007M,0.02152313
SP-017,RATE-NZD-SWAP-010M,0.02161288
SP-017,RATE-NZD-SWAP-015M,0.02173702
SP-017,RATE-NZD-SWAP-020M,0.02184212
SP-017,RATE-NZD-SWAP-030M,0.02201910
SP-017,RATE-NZD-SWAP-060M,0.02242063
SP-017,RATE-NZD-SWAP-090M,0.02272994
SP-017,RATE-NZD-SWAP-120M,0.02299124
SP-017,RATE-NZD-SWAP-180M,0.02343032
SP-017,RATE-NZD-SWAP-240M,0.02380102
SP-017,RATE-NZD-SWAP-360M,0.02442364
SP-017,RATE-NZD-INFLATION-001M,0.02325130
SP-017,RATE-NZD-INFLATION-002M,0.02332176
SP-017,RATE-NZD-INFLATION-003M,0.02337607
SP-017,RATE-NZD-INFLATION-005M,0.02346269
SP-017,RATE-NZD-INFLATION-007M,0.02353353
SP-017,RATE-NZD-INFLATION-010M,0.02362328
SP-017,RATE-NZD-INFLATION-015M,0.02374742
SP-017,RATE-NZD-INFLATION-020M,0.02385252
SP-017,RATE-NZD-INFLATION-030M,0.02402950
SP-017,RATE-NZD-INFLATION-060M,0.02443103
SP-017,RATE-NZD-INFLATION-090M,0.02474034
SP-017,RATE-NZD-INFLATION-120M,0.02500163
SP-017,RATE-NZD-INFLATION-180M,0.02544071
SP-017,RATE-NZD-INFLATION-240M,0.02581141
SP-017,RATE-NZD-INFLATION-360M,0.02643404
SP-017,RATE-SEK-OIS-001M,0.01872011
SP-017,RATE-SEK-OIS-002M,0.01879057
SP-017,RATE-SEK-OIS-003M,0.01884488
SP-017,RATE-SEK-OIS-005M,0.01893150
SP-017,RATE-SEK-OIS-007M,0.01900234
SP-017,RATE-SEK-OIS-010M,0.01909209
SP-017,RATE-SEK-OIS-015M,0.01921623
SP-017,RATE-SEK-OIS-020M,0.01932133
SP-017,RATE-SEK-OIS-030M,0.01949831
SP-017,RATE-SEK-OIS-060M,0.01989984
SP-017,RATE-SEK-OIS-090M,0.02020915
SP-017,RATE-SEK-OIS-120M,0.02047044
SP-017,RATE-SEK-OIS-180M,0.02090952
SP-017,RATE-SEK-OIS-240M,0.02128022
SP-017,RATE-SEK-OIS-360M,0.02190285
SP-017,RATE-SEK-GOVT-001M,0.02073051
SP-017,RATE-SEK-GOVT-002M,0.02080097
SP-017,RATE-SEK-GOVT-003M,0.02085527
SP-017,RATE-SEK-GOVT-005M,0.02094190
SP-017,RATE-SEK-GOVT-007M,0.02101273
SP-017,RATE-SEK-GOVT-010M,0.02110249
SP-017,RATE-SEK-GOVT-015M,0.02122663
SP-017,RATE-SEK-GOVT-020M,0.02133173
SP-017,RATE-SEK-GOVT-030M,0.02150870
SP-017,RATE-SEK-GOVT-060M,0.02191024
SP-017,RATE-SEK-GOVT-090M,0.02221955
SP-017,RATE-SEK-GOVT-120M,0.02248084
SP-017,RATE-SEK-GOVT-180M,0.02291992
SP-017,RATE-SEK-GOVT-240M,0.02329062
SP-017,RATE-SEK-GOVT-360M,0.02391325
SP-017,RATE-SEK-SWAP-001M,0.02274091
SP-017,RATE-SEK-SWAP-002M,0.02281137
SP-017,RATE-SEK-SWAP-003M,0.02286567
SP-017,RATE-SEK-SWAP-005M,0.02295229
SP-017,RATE-SEK-SWAP-007M,0.02302313
SP-017,RATE-SEK-SWAP-010M,0.02311288
SP-017,RATE-SEK-SWAP-015M,0.02323702
SP-017,RATE-SEK-SWAP-020M,0.02334212
SP-017,RATE-SEK-SWAP-030M,0.02351910
SP-017,RATE-SEK-SWAP-060M,0.02392063
SP-017,RATE-SEK-SWAP-090M,0.02422994
SP-017,RATE-SEK-SWAP-120M,0.02449124
SP-017,RATE-SEK-SWAP-180M,0.02493032
SP-017,RATE-SEK-SWAP-240M,0.02530102
SP-017,RATE-SEK-SWAP-360M,0.02592364
SP-017,RATE-SEK-INFLATION-001M,0.02475130
SP-017,RATE-SEK-INFLATION-002M,0.02482176
SP-017,RATE-SEK-INFLATION-003M,0.02487607
SP-017,RATE-SEK-INFLATION-005M,0.02496269
SP-017,RATE-SEK-INFLATION-007M,0.02503353
SP-017,RATE-SEK-INFLATION-010M,0.02512328
SP-017,RATE-SEK-INFLATION-015M,0.02524742
SP-017,RATE-SEK-INFLATION-020M,0.02535252
SP-017,RATE-SEK-INFLATION-030M,0.02552950
SP-017,RATE-SEK-INFLATION-060M,0.02593103
SP-017,RATE-SEK-INFLATION-090M,0.02624034
SP-017,RATE-SEK-INFLATION-120M,0.02650163
SP-017,RATE-SEK-INFLATION-180M,0.02694071
SP-017,RATE-SEK-INFLATION-240M,0.02731141
SP-017,RATE-SEK-INFLATION-360M,0.02793404
SP-017,RATE-NOK-OIS-001M,0.02022011
SP-017,RATE-NOK-OIS-002M,0.02029057
SP-017,RATE-NOK-OIS-003M,0.02034488
SP-017,RATE-NOK-OIS-005M,0.02043150
SP-017,RATE-NOK-OIS-007M,0.02050234
SP-017,RATE-NOK-OIS-010M,0.02059209
SP-017,RATE-NOK-OIS-015M,0.02071623
SP-017,RATE-NOK-OIS-020M,0.02082133
SP-017,RATE-NOK-OIS-030M,0.02099831
SP-017,RATE-NOK-OIS-060M,0.02139984
SP-017,RATE-NOK-OIS-090M,0.02170915
SP-017,RATE-NOK-OIS-120M,0.02197044
SP-017,RATE-NOK-OIS-180M,0.02240952
SP-017,RATE-NOK-OIS-240M,0.02278022
SP-017,RATE-NOK-OIS-360M,0.02340285
SP-017,RATE-NOK-GOVT-001M,0.02223051
SP-017,RATE-NOK-GOVT-002M,0.02230097
SP-017,RATE-NOK-GOVT-003M,0.02235527
SP-017,RATE-NOK-GOVT-005M,0.02244190
SP-017,RATE-NOK-GOVT-007M,0.02251273
SP-017,RATE-NOK-GOVT-010M,0.02260249
SP-017,RATE-NOK-GOVT-015M,0.02272663
SP-017,RATE-NOK-GOVT-020M,0.02283173
SP-017,RATE-NOK-GOVT-030M,0.02300870
SP-017,RATE-NOK-GOVT-060M,0.02341024
SP-017,RATE-NOK-GOVT-090M,0.02371955
SP-017,RATE-NOK-GOVT-120M,0.02398084
SP-017,RATE-NOK-GOVT-180M,0.02441992
SP-017,RATE-NOK-GOVT-240M,0.02479062
SP-017,RATE-NOK-GOVT-360M,0.02541325
SP-017,RATE-NOK-SWAP-001M,0.02424091
SP-017,RATE-NOK-SWAP-002M,0.02431137
SP-017,RATE-NOK-SWAP-003M,0.02436567
SP-017,RATE-NOK-SWAP-005M,0.02445229
SP-017,RATE-NOK-SWAP-007M,0.02452313
SP-017,RATE-NOK-SWAP-010M,0.02461288
SP-017,RATE-NOK-SWAP-015M,0.02473702
SP-017,RATE-NOK-SWAP-020M,0.02484212
SP-017,RATE-NOK-SWAP-030M,0.02501910
SP-017,RATE-NOK-SWAP-060M,0.02542063
SP-017,RATE-NOK-SWAP-090M,0.02572994
SP-017,RATE-NOK-SWAP-120M,0.02599124
SP-017,RATE-NOK-SWAP-180M,0.02643032
SP-017,RATE-NOK-SWAP-240M,0.02680102
SP-017,RATE-NOK-SWAP-360M,0.02742364
SP-017,RATE-NOK-INFLATION-001M,0.02625130
SP-017,RATE-NOK-INFLATION-002M,0.02632176
SP-017,RATE-NOK-INFLATION-003M,0.02637607
SP-017,RATE-NOK-INFLATION-005M,0.02646269
SP-017,RATE-NOK-INFLATION-007M,0.02653353
SP-017,RATE-NOK-INFLATION-010M,0.02662328
SP-017,RATE-NOK-INFLATION-015M,0.02674742
SP-017,RATE-NOK-INFLATION-020M,0.02685252
SP-017,RATE-NOK-INFLATION-030M,0.02702950
SP-017,RATE-NOK-INFLATION-060M,0.02743103
SP-017,RATE-NOK-INFLATION-090M,0.02774034
SP-017,RATE-NOK-INFLATION-120M,0.02800163
SP-017,RATE-NOK-INFLATION-180M,0.02844071
SP-017,RATE-NOK-INFLATION-240M,0.02881141
SP-017,RATE-NOK-INFLATION-360M,0.02943404
SP-017,RATE-DKK-OIS-001M,0.02172011
SP-017,RATE-DKK-OIS-002M,0.02179057
SP-017,RATE-DKK-OIS-003M,0.02184488
SP-017,RATE-DKK-OIS-005M,0.02193150
SP-017,RATE-DKK-OIS-007M,0.02200234
SP-017,RATE-DKK-OIS-010M,0.02209209
SP-017,RATE-DKK-OIS-015M,0.02221623
SP-017,RATE-DKK-OIS-020M,0.02232133
SP-017,RATE-DKK-OIS-030M,0.02249831
SP-017,RATE-DKK-OIS-060M,0.02289984
SP-017,RATE-DKK-OIS-090M,0.02320915
SP-017,RATE-DKK-OIS-120M,0.02347044
SP-017,RATE-DKK-OIS-180M,0.02390952
SP-017,RATE-DKK-OIS-240M,0.02428022
SP-017,RATE-DKK-OIS-360M,0.02490285
SP-017,RATE-DKK-GOVT-001M,0.02373051
SP-017,RATE-DKK-GOVT-002M,0.02380097
SP-017,RATE-DKK-GOVT-003M,0.02385527
SP-017,RATE-DKK-GOVT-005M,0.02394190
SP-017,RATE-DKK-GOVT-007M,0.02401273
SP-017,RATE-DKK-GOVT-010M,0.02410249
SP-017,RATE-DKK-GOVT-015M,0.02422663
SP-017,RATE-DKK-GOVT-020M,0.02433173
SP-017,RATE-DKK-GOVT-030M,0.02450870
SP-017,RATE-DKK-GOVT-060M,0.02491024
SP-017,RATE-DKK-GOVT-090M,0.02521955
SP-017,RATE-DKK-GOVT-120M,0.02548084
SP-017,RATE-DKK-GOVT-180M,0.02591992
SP-017,RATE-DKK-GOVT-240M,0.02629062
SP-017,RATE-DKK-GOVT-360M,0.02691325
SP-017,RATE-DKK-SWAP-001M,0.02574091
SP-017,RATE-DKK-SWAP-002M,0.02581137
SP-017,RATE-DKK-SWAP-003M,0.02586567
SP-017,RATE-DKK-SWAP-005M,0.02595229
SP-017,RATE-DKK-SWAP-007M,0.02602313
SP-017,RATE-DKK-SWAP-010M,0.02611288
SP-017,RATE-DKK-SWAP-015M,0.02623702
SP-017,RATE-DKK-SWAP-020M,0.02634212
SP-017,RATE-DKK-SWAP-030M,0.02651910
SP-017,RATE-DKK-SWAP-060M,0.02692063
SP-017,RATE-DKK-SWAP-090M,0.02722994
SP-017,RATE-DKK-SWAP-120M,0.02749124
SP-017,RATE-DKK-SWAP-180M,0.02793032
SP-017,RATE-DKK-SWAP-240M,0.02830102
SP-017,RATE-DKK-SWAP-360M,0.02892364
SP-017,RATE-DKK-INFLATION-001M,0.02775130
SP-017,RATE-DKK-INFLATION-002M,0.02782176
SP-017,RATE-DKK-INFLATION-003M,0.02787607
SP-017,RATE-DKK-INFLATION-005M,0.02796269
SP-017,RATE-DKK-INFLATION-007M,0.02803353
SP-017,RATE-DKK-INFLATION-010M,0.02812328
SP-017,RATE-DKK-INFLATION-015M,0.02824742
SP-017,RATE-DKK-INFLATION-020M,0.02835252
SP-017,RATE-DKK-INFLATION-030M,0.02852950
SP-017,RATE-DKK-INFLATION-060M,0.02893103
SP-017,RATE-DKK-INFLATION-090M,0.02924034
SP-017,RATE-DKK-INFLATION-120M,0.02950163
SP-017,RATE-DKK-INFLATION-180M,0.02994071
SP-017,RATE-DKK-INFLATION-240M,0.03031141
SP-017,RATE-DKK-INFLATION-360M,0.03093404
SP-017,RATE-PLN-OIS-001M,0.02322011
SP-017,RATE-PLN-OIS-002M,0.02329057
SP-017,RATE-PLN-OIS-003M,0.02334488
SP-017,RATE-PLN-OIS-005M,0.02343150
SP-017,RATE-PLN-OIS-007M,0.02350234
SP-017,RATE-PLN-OIS-010M,0.02359209
SP-017,RATE-PLN-OIS-015M,0.02371623
SP-017,RATE-PLN-OIS-020M,0.02382133
SP-017,RATE-PLN-OIS-030M,0.02399831
SP-017,RATE-PLN-OIS-060M,0.02439984
SP-017,RATE-PLN-OIS-090M,0.02470915
SP-017,RATE-PLN-OIS-120M,0.02497044
SP-017,RATE-PLN-OIS-180M,0.02540952
SP-017,RATE-PLN-OIS-240M,0.02578022
SP-017,RATE-PLN-OIS-360M,0.02640285
SP-017,RATE-PLN-GOVT-001M,0.02523051
SP-017,RATE-PLN-GOVT-002M,0.02530097
SP-017,RATE-PLN-GOVT-003M,0.02535527
SP-017,RATE-PLN-GOVT-005M,0.02544190
SP-017,RATE-PLN-GOVT-007M,0.02551273
SP-017,RATE-PLN-GOVT-010M,0.02560249
SP-017,RATE-PLN-GOVT-015M,0.02572663
SP-017,RATE-PLN-GOVT-020M,0.02583173
SP-017,RATE-PLN-GOVT-030M,0.02600870
SP-017,RATE-PLN-GOVT-060M,0.02641024
SP-017,RATE-PLN-GOVT-090M,0.02671955
SP-017,RATE-PLN-GOVT-120M,0.02698084
SP-017,RATE-PLN-GOVT-180M,0.02741992
SP-017,RATE-PLN-GOVT-240M,0.02779062
SP-017,RATE-PLN-GOVT-360M,0.02841325
SP-017,RATE-PLN-SWAP-001M,0.02724091
SP-017,RATE-PLN-SWAP-002M,0.02731137
SP-017,RATE-PLN-SWAP-003M,0.02736567
SP-017,RATE-PLN-SWAP-005M,0.02745229
SP-017,RATE-PLN-SWAP-007M,0.02752313
SP-017,RATE-PLN-SWAP-010M,0.02761288
SP-017,RATE-PLN-SWAP-015M,0.02773702
SP-017,RATE-PLN-SWAP-020M,0.02784212
SP-017,RATE-PLN-SWAP-030M,0.02801910
SP-017,RATE-PLN-SWAP-060M,0.02842063
SP-017,RATE-PLN-SWAP-090M,0.02872994
SP-017,RATE-PLN-SWAP-120M,0.02899124
SP-017,RATE-PLN-SWAP-180M,0.02943032
SP-017,RATE-PLN-SWAP-240M,0.02980102
SP-017,RATE-PLN-SWAP-360M,0.03042364
SP-017,RATE-PLN-INFLATION-001M,0.02925130
SP-017,RATE-PLN-INFLATION-002M,0.02932176
SP-017,RATE-PLN-INFLATION-003M,0.02937607
SP-017,RATE-PLN-INFLATION-005M,0.02946269
SP-017,RATE-PLN-INFLATION-007M,0.02953353
SP-017,RATE-PLN-INFLATION-010M,0.02962328
SP-017,RATE-PLN-INFLATION-015M,0.02974742
SP-017,RATE-PLN-INFLATION-020M,0.02985252
SP-017,RATE-PLN-INFLATION-030M,0.03002950
SP-017,RATE-PLN-INFLATION-060M,0.03043103
SP-017,RATE-PLN-INFLATION-090M,0.03074034
SP-017,RATE-PLN-INFLATION-120M,0.03100163
SP-017,RATE-PLN-INFLATION-180M,0.03144071
SP-017,RATE-PLN-INFLATION-240M,0.03181141
SP-017,RATE-PLN-INFLATION-360M,0.03243404
SP-017,RATE-CZK-OIS-001M,0.02472011
SP-017,RATE-CZK-OIS-002M,0.02479057
SP-017,RATE-CZK-OIS-003M,0.02484488
SP-017,RATE-CZK-OIS-005M,0.02493150
SP-017,RATE-CZK-OIS-007M,0.02500234
SP-017,RATE-CZK-OIS-010M,0.02509209
SP-017,RATE-CZK-OIS-015M,0.02521623
SP-017,RATE-CZK-OIS-020M,0.02532133
SP-017,RATE-CZK-OIS-030M,0.02549831
SP-017,RATE-CZK-OIS-060M,0.02589984
SP-017,RATE-CZK-OIS-090M,0.02620915
SP-017,RATE-CZK-OIS-120M,0.02647044
SP-017,RATE-CZK-OIS-180M,0.02690952
SP-017,RATE-CZK-OIS-240M,0.02728022
SP-017,RATE-CZK-OIS-360M,0.02790285
SP-017,RATE-CZK-GOVT-001M,0.02673051
SP-017,RATE-CZK-GOVT-002M,0.02680097
SP-017,RATE-CZK-GOVT-003M,0.02685527
SP-017,RATE-CZK-GOVT-005M,0.02694190
SP-017,RATE-CZK-GOVT-007M,0.02701273
SP-017,RATE-CZK-GOVT-010M,0.02710249
SP-017,RATE-CZK-GOVT-015M,0.02722663
SP-017,RATE-CZK-GOVT-020M,0.02733173
SP-017,RATE-CZK-GOVT-030M,0.02750870
SP-017,RATE-CZK-GOVT-060M,0.02791024
SP-017,RATE-CZK-GOVT-090M,0.02821955
SP-017,RATE-CZK-GOVT-120M,0.02848084
SP-017,RATE-CZK-GOVT-180M,0.02891992
SP-017,RATE-CZK-GOVT-240M,0.02929062
SP-017,RATE-CZK-GOVT-360M,0.02991325
SP-017,RATE-CZK-SWAP-001M,0.02874091
SP-017,RATE-CZK-SWAP-002M,0.02881137
SP-017,RATE-CZK-SWAP-003M,0.02886567
SP-017,RATE-CZK-SWAP-005M,0.02895229
SP-017,RATE-CZK-SWAP-007M,0.02902313
SP-017,RATE-CZK-SWAP-010M,0.02911288
SP-017,RATE-CZK-SWAP-015M,0.02923702
SP-017,RATE-CZK-SWAP-020M,0.02934212
SP-017,RATE-CZK-SWAP-030M,0.02951910
SP-017,RATE-CZK-SWAP-060M,0.02992063
SP-017,RATE-CZK-SWAP-090M,0.03022994
SP-017,RATE-CZK-SWAP-120M,0.03049124
SP-017,RATE-CZK-SWAP-180M,0.03093032
SP-017,RATE-CZK-SWAP-240M,0.03130102
SP-017,RATE-CZK-SWAP-360M,0.03192364
SP-017,RATE-CZK-INFLATION-001M,0.03075130
SP-017,RATE-CZK-INFLATION-002M,0.03082176
SP-017,RATE-CZK-INFLATION-003M,0.03087607
SP-017,RATE-CZK-INFLATION-005M,0.03096269
SP-017,RATE-CZK-INFLATION-007M,0.03103353
SP-017,RATE-CZK-INFLATION-010M,0.03112328
SP-017,RATE-CZK-INFLATION-015M,0.03124742
SP-017,RATE-CZK-INFLATION-020M,0.03135252
SP-017,RATE-CZK-INFLATION-030M,0.03152950
SP-017,RATE-CZK-INFLATION-060M,0.03193103
SP-017,RATE-CZK-INFLATION-090M,0.03224034
SP-017,RATE-CZK-INFLATION-120M,0.03250163
SP-017,RATE-CZK-INFLATION-180M,0.03294071
SP-017,RATE-CZK-INFLATION-240M,0.03331141
SP-017,RATE-CZK-INFLATION-360M,0.03393404
SP-017,RATE-HUF-OIS-001M,0.02622011
SP-017,RATE-HUF-OIS-002M,0.02629057
SP-017,RATE-HUF-OIS-003M,0.02634488
SP-017,RATE-HUF-OIS-005M,0.02643150
SP-017,RATE-HUF-OIS-007M,0.02650234
SP-017,RATE-HUF-OIS-010M,0.02659209
SP-017,RATE-HUF-OIS-015M,0.02671623
SP-017,RATE-HUF-OIS-020M,0.02682133
SP-017,RATE-HUF-OIS-030M,0.02699831
SP-017,RATE-HUF-OIS-060M,0.02739984
SP-017,RATE-HUF-OIS-090M,0.02770915
SP-017,RATE-HUF-OIS-120M,0.02797044
SP-017,RATE-HUF-OIS-180M,0.02840952
SP-017,RATE-HUF-OIS-240M,0.02878022
SP-017,RATE-HUF-OIS-360M,0.02940285
SP-017,RATE-HUF-GOVT-001M,0.02823051
SP-017,RATE-HUF-GOVT-002M,0.02830097
SP-017,RATE-HUF-GOVT-003M,0.02835527
SP-017,RATE-HUF-GOVT-005M,0.02844190
SP-017,RATE-HUF-GOVT-007M,0.02851273
SP-017,RATE-HUF-GOVT-010M,0.02860249
SP-017,RATE-HUF-GOVT-015M,0.02872663
SP-017,RATE-HUF-GOVT-020M,0.02883173
SP-017,RATE-HUF-GOVT-030M,0.02900870
SP-017,RATE-HUF-GOVT-060M,0.02941024
SP-017,RATE-HUF-GOVT-090M,0.02971955
SP-017,RATE-HUF-GOVT-120M,0.02998084
SP-017,RATE-HUF-GOVT-180M,0.03041992
SP-017,RATE-HUF-GOVT-240M,0.03079062
SP-017,RATE-HUF-GOVT-360M,0.03141325
SP-017,RATE-HUF-SWAP-001M,0.03024091
SP-017,RATE-HUF-SWAP-002M,0.03031137
SP-017,RATE-HUF-SWAP-003M,0.03036567
SP-017,RATE-HUF-SWAP-005M,0.03045229
SP-017,RATE-HUF-SWAP-007M,0.03052313
SP-017,RATE-HUF-SWAP-010M,0.03061288
SP-017,RATE-HUF-SWAP-015M,0.03073702
SP-017,RATE-HUF-SWAP-020M,0.03084212
SP-017,RATE-HUF-SWAP-030M,0.03101910
SP-017,RATE-HUF-SWAP-060M,0.03142063
SP-017,RATE-HUF-SWAP-090M,0.03172994
SP-017,RATE-HUF-SWAP-120M,0.03199124
SP-017,RATE-HUF-SWAP-180M,0.03243032
SP-017,RATE-HUF-SWAP-240M,0.03280102
SP-017,RATE-HUF-SWAP-360M,0.03342364
SP-017,RATE-HUF-INFLATION-001M,0.03225130
SP-017,RATE-HUF-INFLATION-002M,0.03232176
SP-017,RATE-HUF-INFLATION-003M,0.03237607
SP-017,RATE-HUF-INFLATION-005M,0.03246269
SP-017,RATE-HUF-INFLATION-007M,0.03253353
SP-017,RATE-HUF-INFLATION-010M,0.03262328
SP-017,RATE-HUF-INFLATION-015M,0.03274742
SP-017,RATE-HUF-INFLATION-020M,0.03285252
SP-017,RATE-HUF-INFLATION-030M,0.03302950
SP-017,RATE-HUF-INFLATION-060M,0.03343103
SP-017,RATE-HUF-INFLATION-090M,0.03374034
SP-017,RATE-HUF-INFLATION-120M,0.03400163
SP-017,RATE-HUF-INFLATION-180M,0.03444071
SP-017,RATE-HUF-INFLATION-240M,0.03481141
SP-017,RATE-HUF-INFLATION-360M,0.03543404
SP-017,RATE-SGD-OIS-001M,0.02772011
SP-017,RATE-SGD-OIS-002M,0.02779057
SP-017,RATE-SGD-OIS-003M,0.02784488
SP-017,RATE-SGD-OIS-005M,0.02793150
SP-017,RATE-SGD-OIS-007M,0.02800234
SP-017,RATE-SGD-OIS-010M,0.02809209
SP-017,RATE-SGD-OIS-015M,0.02821623
SP-017,RATE-SGD-OIS-020M,0.02832133
SP-017,RATE-SGD-OIS-030M,0.02849831
SP-017,RATE-SGD-OIS-060M,0.02889984
SP-017,RATE-SGD-OIS-090M,0.02920915
SP-017,RATE-SGD-OIS-120M,0.02947044
SP-017,RATE-SGD-OIS-180M,0.02990952
SP-017,RATE-SGD-OIS-240M,0.03028022
SP-017,RATE-SGD-OIS-360M,0.03090285
SP-017,RATE-SGD-GOVT-001M,0.02973051
SP-017,RATE-SGD-GOVT-002M,0.02980097
SP-017,RATE-SGD-GOVT-003M,0.02985527
SP-017,RATE-SGD-GOVT-005M,0.02994190
SP-017,RATE-SGD-GOVT-007M,0.03001273
SP-017,RATE-SGD-GOVT-010M,0.03010249
SP-017,RATE-SGD-GOVT-015M,0.03022663
SP-017,RATE-SGD-GOVT-020M,0.03033173
SP-017,RATE-SGD-GOVT-030M,0.03050870
SP-017,RATE-SGD-GOVT-060M,0.03091024
SP-017,RATE-SGD-GOVT-090M,0.03121955
SP-017,RATE-SGD-GOVT-120M,0.03148084
SP-017,RATE-SGD-GOVT-180M,0.03191992
SP-017,RATE-SGD-GOVT-240M,0.03229062
SP-017,RATE-SGD-GOVT-360M,0.03291325
SP-017,RATE-SGD-SWAP-001M,0.03174091
SP-017,RATE-SGD-SWAP-002M,0.03181137
SP-017,RATE-SGD-SWAP-003M,0.03186567
SP-017,RATE-SGD-SWAP-005M,0.03195229
SP-017,RATE-SGD-SWAP-007M,0.03202313
SP-017,RATE-SGD-SWAP-010M,0.03211288
SP-017,RATE-SGD-SWAP-015M,0.03223702
SP-017,RATE-SGD-SWAP-020M,0.03234212
SP-017,RATE-SGD-SWAP-030M,0.03251910
SP-017,RATE-SGD-SWAP-060M,0.03292063
SP-017,RATE-SGD-SWAP-090M,0.03322994
SP-017,RATE-SGD-SWAP-120M,0.03349124
SP-017,RATE-SGD-SWAP-180M,0.03393032
SP-017,RATE-SGD-SWAP-240M,0.03430102
SP-017,RATE-SGD-SWAP-360M,0.03492364
SP-017,RATE-SGD-INFLATION-001M,0.03375130
SP-017,RATE-SGD-INFLATION-002M,0.03382176
SP-017,RATE-SGD-INFLATION-003M,0.03387607
SP-017,RATE-SGD-INFLATION-005M,0.03396269
SP-017,RATE-SGD-INFLATION-007M,0.03403353
SP-017,RATE-SGD-INFLATION-010M,0.03412328
SP-017,RATE-SGD-INFLATION-015M,0.03424742
SP-017,RATE-SGD-INFLATION-020M,0.03435252
SP-017,RATE-SGD-INFLATION-030M,0.03452950
SP-017,RATE-SGD-INFLATION-060M,0.03493103
SP-017,RATE-SGD-INFLATION-090M,0.03524034
SP-017,RATE-SGD-INFLATION-120M,0.03550163
SP-017,RATE-SGD-INFLATION-180M,0.03594071
SP-017,RATE-SGD-INFLATION-240M,0.03631141
SP-017,RATE-SGD-INFLATION-360M,0.03693404
SP-017,RATE-HKD-OIS-001M,0.02922011
SP-017,RATE-HKD-OIS-002M,0.02929057
SP-017,RATE-HKD-OIS-003M,0.02934488
SP-017,RATE-HKD-OIS-005M,0.02943150
SP-017,RATE-HKD-OIS-007M,0.02950234
SP-017,RATE-HKD-OIS-010M,0.02959209
SP-017,RATE-HKD-OIS-015M,0.02971623
SP-017,RATE-HKD-OIS-020M,0.02982133
SP-017,RATE-HKD-OIS-030M,0.02999831
SP-017,RATE-HKD-OIS-060M,0.03039984
SP-017,RATE-HKD-OIS-090M,0.03070915
SP-017,RATE-HKD-OIS-120M,0.03097044
SP-017,RATE-HKD-OIS-180M,0.03140952
SP-017,RATE-HKD-OIS-240M,0.03178022
SP-017,RATE-HKD-OIS-360M,0.03240285
SP-017,RATE-HKD-GOVT-001M,0.03123051
SP-017,RATE-HKD-GOVT-002M,0.03130097
SP-017,RATE-HKD-GOVT-003M,0.03135527
SP-017,RATE-HKD-GOVT-005M,0.03144190
SP-017,RATE-HKD-GOVT-007M,0.03151273
SP-017,RATE-HKD-GOVT-010M,0.03160249
SP-017,RATE-HKD-GOVT-015M,0.03172663
SP-017,RATE-HKD-GOVT-020M,0.03183173
SP-017,RATE-HKD-GOVT-030M,0.03200870
SP-017,RATE-HKD-GOVT-060M,0.03241024
SP-017,RATE-HKD-GOVT-090M,0.03271955
SP-017,RATE-HKD-GOVT-120M,0.03298084
SP-017,RATE-HKD-GOVT-180M,0.03341992
SP-017,RATE-HKD-GOVT-240M,0.03379062
SP-017,RATE-HKD-GOVT-360M,0.03441325
SP-017,RATE-HKD-SWAP-001M,0.03324091
SP-017,RATE-HKD-SWAP-002M,0.03331137
SP-017,RATE-HKD-SWAP-003M,0.03336567
SP-017,RATE-HKD-SWAP-005M,0.03345229
SP-017,RATE-HKD-SWAP-007M,0.03352313
SP-017,RATE-HKD-SWAP-010M,0.03361288
SP-017,RATE-HKD-SWAP-015M,0.03373702
SP-017,RATE-HKD-SWAP-020M,0.03384212
SP-017,RATE-HKD-SWAP-030M,0.03401910
SP-017,RATE-HKD-SWAP-060M,0.03442063
SP-017,RATE-HKD-SWAP-090M,0.03472994
SP-017,RATE-HKD-SWAP-120M,0.03499124
SP-017,RATE-HKD-SWAP-180M,0.03543032
SP-017,RATE-HKD-SWAP-240M,0.03580102
SP-017,RATE-HKD-SWAP-360M,0.03642364
SP-017,RATE-HKD-INFLATION-001M,0.03525130
SP-017,RATE-HKD-INFLATION-002M,0.03532176
SP-017,RATE-HKD-INFLATION-003M,0.03537607
SP-017,RATE-HKD-INFLATION-005M,0.03546269
SP-017,RATE-HKD-INFLATION-007M,0.03553353
SP-017,RATE-HKD-INFLATION-010M,0.03562328
SP-017,RATE-HKD-INFLATION-015M,0.03574742
SP-017,RATE-HKD-INFLATION-020M,0.03585252
SP-017,RATE-HKD-INFLATION-030M,0.03602950
SP-017,RATE-HKD-INFLATION-060M,0.03643103
SP-017,RATE-HKD-INFLATION-090M,0.03674034
SP-017,RATE-HKD-INFLATION-120M,0.03700163
SP-017,RATE-HKD-INFLATION-180M,0.03744071
SP-017,RATE-HKD-INFLATION-240M,0.03781141
SP-017,RATE-HKD-INFLATION-360M,0.03843404
SP-017,RATE-KRW-OIS-001M,0.03072011
SP-017,RATE-KRW-OIS-002M,0.03079057
SP-017,RATE-KRW-OIS-003M,0.03084488
SP-017,RATE-KRW-OIS-005M,0.03093150
SP-017,RATE-KRW-OIS-007M,0.03100234
SP-017,RATE-KRW-OIS-010M,0.03109209
SP-017,RATE-KRW-OIS-015M,0.03121623
SP-017,RATE-KRW-OIS-020M,0.03132133
SP-017,RATE-KRW-OIS-030M,0.03149831
SP-017,RATE-KRW-OIS-060M,0.03189984
SP-017,RATE-KRW-OIS-090M,0.03220915
SP-017,RATE-KRW-OIS-120M,0.03247044
SP-017,RATE-KRW-OIS-180M,0.03290952
SP-017,RATE-KRW-OIS-240M,0.03328022
SP-017,RATE-KRW-OIS-360M,0.03390285
SP-017,RATE-KRW-GOVT-001M,0.03273051
SP-017,RATE-KRW-GOVT-002M,0.03280097
SP-017,RATE-KRW-GOVT-003M,0.03285527
SP-017,RATE-KRW-GOVT-005M,0.03294190
SP-017,RATE-KRW-GOVT-007M,0.03301273
SP-017,RATE-KRW-GOVT-010M,0.03310249
SP-017,RATE-KRW-GOVT-015M,0.03322663
SP-017,RATE-KRW-GOVT-020M,0.03333173
SP-017,RATE-KRW-GOVT-030M,0.03350870
SP-017,RATE-KRW-GOVT-060M,0.03391024
SP-017,RATE-KRW-GOVT-090M,0.03421955
SP-017,RATE-KRW-GOVT-120M,0.03448084
SP-017,RATE-KRW-GOVT-180M,0.03491992
SP-017,RATE-KRW-GOVT-240M,0.03529062
SP-017,RATE-KRW-GOVT-360M,0.03591325
SP-017,RATE-KRW-SWAP-001M,0.03474091
SP-017,RATE-KRW-SWAP-002M,0.03481137
SP-017,RATE-KRW-SWAP-003M,0.03486567
SP-017,RATE-KRW-SWAP-005M,0.03495229
SP-017,RATE-KRW-SWAP-007M,0.03502313
SP-017,RATE-KRW-SWAP-010M,0.03511288
SP-017,RATE-KRW-SWAP-015M,0.03523702
SP-017,RATE-KRW-SWAP-020M,0.03534212
SP-017,RATE-KRW-SWAP-030M,0.03551910
SP-017,RATE-KRW-SWAP-060M,0.03592063
SP-017,RATE-KRW-SWAP-090M,0.03622994
SP-017,RATE-KRW-SWAP-120M,0.03649124
SP-017,RATE-KRW-SWAP-180M,0.03693032
SP-017,RATE-KRW-SWAP-240M,0.03730102
SP-017,RATE-KRW-SWAP-360M,0.03792364
SP-017,RATE-KRW-INFLATION-001M,0.03675130
SP-017,RATE-KRW-INFLATION-002M,0.03682176
SP-017,RATE-KRW-INFLATION-003M,0.03687607
SP-017,RATE-KRW-INFLATION-005M,0.03696269
SP-017,RATE-KRW-INFLATION-007M,0.03703353
SP-017,RATE-KRW-INFLATION-010M,0.03712328
SP-017,RATE-KRW-INFLATION-015M,0.03724742
SP-017,RATE-KRW-INFLATION-020M,0.03735252
SP-017,RATE-KRW-INFLATION-030M,0.03752950
SP-017,RATE-KRW-INFLATION-060M,0.03793103
SP-017,RATE-KRW-INFLATION-090M,0.03824034
SP-017,RATE-KRW-INFLATION-120M,0.03850163
SP-017,RATE-KRW-INFLATION-180M,0.03894071
SP-017,RATE-KRW-INFLATION-240M,0.03931141
SP-017,RATE-KRW-INFLATION-360M,0.03993404
SP-017,RATE-CNY-OIS-001M,0.03222011
SP-017,RATE-CNY-OIS-002M,0.03229057
SP-017,RATE-CNY-OIS-003M,0.03234488
SP-017,RATE-CNY-OIS-005M,0.03243150
SP-017,RATE-CNY-OIS-007M,0.03250234
SP-017,RATE-CNY-OIS-010M,0.03259209
SP-017,RATE-CNY-OIS-015M,0.03271623
SP-017,RATE-CNY-OIS-020M,0.03282133
SP-017,RATE-CNY-OIS-030M,0.03299831
SP-017,RATE-CNY-OIS-060M,0.03339984
SP-017,RATE-CNY-OIS-090M,0.03370915
SP-017,RATE-CNY-OIS-120M,0.03397044
SP-017,RATE-CNY-OIS-180M,0.03440952
SP-017,RATE-CNY-OIS-240M,0.03478022
SP-017,RATE-CNY-OIS-360M,0.03540285
SP-017,RATE-CNY-GOVT-001M,0.03423051
SP-017,RATE-CNY-GOVT-002M,0.03430097
SP-017,RATE-CNY-GOVT-003M,0.03435527
SP-017,RATE-CNY-GOVT-005M,0.03444190
SP-017,RATE-CNY-GOVT-007M,0.03451273
SP-017,RATE-CNY-GOVT-010M,0.03460249
SP-017,RATE-CNY-GOVT-015M,0.03472663
SP-017,RATE-CNY-GOVT-020M,0.03483173
SP-017,RATE-CNY-GOVT-030M,0.03500870
SP-017,RATE-CNY-GOVT-060M,0.03541024
SP-017,RATE-CNY-GOVT-090M,0.03571955
SP-017,RATE-CNY-GOVT-120M,0.03598084
SP-017,RATE-CNY-GOVT-180M,0.03641992
SP-017,RATE-CNY-GOVT-240M,0.03679062
SP-017,RATE-CNY-GOVT-360M,0.03741325
SP-017,RATE-CNY-SWAP-001M,0.03624091
SP-017,RATE-CNY-SWAP-002M,0.03631137
SP-017,RATE-CNY-SWAP-003M,0.03636567
SP-017,RATE-CNY-SWAP-005M,0.03645229
SP-017,RATE-CNY-SWAP-007M,0.03652313
SP-017,RATE-CNY-SWAP-010M,0.03661288
SP-017,RATE-CNY-SWAP-015M,0.03673702
SP-017,RATE-CNY-SWAP-020M,0.03684212
SP-017,RATE-CNY-SWAP-030M,0.03701910
SP-017,RATE-CNY-SWAP-060M,0.03742063
SP-017,RATE-CNY-SWAP-090M,0.03772994
SP-017,RATE-CNY-SWAP-120M,0.03799124
SP-017,RATE-CNY-SWAP-180M,0.03843032
SP-017,RATE-CNY-SWAP-240M,0.03880102
SP-017,RATE-CNY-SWAP-360M,0.03942364
SP-017,RATE-CNY-INFLATION-001M,0.03825130
SP-017,RATE-CNY-INFLATION-002M,0.03832176
SP-017,RATE-CNY-INFLATION-003M,0.03837607
SP-017,RATE-CNY-INFLATION-005M,0.03846269
SP-017,RATE-CNY-INFLATION-007M,0.03853353
SP-017,RATE-CNY-INFLATION-010M,0.03862328
SP-017,RATE-CNY-INFLATION-015M,0.03874742
SP-017,RATE-CNY-INFLATION-020M,0.03885252
SP-017,RATE-CNY-INFLATION-030M,0.03902950
SP-017,RATE-CNY-INFLATION-060M,0.03943103
SP-017,RATE-CNY-INFLATION-090M,0.03974034
SP-017,RATE-CNY-INFLATION-120M,0.04000163
SP-017,RATE-CNY-INFLATION-180M,0.04044071
SP-017,RATE-CNY-INFLATION-240M,0.04081141
SP-017,RATE-CNY-INFLATION-360M,0.04143404
SP-017,CREDIT-G001-006M,0.00184864
SP-017,CREDIT-G001-012M,0.00369386
SP-017,CREDIT-G001-024M,0.00737407
SP-017,CREDIT-G001-036M,0.01104070
SP-017,CREDIT-G001-060M,0.01833336
SP-017,CREDIT-G001-084M,0.02467660
SP-017,CREDIT-G001-120M,0.03646500
SP-017,CREDIT-G001-144M,0.04366077
SP-017,CREDIT-G001-180M,0.05435630
SP-017,CREDIT-G001-240M,0.07169981
SP-017,CREDIT-G001-300M,0.08872539
SP-017,CREDIT-G001-360M,0.10543888
SP-017,CREDIT-G002-006M,0.00192849
SP-017,CREDIT-G002-012M,0.00385325
SP-017,CREDIT-G002-024M,0.00769166
SP-017,CREDIT-G002-036M,0.01151528
SP-017,CREDIT-G002-060M,0.01911838
SP-017,CREDIT-G002-084M,0.02577169
SP-017,CREDIT-G002-120M,0.03800499
SP-017,CREDIT-G002-144M,0.04549452
SP-017,CREDIT-G002-180M,0.05662224
SP-017,CREDIT-G002-240M,0.07466503
SP-017,CREDIT-G002-300M,0.09236290
SP-017,CREDIT-G002-360M,0.10972246
SP-017,CREDIT-G003-006M,0.00200833
SP-017,CREDIT-G003-012M,0.00401262
SP-017,CREDIT-G003-024M,0.00800915
SP-017,CREDIT-G003-036M,0.01198964
SP-017,CREDIT-G003-060M,0.01990277
SP-017,CREDIT-G003-084M,0.02686557
SP-017,CREDIT-G003-120M,0.03954251
SP-017,CREDIT-G003-144M,0.04732475
SP-017,CREDIT-G003-180M,0.05888275
SP-017,CREDIT-G003-240M,0.07762077
SP-017,CREDIT-G003-300M,0.09598588
SP-017,CREDIT-G003-360M,0.11398552
SP-017,CREDIT-G004-006M,0.00208817
SP-017,CREDIT-G004-012M,0.00417197
SP-017,CREDIT-G004-024M,0.00832654
SP-017,CREDIT-G004-036M,0.01246377
SP-017,CREDIT-G004-060M,0.02068654
SP-017,CREDIT-G004-084M,0.02795822
SP-017,CREDIT-G004-120M,0.04107758
SP-017,CREDIT-G004-144M,0.04915147
SP-017,CREDIT-G004-180M,0.06113783
SP-017,CREDIT-G004-240M,0.08056706
SP-017,CREDIT-G004-300M,0.09959440
SP-017,CREDIT-G004-360M,0.11822816
SP-017,CREDIT-G005-006M,0.00216799
SP-017,CREDIT-G005-012M,0.00433129
SP-017,CREDIT-G005-024M,0.00864382
SP-017,CREDIT-G005-036M,0.01293768
SP-017,CREDIT-G005-060M,0.02146968
SP-017,CREDIT-G005-084M,0.02904966
SP-017,CREDIT-G005-120M,0.04261018
SP-017,CREDIT-G005-144M,0.05097469
SP-017,CREDIT-G005-180M,0.06338751
SP-017,CREDIT-G005-240M,0.08350393
SP-017,CREDIT-G005-300M,0.10318849
SP-017,CREDIT-G005-360M,0.12245047
SP-017,CREDIT-G006-006M,0.00224782
SP-017,CREDIT-G006-012M,0.00449058
SP-017,CREDIT-G006-024M,0.00896100
SP-017,CREDIT-G006-036M,0.01341135
SP-017,CREDIT-G006-060M,0.02225219
SP-017,CREDIT-G006-084M,0.03013988
SP-017,CREDIT-G006-120M,0.04414034
SP-017,CREDIT-G006-144M,0.05279440
SP-017,CREDIT-G006-180M,0.06563179
SP-017,CREDIT-G006-240M,0.08643141
SP-017,CREDIT-G006-300M,0.10676824
SP-017,CREDIT-G006-360M,0.12665256
SP-017,CREDIT-G007-006M,0.00232764
SP-017,CREDIT-G007-012M,0.00464985
SP-017,CREDIT-G007-024M,0.00927809
SP-017,CREDIT-G007-036M,0.01388480
SP-017,CREDIT-G007-060M,0.02303407
SP-017,CREDIT-G007-084M,0.03122888
SP-017,CREDIT-G007-120M,0.04566805
SP-017,CREDIT-G007-144M,0.05461063
SP-017,CREDIT-G007-180M,0.06787068
SP-017,CREDIT-G007-240M,0.08934954
SP-017,CREDIT-G007-300M,0.11033369
SP-017,CREDIT-G007-360M,0.13083452
SP-017,CREDIT-G008-006M,0.00240745
SP-017,CREDIT-G008-012M,0.00480910
SP-017,CREDIT-G008-024M,0.00959507
SP-017,CREDIT-G008-036M,0.01435802
SP-017,CREDIT-G008-060M,0.02381533
SP-017,CREDIT-G008-084M,0.03231668
SP-017,CREDIT-G008-120M,0.04719332
SP-017,CREDIT-G008-144M,0.05642336
SP-017,CREDIT-G008-180M,0.07010420
SP-017,CREDIT-G008-240M,0.09225833
SP-017,CREDIT-G008-300M,0.11388489
SP-017,CREDIT-G008-360M,0.13499644
SP-017,CREDIT-G009-006M,0.00248725
SP-017,CREDIT-G009-012M,0.00496831
SP-017,CREDIT-G009-024M,0.00991195
SP-017,CREDIT-G009-036M,0.01483102
SP-017,CREDIT-G009-060M,0.02459597
SP-017,CREDIT-G009-084M,0.03340325
SP-017,CREDIT-G009-120M,0.04871615
SP-017,CREDIT-G009-144M,0.05823262
SP-017,CREDIT-G009-180M,0.07233237
SP-017,CREDIT-G009-240M,0.09515783
SP-017,CREDIT-G009-300M,0.11742192
SP-017,CREDIT-G009-360M,0.13913843
SP-017,CREDIT-G010-006M,0.00256705
SP-017,CREDIT-G010-012M,0.00512751
SP-017,CREDIT-G010-024M,0.01022872
SP-017,CREDIT-G010-036M,0.01530378
SP-017,CREDIT-G010-060M,0.02537598
SP-017,CREDIT-G010-084M,0.03448862
SP-017,CREDIT-G010-120M,0.05023654
SP-017,CREDIT-G010-144M,0.06003840
SP-017,CREDIT-G010-180M,0.07455519
SP-017,CREDIT-G010-240M,0.09804806
SP-017,CREDIT-G010-300M,0.12094481
SP-017,CREDIT-G010-360M,0.14326057
SP-017,CREDIT-G011-006M,0.00264684
SP-017,CREDIT-G011-012M,0.00528667
SP-017,CREDIT-G011-024M,0.01054540
SP-017,CREDIT-G011-036M,0.01577633
SP-017,CREDIT-G011-060M,0.02615537
SP-017,CREDIT-G011-084M,0.03557278
SP-017,CREDIT-G011-120M,0.05175450
SP-017,CREDIT-G011-144M,0.06184072
SP-017,CREDIT-G011-180M,0.07677267
SP-017,CREDIT-G011-240M,0.10092905
SP-017,CREDIT-G011-300M,0.12445364
SP-017,CREDIT-G011-360M,0.14736297
SP-017,CREDIT-G012-006M,0.00272662
SP-017,CREDIT-G012-012M,0.00544581
SP-017,CREDIT-G012-024M,0.01086197
SP-017,CREDIT-G012-036M,0.01624864
SP-017,CREDIT-G012-060M,0.02693413
SP-017,CREDIT-G012-084M,0.03665572
SP-017,CREDIT-G012-120M,0.05327003
SP-017,CREDIT-G012-144M,0.06363958
SP-017,CREDIT-G012-180M,0.07898484
SP-017,CREDIT-G012-240M,0.10380083
SP-017,CREDIT-G012-300M,0.12794845
SP-017,CREDIT-G012-360M,0.15144571
SP-017,CREDIT-G013-006M,0.00280640
SP-017,CREDIT-G013-012M,0.00560493
SP-017,CREDIT-G013-024M,0.01117845
SP-017,CREDIT-G013-036M,0.01672073
SP-017,CREDIT-G013-060M,0.02771227
SP-017,CREDIT-G013-084M,0.03773746
SP-017,CREDIT-G013-120M,0.05478314
SP-017,CREDIT-G013-144M,0.06543499
SP-017,CREDIT-G013-180M,0.08119170
SP-017,CREDIT-G013-240M,0.10666342
SP-017,CREDIT-G013-300M,0.13142930
SP-017,CREDIT-G013-360M,0.15550890
SP-017,CREDIT-G014-006M,0.00288618
SP-017,CREDIT-G014-012M,0.00576402
SP-017,CREDIT-G014-024M,0.01149482
SP-017,CREDIT-G014-036M,0.01719259
SP-017,CREDIT-G014-060M,0.02848979
SP-017,CREDIT-G014-084M,0.03881800
SP-017,CREDIT-G014-120M,0.05629382
SP-017,CREDIT-G014-144M,0.06722695
SP-017,CREDIT-G014-180M,0.08339326
SP-017,CREDIT-G014-240M,0.10951687
SP-017,CREDIT-G014-300M,0.13489626
SP-017,CREDIT-G014-360M,0.15955262
SP-017,CREDIT-G015-006M,0.00296594
SP-017,CREDIT-G015-012M,0.00592309
SP-017,CREDIT-G015-024M,0.01181109
SP-017,CREDIT-G015-036M,0.01766422
SP-017,CREDIT-G015-060M,0.02926669
SP-017,CREDIT-G015-084M,0.03989733
SP-017,CREDIT-G015-120M,0.05780210
SP-017,CREDIT-G015-144M,0.06901547
SP-017,CREDIT-G015-180M,0.08558955
SP-017,CREDIT-G015-240M,0.11236120
SP-017,CREDIT-G015-300M,0.13834936
SP-017,CREDIT-G015-360M,0.16357697
SP-017,CREDIT-G016-006M,0.00304570
SP-017,CREDIT-G016-012M,0.00608213
SP-017,CREDIT-G016-024M,0.01212726
SP-017,CREDIT-G016-036M,0.01813563
SP-017,CREDIT-G016-060M,0.03004296
SP-017,CREDIT-G016-084M,0.04097546
SP-017,CREDIT-G016-120M,0.05930796
SP-017,CREDIT-G016-144M,0.07080056
SP-017,CREDIT-G016-180M,0.08778056
SP-017,CREDIT-G016-240M,0.11519643
SP-017,CREDIT-G016-300M,0.14178867
SP-017,CREDIT-G016-360M,0.16758204
SP-017,CREDIT-G017-006M,0.00312545
SP-017,CREDIT-G017-012M,0.00624114
SP-017,CREDIT-G017-024M,0.01244333
SP-017,CREDIT-G017-036M,0.01860681
SP-017,CREDIT-G017-060M,0.03081862
SP-017,CREDIT-G017-084M,0.04205238
SP-017,CREDIT-G017-120M,0.06081141
SP-017,CREDIT-G017-144M,0.07258222
SP-017,CREDIT-G017-180M,0.08996632
SP-017,CREDIT-G017-240M,0.11802260
SP-017,CREDIT-G017-300M,0.14521425
SP-017,CREDIT-G017-360M,0.17156792
SP-017,CREDIT-G018-006M,0.00320520
SP-017,CREDIT-G018-012M,0.00640013
SP-017,CREDIT-G018-024M,0.01275930
SP-017,CREDIT-G018-036M,0.01907777
SP-017,CREDIT-G018-060M,0.03159365
SP-017,CREDIT-G018-084M,0.04312810
SP-017,CREDIT-G018-120M,0.06231245
SP-017,CREDIT-G018-144M,0.07436046
SP-017,CREDIT-G018-180M,0.09214684
SP-017,CREDIT-G018-240M,0.12083973
SP-017,CREDIT-G018-300M,0.14862614
SP-017,CREDIT-G018-360M,0.17553471
SP-017,CREDIT-G019-006M,0.00328494
SP-017,CREDIT-G019-012M,0.00655909
SP-017,CREDIT-G019-024M,0.01307516
SP-017,CREDIT-G019-036M,0.01954850
SP-017,CREDIT-G019-060M,0.03236807
SP-017,CREDIT-G019-084M,0.04420263
SP-017,CREDIT-G019-120M,0.06381110
SP-017,CREDIT-G019-144M,0.07613529
SP-017,CREDIT-G019-180M,0.09432212
SP-017,CREDIT-G019-240M,0.12364786
SP-017,CREDIT-G019-300M,0.15202441
SP-017,CREDIT-G019-360M,0.17948250
SP-017,CREDIT-G020-006M,0.00336468
SP-017,CREDIT-G020-012M,0.00671803
SP-017,CREDIT-G020-024M,0.01339093
SP-017,CREDIT-G020-036M,0.02001900
SP-017,CREDIT-G020-060M,0.03314187
SP-017,CREDIT-G020-084M,0.04527595
SP-017,CREDIT-G020-120M,0.06530735
SP-017,CREDIT-G020-144M,0.07790672
SP-017,CREDIT-G020-180M,0.09649219
SP-017,CREDIT-G020-240M,0.12644701
SP-017,CREDIT-G020-300M,0.15540910
SP-017,CREDIT-G020-360M,0.18341137
SP-017,CREDIT-G021-006M,0.00344440
SP-017,CREDIT-G021-012M,0.00687694
SP-017,CREDIT-G021-024M,0.01370659
SP-017,CREDIT-G021-036M,0.02048928
SP-017,CREDIT-G021-060M,0.03391504
SP-017,CREDIT-G021-084M,0.04634809
SP-017,CREDIT-G021-120M,0.06680120
SP-017,CREDIT-G021-144M,0.07967474
SP-017,CREDIT-G021-180M,0.09865704
SP-017,CREDIT-G021-240M,0.12923721
SP-017,CREDIT-G021-300M,0.15878028
SP-017,CREDIT-G021-360M,0.18732142
SP-017,CREDIT-G022-006M,0.00352412
SP-017,CREDIT-G022-012M,0.00703583
SP-017,CREDIT-G022-024M,0.01402216
SP-017,CREDIT-G022-036M,0.02095933
SP-017,CREDIT-G022-060M,0.03468760
SP-017,CREDIT-G022-084M,0.04741902
SP-017,CREDIT-G022-120M,0.06829267
SP-017,CREDIT-G022-144M,0.08143937
SP-017,CREDIT-G022-180M,0.10081671
SP-017,CREDIT-G022-240M,0.13201849
SP-017,CREDIT-G022-300M,0.16213799
SP-017,CREDIT-G022-360M,0.19121274
SP-017,CREDIT-G023-006M,0.00360384
SP-017,CREDIT-G023-012M,0.00719469
SP-017,CREDIT-G023-024M,0.01433762
SP-017,CREDIT-G023-036M,0.02142916
SP-017,CREDIT-G023-060M,0.03545954
SP-017,CREDIT-G023-084M,0.04848876
SP-017,CREDIT-G023-120M,0.06978175
SP-017,CREDIT-G023-144M,0.08320061
SP-017,CREDIT-G023-180M,0.10297119
SP-017,CREDIT-G023-240M,0.13479088
SP-017,CREDIT-G023-300M,0.16548229
SP-017,CREDIT-G023-360M,0.19508542
SP-017,CREDIT-G024-006M,0.00368355
SP-017,CREDIT-G024-012M,0.00735353
SP-017,CREDIT-G024-024M,0.01465298
SP-017,CREDIT-G024-036M,0.02189876
SP-017,CREDIT-G024-060M,0.03623087
SP-017,CREDIT-G024-084M,0.04955731
SP-017,CREDIT-G024-120M,0.07126845
SP-017,CREDIT-G024-144M,0.08495848
SP-017,CREDIT-G024-180M,0.10512051
SP-017,CREDIT-G024-240M,0.13755441
SP-017,CREDIT-G024-300M,0.16881323
SP-017,CREDIT-G024-360M,0.19893954
SP-017,CREDIT-G025-006M,0.00376325
SP-017,CREDIT-G025-012M,0.00751234
SP-017,CREDIT-G025-024M,0.01496824
SP-017,CREDIT-G025-036M,0.02236814
SP-017,CREDIT-G025-060M,0.03700157
SP-017,CREDIT-G025-084M,0.05062467
SP-017,CREDIT-G025-120M,0.07275277
SP-017,CREDIT-G025-144M,0.08671297
SP-017,CREDIT-G025-180M,0.10726467
SP-017,CREDIT-G025-240M,0.14030910
SP-017,CREDIT-G025-300M,0.17213087
SP-017,CREDIT-G025-360M,0.20277520
SP-017,CREDIT-G026-006M,0.00384295
SP-017,CREDIT-G026-012M,0.00767112
SP-017,CREDIT-G026-024M,0.01528340
SP-017,CREDIT-G026-036M,0.02283729
SP-017,CREDIT-G026-060M,0.03777166
SP-017,CREDIT-G026-084M,0.05169083
SP-017,CREDIT-G026-120M,0.07423471
SP-017,CREDIT-G026-144M,0.08846409
SP-017,CREDIT-G026-180M,0.10940368
SP-017,CREDIT-G026-240M,0.14305499
SP-017,CREDIT-G026-300M,0.17543525
SP-017,CREDIT-G026-360M,0.20659249
SP-017,CREDIT-G027-006M,0.00392263
SP-017,CREDIT-G027-012M,0.00782988
SP-017,CREDIT-G027-024M,0.01559846
SP-017,CREDIT-G027-036M,0.02330621
SP-017,CREDIT-G027-060M,0.03854114
SP-017,CREDIT-G027-084M,0.05275581
SP-017,CREDIT-G027-120M,0.07571429
SP-017,CREDIT-G027-144M,0.09021185
SP-017,CREDIT-G027-180M,0.11153757
SP-017,CREDIT-G027-240M,0.14579209
SP-017,CREDIT-G027-300M,0.17872644
SP-017,CREDIT-G027-360M,0.21039149
SP-017,CREDIT-G028-006M,0.00400232
SP-017,CREDIT-G028-012M,0.00798862
SP-017,CREDIT-G028-024M,0.01591342
SP-017,CREDIT-G028-036M,0.02377491
SP-017,CREDIT-G028-060M,0.03931000
SP-017,CREDIT-G028-084M,0.05381960
SP-017,CREDIT-G028-120M,0.07719150
SP-017,CREDIT-G028-144M,0.09195625
SP-017,CREDIT-G028-180M,0.11366633
SP-017,CREDIT-G028-240M,0.14852045
SP-017,CREDIT-G028-300M,0.18200449
SP-017,CREDIT-G028-360M,0.21417229
SP-017,CREDIT-G029-006M,0.00408199
SP-017,CREDIT-G029-012M,0.00814733
SP-017,CREDIT-G029-024M,0.01622828
SP-017,CREDIT-G029-036M,0.02424339
SP-017,CREDIT-G029-060M,0.04007824
SP-017,CREDIT-G029-084M,0.05488221
SP-017,CREDIT-G029-120M,0.07866635
SP-017,CREDIT-G029-144M,0.09369731
SP-017,CREDIT-G029-180M,0.11578999
SP-017,CREDIT-G029-240M,0.15124009
SP-017,CREDIT-G029-300M,0.18526944
SP-017,CREDIT-G029-360M,0.21793498
SP-017,CREDIT-G030-006M,0.00416166
SP-017,CREDIT-G030-012M,0.00830601
SP-017,CREDIT-G030-024M,0.01654303
SP-017,CREDIT-G030-036M,0.02471164
SP-017,CREDIT-G030-060M,0.04084587
SP-017,CREDIT-G030-084M,0.05594363
SP-017,CREDIT-G030-120M,0.08013884
SP-017,CREDIT-G030-144M,0.09543503
SP-017,CREDIT-G030-180M,0.11790855
SP-017,CREDIT-G030-240M,0.15395103
SP-017,CREDIT-G030-300M,0.18852135
SP-017,CREDIT-G030-360M,0.22167964
SP-017,CREDIT-G031-006M,0.00424133
SP-017,CREDIT-G031-012M,0.00846467
SP-017,CREDIT-G031-024M,0.01685769
SP-017,CREDIT-G031-036M,0.02517966
SP-017,CREDIT-G031-060M,0.04161289
SP-017,CREDIT-G031-084M,0.05700387
SP-017,CREDIT-G031-120M,0.08160897
SP-017,CREDIT-G031-144M,0.09716941
SP-017,CREDIT-G031-180M,0.12002203
SP-017,CREDIT-G031-240M,0.15665330
SP-017,CREDIT-G031-300M,0.19176027
SP-017,CREDIT-G031-360M,0.22540636
SP-017,CREDIT-G032-006M,0.00432099
SP-017,CREDIT-G032-012M,0.00862330
SP-017,CREDIT-G032-024M,0.01717224
SP-017,CREDIT-G032-036M,0.02564747
SP-017,CREDIT-G032-060M,0.04237929
SP-017,CREDIT-G032-084M,0.05806292
SP-017,CREDIT-G032-120M,0.08307675
SP-017,CREDIT-G032-144M,0.09890046
SP-017,CREDIT-G032-180M,0.12213044
SP-017,CREDIT-G032-240M,0.15934694
SP-017,CREDIT-G032-300M,0.19498625
SP-017,CREDIT-G032-360M,0.22911522
SP-017,CREDIT-G033-006M,0.00440064
SP-017,CREDIT-G033-012M,0.00878191
SP-017,CREDIT-G033-024M,0.01748670
SP-017,CREDIT-G033-036M,0.02611504
SP-017,CREDIT-G033-060M,0.04314508
SP-017,CREDIT-G033-084M,0.05912080
SP-017,CREDIT-G033-120M,0.08454219
SP-017,CREDIT-G033-144M,0.10062819
SP-017,CREDIT-G033-180M,0.12423379
SP-017,CREDIT-G033-240M,0.16203196
SP-017,CREDIT-G033-300M,0.19819935
SP-017,CREDIT-G033-360M,0.23280632
SP-017,CREDIT-G034-006M,0.00448028
SP-017,CREDIT-G034-012M,0.00894049
SP-017,CREDIT-G034-024M,0.01780105
SP-017,CREDIT-G034-036M,0.02658240
SP-017,CREDIT-G034-060M,0.04391026
SP-017,CREDIT-G034-084M,0.06017749
SP-017,CREDIT-G034-120M,0.08600528
SP-017,CREDIT-G034-144M,0.10235260
SP-017,CREDIT-G034-180M,0.12633210
SP-017,CREDIT-G034-240M,0.16470840
SP-017,CREDIT-G034-300M,0.20139962
SP-017,CREDIT-G034-360M,0.23647974
SP-017,CREDIT-G035-006M,0.00455992
SP-017,CREDIT-G035-012M,0.00909905
SP-017,CREDIT-G035-024M,0.01811530
SP-017,CREDIT-G035-036M,0.02704952
SP-017,CREDIT-G035-060M,0.04467483
SP-017,CREDIT-G035-084M,0.06123301
SP-017,CREDIT-G035-120M,0.08746603
SP-017,CREDIT-G035-144M,0.10407370
SP-017,CREDIT-G035-180M,0.12842537
SP-017,CREDIT-G035-240M,0.16737628
SP-017,CREDIT-G035-300M,0.20458710
SP-017,CREDIT-G035-360M,0.24013555
SP-017,CREDIT-G036-006M,0.00463955
SP-017,CREDIT-G036-012M,0.00925758
SP-017,CREDIT-G036-024M,0.01842946
SP-017,CREDIT-G036-036M,0.02751643
SP-017,CREDIT-G036-060M,0.04543878
SP-017,CREDIT-G036-084M,0.06228735
SP-017,CREDIT-G036-120M,0.08892444
SP-017,CREDIT-G036-144M,0.10579150
SP-017,CREDIT-G036-180M,0.13051362
SP-017,CREDIT-G036-240M,0.17003564
SP-017,CREDIT-G036-300M,0.20776185
SP-017,CREDIT-G036-360M,0.24377386
SP-017,CREDIT-G037-006M,0.00471918
SP-017,CREDIT-G037-012M,0.00941609
SP-017,CREDIT-G037-024M,0.01874351
SP-017,CREDIT-G037-036M,0.02798311
SP-017,CREDIT-G037-060M,0.04620213
SP-017,CREDIT-G037-084M,0.06334052
SP-017,CREDIT-G037-120M,0.09038052
SP-017,CREDIT-G037-144M,0.10750601
SP-017,CREDIT-G037-180M,0.13259686
SP-017,CREDIT-G037-240M,0.17268649
SP-017,CREDIT-G037-300M,0.21092392
SP-017,CREDIT-G037-360M,0.24739473
SP-017,CREDIT-G038-006M,0.00479880
SP-017,CREDIT-G038-012M,0.00957457
SP-017,CREDIT-G038-024M,0.01905746
SP-017,CREDIT-G038-036M,0.02844956
SP-017,CREDIT-G038-060M,0.04696486
SP-017,CREDIT-G038-084M,0.06439251
SP-017,CREDIT-G038-120M,0.09183428
SP-017,CREDIT-G038-144M,0.10921722
SP-017,CREDIT-G038-180M,0.13467510
SP-017,CREDIT-G038-240M,0.17532887
SP-017,CREDIT-G038-300M,0.21407336
SP-017,CREDIT-G038-360M,0.25099826
SP-017,CREDIT-G039-006M,0.00487841
SP-017,CREDIT-G039-012M,0.00973302
SP-017,CREDIT-G039-024M,0.01937131
SP-017,CREDIT-G039-036M,0.02891580
SP-017,CREDIT-G039-060M,0.04772698
SP-017,CREDIT-G039-084M,0.06544333
SP-017,CREDIT-G039-120M,0.09328570
SP-017,CREDIT-G039-144M,0.11092515
SP-017,CREDIT-G039-180M,0.13674835
SP-017,CREDIT-G039-240M,0.17796280
SP-017,CREDIT-G039-300M,0.21721023
SP-017,CREDIT-G039-360M,0.25458452
SP-017,CREDIT-G040-006M,0.00495802
SP-017,CREDIT-G040-012M,0.00989145
SP-017,CREDIT-G040-024M,0.01968506
SP-017,CREDIT-G040-036M,0.02938180
SP-017,CREDIT-G040-060M,0.04848850
SP-017,CREDIT-G040-084M,0.06649298
SP-017,CREDIT-G040-120M,0.09473481
SP-017,CREDIT-G040-144M,0.11262980
SP-017,CREDIT-G040-180M,0.13881663
SP-017,CREDIT-G040-240M,0.18058830
SP-017,CREDIT-G040-300M,0.22033456
SP-017,CREDIT-G040-360M,0.25815360
SP-017,CREDIT-G041-006M,0.00503762
SP-017,CREDIT-G041-012M,0.01004986
SP-017,CREDIT-G041-024M,0.01999871
SP-017,CREDIT-G041-036M,0.02984759
SP-017,CREDIT-G041-060M,0.04924940
SP-017,CREDIT-G041-084M,0.06754146
SP-017,CREDIT-G041-120M,0.09618160
SP-017,CREDIT-G041-144M,0.11433117
SP-017,CREDIT-G041-180M,0.14087995
SP-017,CREDIT-G041-240M,0.18320542
SP-017,CREDIT-G041-300M,0.22344641
SP-017,CREDIT-G041-360M,0.26170558
SP-017,CREDIT-G042-006M,0.00511721
SP-017,CREDIT-G042-012M,0.01020824
SP-017,CREDIT-G042-024M,0.02031226
SP-017,CREDIT-G042-036M,0.03031315
SP-017,CREDIT-G042-060M,0.05000970
SP-017,CREDIT-G042-084M,0.06858877
SP-017,CREDIT-G042-120M,0.09762607
SP-017,CREDIT-G042-144M,0.11602929
SP-017,CREDIT-G042-180M,0.14293832
SP-017,CREDIT-G042-240M,0.18581417
SP-017,CREDIT-G042-300M,0.22654583
SP-017,CREDIT-G042-360M,0.26524055
SP-017,CREDIT-G043-006M,0.00519680
SP-017,CREDIT-G043-012M,0.01036659
SP-017,CREDIT-G043-024M,0.02062571
SP-017,CREDIT-G043-036M,0.03077849
SP-017,CREDIT-G043-060M,0.05076939
SP-017,CREDIT-G043-084M,0.06963491
SP-017,CREDIT-G043-120M,0.09906824
SP-017,CREDIT-G043-144M,0.11772414
SP-017,CREDIT-G043-180M,0.14499175
SP-017,CREDIT-G043-240M,0.18841458
SP-017,CREDIT-G043-300M,0.22963288
SP-017,CREDIT-G043-360M,0.26875857
SP-017,CREDIT-G044-006M,0.00527638
SP-017,CREDIT-G044-012M,0.01052492
SP-017,CREDIT-G044-024M,0.02093906
SP-017,CREDIT-G044-036M,0.03124360
SP-017,CREDIT-G044-060M,0.05152847
SP-017,CREDIT-G044-084M,0.07067988
SP-017,CREDIT-G044-120M,0.10050809
SP-017,CREDIT-G044-144M,0.11941574
SP-017,CREDIT-G044-180M,0.14704026
SP-017,CREDIT-G044-240M,0.19100667
SP-017,CREDIT-G044-300M,0.23270759
SP-017,CREDIT-G044-360M,0.27225975
SP-017,CREDIT-G045-006M,0.00535595
SP-017,CREDIT-G045-012M,0.01068322
SP-017,CREDIT-G045-024M,0.02125231
SP-017,CREDIT-G045-036M,0.03170850
SP-017,CREDIT-G045-060M,0.05228694
SP-017,CREDIT-G045-084M,0.07172369
SP-017,CREDIT-G045-120M,0.10194565
SP-017,CREDIT-G045-144M,0.12110409
SP-017,CREDIT-G045-180M,0.14908384
SP-017,CREDIT-G045-240M,0.19359048
SP-017,CREDIT-G045-300M,0.23577002
SP-017,CREDIT-G045-360M,0.27574415
SP-017,CREDIT-G046-006M,0.00543552
SP-017,CREDIT-G046-012M,0.01084150
SP-017,CREDIT-G046-024M,0.02156546
SP-017,CREDIT-G046-036M,0.03217316
SP-017,CREDIT-G046-060M,0.05304481
SP-017,CREDIT-G046-084M,0.07276634
SP-017,CREDIT-G046-120M,0.10338090
SP-017,CREDIT-G046-144M,0.12278920
SP-017,CREDIT-G046-180M,0.15112253
SP-017,CREDIT-G046-240M,0.19616603
SP-017,CREDIT-G046-300M,0.23882022
SP-017,CREDIT-G046-360M,0.27921186
SP-017,CREDIT-G047-006M,0.00551508
SP-017,CREDIT-G047-012M,0.01099975
SP-017,CREDIT-G047-024M,0.02187851
SP-017,CREDIT-G047-036M,0.03263761
SP-017,CREDIT-G047-060M,0.05380207
SP-017,CREDIT-G047-084M,0.07380782
SP-017,CREDIT-G047-120M,0.10481386
SP-017,CREDIT-G047-144M,0.12447108
SP-017,CREDIT-G047-180M,0.15315633
SP-017,CREDIT-G047-240M,0.19873334
SP-017,CREDIT-G047-300M,0.24185824
SP-017,CREDIT-G047-360M,0.28266295
SP-017,CREDIT-G048-006M,0.00559464
SP-017,CREDIT-G048-012M,0.01115798
SP-017,CREDIT-G048-024M,0.02219146
SP-017,CREDIT-G048-036M,0.03310183
SP-017,CREDIT-G048-060M,0.05455872
SP-017,CREDIT-G048-084M,0.07484815
SP-017,CREDIT-G048-120M,0.10624453
SP-017,CREDIT-G048-144M,0.12614973
SP-017,CREDIT-G048-180M,0.15518524
SP-017,CREDIT-G048-240M,0.20129244
SP-017,CREDIT-G048-300M,0.24488412
SP-017,CREDIT-G048-360M,0.28609751
SP-017,CREDIT-G049-006M,0.00567419
SP-017,CREDIT-G049-012M,0.01131618
SP-017,CREDIT-G049-024M,0.02250431
SP-017,CREDIT-G049-036M,0.03356583
SP-017,CREDIT-G049-060M,0.05531477
SP-017,CREDIT-G049-084M,0.07588731
SP-017,CREDIT-G049-120M,0.10767291
SP-017,CREDIT-G049-144M,0.12782516
SP-017,CREDIT-G049-180M,0.15720929
SP-017,CREDIT-G049-240M,0.20384337
SP-017,CREDIT-G049-300M,0.24789792
SP-017,CREDIT-G049-360M,0.28951562
SP-017,CREDIT-G050-006M,0.00575373
SP-017,CREDIT-G050-012M,0.01147436
SP-017,CREDIT-G050-024M,0.02281706
SP-017,CREDIT-G050-036M,0.03402961
SP-017,CREDIT-G050-060M,0.05607022
SP-017,CREDIT-G050-084M,0.07692532
SP-017,CREDIT-G050-120M,0.10909900
SP-017,CREDIT-G050-144M,0.12949737
SP-017,CREDIT-G050-180M,0.15922848
SP-017,CREDIT-G050-240M,0.20638613
SP-017,CREDIT-G050-300M,0.25089967
SP-017,CREDIT-G050-360M,0.29291735
SP-017,CREDIT-G051-006M,0.00583327
SP-017,CREDIT-G051-012M,0.01163251
SP-017,CREDIT-G051-024M,0.02312971
SP-017,CREDIT-G051-036M,0.03449316
SP-017,CREDIT-G051-060M,0.05682506
SP-017,CREDIT-G051-084M,0.07796217
SP-017,CREDIT-G051-120M,0.11052281
SP-017,CREDIT-G051-144M,0.13116637
SP-017,CREDIT-G051-180M,0.16124283
SP-017,CREDIT-G051-240M,0.20892077
SP-017,CREDIT-G051-300M,0.25388944
SP-017,CREDIT-G051-360M,0.29630278
SP-017,CREDIT-G052-006M,0.00591280
SP-017,CREDIT-G052-012M,0.01179064
SP-017,CREDIT-G052-024M,0.02344225
SP-017,CREDIT-G052-036M,0.03495650
SP-017,CREDIT-G052-060M,0.05757930
SP-017,CREDIT-G052-084M,0.07899786
SP-017,CREDIT-G052-120M,0.11194435
SP-017,CREDIT-G052-144M,0.13283217
SP-017,CREDIT-G052-180M,0.16325234
SP-017,CREDIT-G052-240M,0.21144731
SP-017,CREDIT-G052-300M,0.25686727
SP-017,CREDIT-G052-360M,0.29967200
SP-017,CREDIT-G053-006M,0.00599232
SP-017,CREDIT-G053-012M,0.01194874
SP-017,CREDIT-G053-024M,0.02375470
SP-017,CREDIT-G053-036M,0.03541961
SP-017,CREDIT-G053-060M,0.05833294
SP-017,CREDIT-G053-084M,0.08003240
SP-017,CREDIT-G053-120M,0.11336361
SP-017,CREDIT-G053-144M,0.13449477
SP-017,CREDIT-G053-180M,0.16525704
SP-017,CREDIT-G053-240M,0.21396577
SP-017,CREDIT-G053-300M,0.25983320
SP-017,CREDIT-G053-360M,0.30302507
SP-017,CREDIT-G054-006M,0.00607184
SP-017,CREDIT-G054-012M,0.01210681
SP-017,CREDIT-G054-024M,0.02406705
SP-017,CREDIT-G054-036M,0.03588249
SP-017,CREDIT-G054-060M,0.05908597
SP-017,CREDIT-G054-084M,0.08106578
SP-017,CREDIT-G054-120M,0.11478061
SP-017,CREDIT-G054-144M,0.13615418
SP-017,CREDIT-G054-180M,0.16725692
SP-017,CREDIT-G054-240M,0.21647617
SP-017,CREDIT-G054-300M,0.26278728
SP-017,CREDIT-G054-360M,0.30636207
SP-017,CREDIT-G055-006M,0.00615135
SP-017,CREDIT-G055-012M,0.01226486
SP-017,CREDIT-G055-024M,0.02437930
SP-017,CREDIT-G055-036M,0.03634516
SP-017,CREDIT-G055-060M,0.05983840
SP-017,CREDIT-G055-084M,0.08209802
SP-017,CREDIT-G055-120M,0.11619533
SP-017,CREDIT-G055-144M,0.13781040
SP-017,CREDIT-G055-180M,0.16925201
SP-017,CREDIT-G055-240M,0.21897855
SP-017,CREDIT-G055-300M,0.26572956
SP-017,CREDIT-G055-360M,0.30968309
SP-017,CREDIT-G056-006M,0.00623086
SP-017,CREDIT-G056-012M,0.01242289
SP-017,CREDIT-G056-024M,0.02469145
SP-017,CREDIT-G056-036M,0.03680760
SP-017,CREDIT-G056-060M,0.06059023
SP-017,CREDIT-G056-084M,0.08312910
SP-017,CREDIT-G056-120M,0.11760779
SP-017,CREDIT-G056-144M,0.13946345
SP-017,CREDIT-G056-180M,0.17124231
SP-017,CREDIT-G056-240M,0.22147293
SP-017,CREDIT-G056-300M,0.26866010
SP-017,CREDIT-G056-360M,0.31298820
SP-017,CREDIT-G057-006M,0.00631035
SP-017,CREDIT-G057-012M,0.01258089
SP-017,CREDIT-G057-024M,0.02500350
SP-017,CREDIT-G057-036M,0.03726982
SP-017,CREDIT-G057-060M,0.06134145
SP-017,CREDIT-G057-084M,0.08415903
SP-017,CREDIT-G057-120M,0.11901800
SP-017,CREDIT-G057-144M,0.14111332
SP-017,CREDIT-G057-180M,0.17322783
SP-017,CREDIT-G057-240M,0.22395934
SP-017,CREDIT-G057-300M,0.27157892
SP-017,CREDIT-G057-360M,0.31627747
SP-017,CREDIT-G058-006M,0.00638985
SP-017,CREDIT-G058-012M,0.01273886
SP-017,CREDIT-G058-024M,0.02531545
SP-017,CREDIT-G058-036M,0.03773182
SP-017,CREDIT-G058-060M,0.06209208
SP-017,CREDIT-G058-084M,0.08518782
SP-017,CREDIT-G058-120M,0.12042595
SP-017,CREDIT-G058-144M,0.14276003
SP-017,CREDIT-G058-180M,0.17520859
SP-017,CREDIT-G058-240M,0.22643779
SP-017,CREDIT-G058-300M,0.27448609
SP-017,CREDIT-G058-360M,0.31955099
SP-017,CREDIT-G059-006M,0.00646933
SP-017,CREDIT-G059-012M,0.01289681
SP-017,CREDIT-G059-024M,0.02562730
SP-017,CREDIT-G059-036M,0.03819360
SP-017,CREDIT-G059-060M,0.06284211
SP-017,CREDIT-G059-084M,0.08621546
SP-017,CREDIT-G059-120M,0.12183164
SP-017,CREDIT-G059-144M,0.14440357
SP-017,CREDIT-G059-180M,0.17718460
SP-017,CREDIT-G059-240M,0.22890832
SP-017,CREDIT-G059-300M,0.27738164
SP-017,CREDIT-G059-360M,0.32280882
SP-017,CREDIT-G060-006M,0.00654881
SP-017,CREDIT-G060-012M,0.01305474
SP-017,CREDIT-G060-024M,0.02593905
SP-017,CREDIT-G060-036M,0.03865516
SP-017,CREDIT-G060-060M,0.06359153
SP-017,CREDIT-G060-084M,0.08724195
SP-017,CREDIT-G060-120M,0.12323509
SP-017,CREDIT-G060-144M,0.14604396
SP-017,CREDIT-G060-180M,0.17915587
SP-017,CREDIT-G060-240M,0.23137096
SP-017,CREDIT-G060-300M,0.28026563
SP-017,CREDIT-G060-360M,0.32605104
SP-017,CREDIT-G061-006M,0.00662828
SP-017,CREDIT-G061-012M,0.01321263
SP-017,CREDIT-G061-024M,0.02625070
SP-017,CREDIT-G061-036M,0.03911649
SP-017,CREDIT-G061-060M,0.06434036
SP-017,CREDIT-G061-084M,0.08826730
SP-017,CREDIT-G061-120M,0.12463629
SP-017,CREDIT-G061-144M,0.14768121
SP-017,CREDIT-G061-180M,0.18112240
SP-017,CREDIT-G061-240M,0.23382572
SP-017,CREDIT-G061-300M,0.28313810
SP-017,CREDIT-G061-360M,0.32927773
SP-017,CREDIT-G062-006M,0.00670775
SP-017,CREDIT-G062-012M,0.01337051
SP-017,CREDIT-G062-024M,0.02656225
SP-017,CREDIT-G062-036M,0.03957760
SP-017,CREDIT-G062-060M,0.06508859
SP-017,CREDIT-G062-084M,0.08929151
SP-017,CREDIT-G062-120M,0.12603526
SP-017,CREDIT-G062-144M,0.14931531
SP-017,CREDIT-G062-180M,0.18308422
SP-017,CREDIT-G062-240M,0.23627263
SP-017,CREDIT-G062-300M,0.28599910
SP-017,CREDIT-G062-360M,0.33248896
SP-017,CREDIT-G063-006M,0.00678721
SP-017,CREDIT-G063-012M,0.01352836
SP-017,CREDIT-G063-024M,0.02687370
SP-017,CREDIT-G063-036M,0.04003850
SP-017,CREDIT-G063-060M,0.06583622
SP-017,CREDIT-G063-084M,0.09031457
SP-017,CREDIT-G063-120M,0.12743198
SP-017,CREDIT-G063-144M,0.15094627
SP-017,CREDIT-G063-180M,0.18504133
SP-017,CREDIT-G063-240M,0.23871171
SP-017,CREDIT-G063-300M,0.28884866
SP-017,CREDIT-G063-360M,0.33568480
SP-017,CREDIT-G064-006M,0.00686666
SP-017,CREDIT-G064-012M,0.01368618
SP-017,CREDIT-G064-024M,0.02718505
SP-017,CREDIT-G064-036M,0.04049917
SP-017,CREDIT-G064-060M,0.06658325
SP-017,CREDIT-G064-084M,0.09133650
SP-017,CREDIT-G064-120M,0.12882647
SP-017,CREDIT-G064-144M,0.15257410
SP-017,CREDIT-G064-180M,0.18699375
SP-017,CREDIT-G064-240M,0.24114300
SP-017,CREDIT-G064-300M,0.29168685
SP-017,CREDIT-G064-360M,0.33886534
SP-017,CREDIT-G065-006M,0.00694611
SP-017,CREDIT-G065-012M,0.01384398
SP-017,CREDIT-G065-024M,0.02749630
SP-017,CREDIT-G065-036M,0.04095962
SP-017,CREDIT-G065-060M,0.06732969
SP-017,CREDIT-G065-084M,0.09235728
SP-017,CREDIT-G065-120M,0.13021873
SP-017,CREDIT-G065-144M,0.15419881
SP-017,CREDIT-G065-180M,0.18894148
SP-017,CREDIT-G065-240M,0.24356652
SP-017,CREDIT-G065-300M,0.29451369
SP-017,CREDIT-G065-360M,0.34203063
SP-017,CREDIT-G066-006M,0.00702555
SP-017,CREDIT-G066-012M,0.01400175
SP-017,CREDIT-G066-024M,0.02780745
SP-017,CREDIT-G066-036M,0.04141985
SP-017,CREDIT-G066-060M,0.06807552
SP-017,CREDIT-G066-084M,0.09337693
SP-017,CREDIT-G066-120M,0.13160876
SP-017,CREDIT-G066-144M,0.15582040
SP-017,CREDIT-G066-180M,0.19088454
SP-017,CREDIT-G066-240M,0.24598229
SP-017,CREDIT-G066-300M,0.29732925
SP-017,CREDIT-G066-360M,0.34518076
SP-017,CREDIT-G067-006M,0.00710499
SP-017,CREDIT-G067-012M,0.01415949
SP-017,CREDIT-G067-024M,0.02811850
SP-017,CREDIT-G067-036M,0.04187985
SP-017,CREDIT-G067-060M,0.06882077
SP-017,CREDIT-G067-084M,0.09439544
SP-017,CREDIT-G067-120M,0.13299657
SP-017,CREDIT-G067-144M,0.15743888
SP-017,CREDIT-G067-180M,0.19282294
SP-017,CREDIT-G067-240M,0.24839033
SP-017,CREDIT-G067-300M,0.30013356
SP-017,CREDIT-G067-360M,0.34831579
SP-017,CREDIT-G068-006M,0.00718442
SP-017,CREDIT-G068-012M,0.01431722
SP-017,CREDIT-G068-024M,0.02842945
SP-017,CREDIT-G068-036M,0.04233964
SP-017,CREDIT-G068-060M,0.06956541
SP-017,CREDIT-G068-084M,0.09541282
SP-017,CREDIT-G068-120M,0.13438216
SP-017,CREDIT-G068-144M,0.15905425
SP-017,CREDIT-G068-180M,0.19475669
SP-017,CREDIT-G068-240M,0.25079068
SP-017,CREDIT-G068-300M,0.30292667
SP-017,CREDIT-G068-360M,0.35143581
SP-017,CREDIT-G069-006M,0.00726384
SP-017,CREDIT-G069-012M,0.01447491
SP-017,CREDIT-G069-024M,0.02874031
SP-017,CREDIT-G069-036M,0.04279921
SP-017,CREDIT-G069-060M,0.07030946
SP-017,CREDIT-G069-084M,0.09642906
SP-017,CREDIT-G069-120M,0.13576554
SP-017,CREDIT-G069-144M,0.16066652
SP-017,CREDIT-G069-180M,0.19668579
SP-017,CREDIT-G069-240M,0.25318335
SP-017,CREDIT-G069-300M,0.30570862
SP-017,CREDIT-G069-360M,0.35454088
SP-017,CREDIT-G070-006M,0.00734325
SP-017,CREDIT-G070-012M,0.01463258
SP-017,CREDIT-G070-024M,0.02905106
SP-017,CREDIT-G070-036M,0.04325855
SP-017,CREDIT-G070-060M,0.07105292
SP-017,CREDIT-G070-084M,0.09744417
SP-017,CREDIT-G070-120M,0.13714670
SP-017,CREDIT-G070-144M,0.16227569
SP-017,CREDIT-G070-180M,0.19861027
SP-017,CREDIT-G070-240M,0.25556837
SP-017,CREDIT-G070-300M,0.30847945
SP-017,CREDIT-G070-360M,0.35763107
SP-017,CREDIT-G071-006M,0.00742266
SP-017,CREDIT-G071-012M,0.01479023
SP-017,CREDIT-G071-024M,0.02936171
SP-017,CREDIT-G071-036M,0.04371768
SP-017,CREDIT-G071-060M,0.07179578
SP-017,CREDIT-G071-084M,0.09845814
SP-017,CREDIT-G071-120M,0.13852565
SP-017,CREDIT-G071-144M,0.16388178
SP-017,CREDIT-G071-180M,0.20053013
SP-017,CREDIT-G071-240M,0.25794577
SP-017,CREDIT-G071-300M,0.31123922
SP-017,CREDIT-G071-360M,0.36070645
SP-017,CREDIT-G072-006M,0.00750207
SP-017,CREDIT-G072-012M,0.01494785
SP-017,CREDIT-G072-024M,0.02967227
SP-017,CREDIT-G072-036M,0.04417659
SP-017,CREDIT-G072-060M,0.07253804
SP-017,CREDIT-G072-084M,0.09947099
SP-017,CREDIT-G072-120M,0.13990240
SP-017,CREDIT-G072-144M,0.16548478
SP-017,CREDIT-G072-180M,0.20244539
SP-017,CREDIT-G072-240M,0.26031556
SP-017,CREDIT-G072-300M,0.31398797
SP-017,CREDIT-G072-360M,0.36376710
SP-017,CREDIT-G073-006M,0.00758146
SP-017,CREDIT-G073-012M,0.01510545
SP-017,CREDIT-G073-024M,0.02998272
SP-017,CREDIT-G073-036M,0.04463527
SP-017,CREDIT-G073-060M,0.07327972
SP-017,CREDIT-G073-084M,0.10048271
SP-017,CREDIT-G073-120M,0.14127694
SP-017,CREDIT-G073-144M,0.16708471
SP-017,CREDIT-G073-180M,0.20435605
SP-017,CREDIT-G073-240M,0.26267778
SP-017,CREDIT-G073-300M,0.31672573
SP-017,CREDIT-G073-360M,0.36681309
SP-017,CREDIT-G074-006M,0.00766085
SP-017,CREDIT-G074-012M,0.01526302
SP-017,CREDIT-G074-024M,0.03029308
SP-017,CREDIT-G074-036M,0.04509374
SP-017,CREDIT-G074-060M,0.07402080
SP-017,CREDIT-G074-084M,0.10149330
SP-017,CREDIT-G074-120M,0.14264929
SP-017,CREDIT-G074-144M,0.16868156
SP-017,CREDIT-G074-180M,0.20626212
SP-017,CREDIT-G074-240M,0.26503245
SP-017,CREDIT-G074-300M,0.31945256
SP-017,CREDIT-G074-360M,0.36984448
SP-017,CREDIT-G075-006M,0.00774024
SP-017,CREDIT-G075-012M,0.01542056
SP-017,CREDIT-G075-024M,0.03060333
SP-017,CREDIT-G075-036M,0.04555198
SP-017,CREDIT-G075-060M,0.07476128
SP-017,CREDIT-G075-084M,0.10250277
SP-017,CREDIT-G075-120M,0.14401944
SP-017,CREDIT-G075-144M,0.17027535
SP-017,CREDIT-G075-180M,0.20816363
SP-017,CREDIT-G075-240M,0.26737958
SP-017,CREDIT-G075-300M,0.32216850
SP-017,CREDIT-G075-360M,0.37286134
SP-017,CREDIT-G076-006M,0.00781961
SP-017,CREDIT-G076-012M,0.01557808
SP-017,CREDIT-G076-024M,0.03091349
SP-017,CREDIT-G076-036M,0.04601001
SP-017,CREDIT-G076-060M,0.07550118
SP-017,CREDIT-G076-084M,0.10351111
SP-017,CREDIT-G076-120M,0.14538740
SP-017,CREDIT-G076-144M,0.17186608
SP-017,CREDIT-G076-180M,0.21006057
SP-017,CREDIT-G076-240M,0.26971921
SP-017,CREDIT-G076-300M,0.32487359
SP-017,CREDIT-G076-360M,0.37586376
SP-017,CREDIT-G077-006M,0.00789899
SP-017,CREDIT-G077-012M,0.01573558
SP-017,CREDIT-G077-024M,0.03122355
SP-017,CREDIT-G077-036M,0.04646781
SP-017,CREDIT-G077-060M,0.07624048
SP-017,CREDIT-G077-084M,0.10451832
SP-017,CREDIT-G077-120M,0.14675317
SP-017,CREDIT-G077-144M,0.17345376
SP-017,CREDIT-G077-180M,0.21195295
SP-017,CREDIT-G077-240M,0.27205137
SP-017,CREDIT-G077-300M,0.32756787
SP-017,CREDIT-G077-360M,0.37885178
SP-017,CREDIT-G078-006M,0.00797835
SP-017,CREDIT-G078-012M,0.01589305
SP-017,CREDIT-G078-024M,0.03153351
SP-017,CREDIT-G078-036M,0.04692540
SP-017,CREDIT-G078-060M,0.07697919
SP-017,CREDIT-G078-084M,0.10552441
SP-017,CREDIT-G078-120M,0.14811676
SP-017,CREDIT-G078-144M,0.17503839
SP-017,CREDIT-G078-180M,0.21384080
SP-017,CREDIT-G078-240M,0.27437606
SP-017,CREDIT-G078-300M,0.33025139
SP-017,CREDIT-G078-360M,0.38182550
SP-017,CREDIT-G079-006M,0.00805771
SP-017,CREDIT-G079-012M,0.01605049
SP-017,CREDIT-G079-024M,0.03184337
SP-017,CREDIT-G079-036M,0.04738276
SP-017,CREDIT-G079-060M,0.07771731
SP-017,CREDIT-G079-084M,0.10652939
SP-017,CREDIT-G079-120M,0.14947816
SP-017,CREDIT-G079-144M,0.17661998
SP-017,CREDIT-G079-180M,0.21572412
SP-017,CREDIT-G079-240M,0.27669333
SP-017,CREDIT-G079-300M,0.33292419
SP-017,CREDIT-G079-360M,0.38478496
SP-017,CREDIT-G080-006M,0.00813706
SP-017,CREDIT-G080-012M,0.01620791
SP-017,CREDIT-G080-024M,0.03215313
SP-017,CREDIT-G080-036M,0.04783991
SP-017,CREDIT-G080-060M,0.07845485
SP-017,CREDIT-G080-084M,0.10753324
SP-017,CREDIT-G080-120M,0.15083739
SP-017,CREDIT-G080-144M,0.17819853
SP-017,CREDIT-G080-180M,0.21760292
SP-017,CREDIT-G080-240M,0.27900318
SP-017,CREDIT-G080-300M,0.33558631
SP-017,CREDIT-G080-360M,0.38773024
SP-017,CREDIT-G081-006M,0.00821641
SP-017,CREDIT-G081-012M,0.01636531
SP-017,CREDIT-G081-024M,0.03246279
SP-017,CREDIT-G081-036M,0.04829684
SP-017,CREDIT-G081-060M,0.07919179
SP-017,CREDIT-G081-084M,0.10853597
SP-017,CREDIT-G081-120M,0.15219444
SP-017,CREDIT-G081-144M,0.17977406
SP-017,CREDIT-G081-180M,0.21947721
SP-017,CREDIT-G081-240M,0.28130565
SP-017,CREDIT-G081-300M,0.33823780
SP-017,CREDIT-G081-360M,0.39066141
SP-017,CREDIT-G082-006M,0.00829575
SP-017,CREDIT-G082-012M,0.01652268
SP-017,CREDIT-G082-024M,0.03277235
SP-017,CREDIT-G082-036M,0.04875354
SP-017,CREDIT-G082-060M,0.07992814
SP-017,CREDIT-G082-084M,0.10953759
SP-017,CREDIT-G082-120M,0.15354933
SP-017,CREDIT-G082-144M,0.18134656
SP-017,CREDIT-G082-180M,0.22134701
SP-017,CREDIT-G082-240M,0.28360076
SP-017,CREDIT-G082-300M,0.34087870
SP-017,CREDIT-G082-360M,0.39357854
SP-017,CREDIT-G083-006M,0.00837508
SP-017,CREDIT-G083-012M,0.01668002
SP-017,CREDIT-G083-024M,0.03308182
SP-017,CREDIT-G083-036M,0.04921003
SP-017,CREDIT-G083-060M,0.08066390
SP-017,CREDIT-G083-084M,0.11053809
SP-017,CREDIT-G083-120M,0.15490204
SP-017,CREDIT-G083-144M,0.18291604
SP-017,CREDIT-G083-180M,0.22321231
SP-017,CREDIT-G083-240M,0.28588852
SP-017,CREDIT-G083-300M,0.34350905
SP-017,CREDIT-G083-360M,0.39648169
SP-017,CREDIT-G084-006M,0.00845441
SP-017,CREDIT-G084-012M,0.01683734
SP-017,CREDIT-G084-024M,0.03339118
SP-017,CREDIT-G084-036M,0.04966630
SP-017,CREDIT-G084-060M,0.08139908
SP-017,CREDIT-G084-084M,0.11153747
SP-017,CREDIT-G084-120M,0.15625260
SP-017,CREDIT-G084-144M,0.18448250
SP-017,CREDIT-G084-180M,0.22507315
SP-017,CREDIT-G084-240M,0.28816898
SP-017,CREDIT-G084-300M,0.34612889
SP-017,CREDIT-G084-360M,0.39937093
SP-017,CREDIT-G085-006M,0.00853373
SP-017,CREDIT-G085-012M,0.01699463
SP-017,CREDIT-G085-024M,0.03370045
SP-017,CREDIT-G085-036M,0.05012235
SP-017,CREDIT-G085-060M,0.08213366
SP-017,CREDIT-G085-084M,0.11253574
SP-017,CREDIT-G085-120M,0.15760099
SP-017,CREDIT-G085-144M,0.18604596
SP-017,CREDIT-G085-180M,0.22692952
SP-017,CREDIT-G085-240M,0.29044214
SP-017,CREDIT-G085-300M,0.34873826
SP-017,CREDIT-G085-360M,0.40224633
SP-017,CREDIT-G086-006M,0.00861304
SP-017,CREDIT-G086-012M,0.01715190
SP-017,CREDIT-G086-024M,0.03400961
SP-017,CREDIT-G086-036M,0.05057819
SP-017,CREDIT-G086-060M,0.08286766
SP-017,CREDIT-G086-084M,0.11353290
SP-017,CREDIT-G086-120M,0.15894722
SP-017,CREDIT-G086-144M,0.18760642
SP-017,CREDIT-G086-180M,0.22878143
SP-017,CREDIT-G086-240M,0.29270804
SP-017,CREDIT-G086-300M,0.35133721
SP-017,CREDIT-G086-360M,0.40510795
SP-017,CREDIT-G087-006M,0.00869235
SP-017,CREDIT-G087-012M,0.01730914
SP-017,CREDIT-G087-024M,0.03431868
SP-017,CREDIT-G087-036M,0.05103380
SP-017,CREDIT-G087-060M,0.08360108
SP-017,CREDIT-G087-084M,0.11452894
SP-017,CREDIT-G087-120M,0.16029131
SP-017,CREDIT-G087-144M,0.18916389
SP-017,CREDIT-G087-180M,0.23062890
SP-017,CREDIT-G087-240M,0.29496669
SP-017,CREDIT-G087-300M,0.35392578
SP-017,CREDIT-G087-360M,0.40795585
SP-017,CREDIT-G088-006M,0.00877165
SP-017,CREDIT-G088-012M,0.01746636
SP-017,CREDIT-G088-024M,0.03462765
SP-017,CREDIT-G088-036M,0.05148919
SP-017,CREDIT-G088-060M,0.08433390
SP-017,CREDIT-G088-084M,0.11552388
SP-017,CREDIT-G088-120M,0.16163324
SP-017,CREDIT-G088-144M,0.19071836
SP-017,CREDIT-G088-180M,0.23247194
SP-017,CREDIT-G088-240M,0.29721811
SP-017,CREDIT-G088-300M,0.35650401
SP-017,CREDIT-G088-360M,0.41079012
SP-017,CREDIT-G089-006M,0.00885095
SP-017,CREDIT-G089-012M,0.01762355
SP-017,CREDIT-G089-024M,0.03493652
SP-017,CREDIT-G089-036M,0.05194437
SP-017,CREDIT-G089-060M,0.08506614
SP-017,CREDIT-G089-084M,0.11651771
SP-017,CREDIT-G089-120M,0.16297303
SP-017,CREDIT-G089-144M,0.19226985
SP-017,CREDIT-G089-180M,0.23431055
SP-017,CREDIT-G089-240M,0.29946234
SP-017,CREDIT-G089-300M,0.35907194
SP-017,CREDIT-G089-360M,0.41361080
SP-017,CREDIT-G090-006M,0.00893023
SP-017,CREDIT-G090-012M,0.01778072
SP-017,CREDIT-G090-024M,0.03524529
SP-017,CREDIT-G090-036M,0.05239933
SP-017,CREDIT-G090-060M,0.08579780
SP-017,CREDIT-G090-084M,0.11751043
SP-017,CREDIT-G090-120M,0.16431067
SP-017,CREDIT-G090-144M,0.19381837
SP-017,CREDIT-G090-180M,0.23614476
SP-017,CREDIT-G090-240M,0.30169940
SP-017,CREDIT-G090-300M,0.36162961
SP-017,CREDIT-G090-360M,0.41641797
SP-017,CREDIT-G091-006M,0.00900952
SP-017,CREDIT-G091-012M,0.01793786
SP-017,CREDIT-G091-024M,0.03555396
SP-017,CREDIT-G091-036M,0.05285407
SP-017,CREDIT-G091-060M,0.08652886
SP-017,CREDIT-G091-084M,0.11850204
SP-017,CREDIT-G091-120M,0.16564617
SP-017,CREDIT-G091-144M,0.19536391
SP-017,CREDIT-G091-180M,0.23797456
SP-017,CREDIT-G091-240M,0.30392930
SP-017,CREDIT-G091-300M,0.36417707
SP-017,CREDIT-G091-360M,0.41921168
SP-017,CREDIT-G092-006M,0.00908879
SP-017,CREDIT-G092-012M,0.01809498
SP-017,CREDIT-G092-024M,0.03586253
SP-017,CREDIT-G092-036M,0.05330859
SP-017,CREDIT-G092-060M,0.08725935
SP-017,CREDIT-G092-084M,0.11949255
SP-017,CREDIT-G092-120M,0.16697954
SP-017,CREDIT-G092-144M,0.19690648
SP-017,CREDIT-G092-180M,0.23979997
SP-017,CREDIT-G092-240M,0.30615207
SP-017,CREDIT-G092-300M,0.36671435
SP-017,CREDIT-G092-360M,0.42199201
SP-017,CREDIT-G093-006M,0.00916806
SP-017,CREDIT-G093-012M,0.01825207
SP-017,CREDIT-G093-024M,0.03617101
SP-017,CREDIT-G093-036M,0.05376289
SP-017,CREDIT-G093-060M,0.08798925
SP-017,CREDIT-G093-084M,0.12048195
SP-017,CREDIT-G093-120M,0.16831078
SP-017,CREDIT-G093-144M,0.19844610
SP-017,CREDIT-G093-180M,0.24162101
SP-017,CREDIT-G093-240M,0.30836774
SP-017,CREDIT-G093-300M,0.36924149
SP-017,CREDIT-G093-360M,0.42475902
SP-017,CREDIT-G094-006M,0.00924733
SP-017,CREDIT-G094-012M,0.01840914
SP-017,CREDIT-G094-024M,0.03647939
SP-017,CREDIT-G094-036M,0.05421697
SP-017,CREDIT-G094-060M,0.08871857
SP-017,CREDIT-G094-084M,0.12147026
SP-017,CREDIT-G094-120M,0.16963988
SP-017,CREDIT-G094-144M,0.19998275
SP-017,CREDIT-G094-180M,0.24343767
SP-017,CREDIT-G094-240M,0.31057632
SP-017,CREDIT-G094-300M,0.37175854
SP-017,CREDIT-G094-360M,0.42751277
SP-017,CREDIT-G095-006M,0.00932658
SP-017,CREDIT-G095-012M,0.01856618
SP-017,CREDIT-G095-024M,0.03678766
SP-017,CREDIT-G095-036M,0.05467084
SP-017,CREDIT-G095-060M,0.08944730
SP-017,CREDIT-G095-084M,0.12245746
SP-017,CREDIT-G095-120M,0.17096686
SP-017,CREDIT-G095-144M,0.20151646
SP-017,CREDIT-G095-180M,0.24524997
SP-017,CREDIT-G095-240M,0.31277783
SP-017,CREDIT-G095-300M,0.37426553
SP-017,CREDIT-G095-360M,0.43025333
SP-017,CREDIT-G096-006M,0.00940583
SP-017,CREDIT-G096-012M,0.01872320
SP-017,CREDIT-G096-024M,0.03709584
SP-017,CREDIT-G096-036M,0.05512449
SP-017,CREDIT-G096-060M,0.09017545
SP-017,CREDIT-G096-084M,0.12344356
SP-017,CREDIT-G096-120M,0.17229172
SP-017,CREDIT-G096-144M,0.20304723
SP-017,CREDIT-G096-180M,0.24705793
SP-017,CREDIT-G096-240M,0.31497231
SP-017,CREDIT-G096-300M,0.37676251
SP-017,CREDIT-G096-360M,0.43298075
SP-017,CREDIT-G097-006M,0.00948508
SP-017,CREDIT-G097-012M,0.01888019
SP-017,CREDIT-G097-024M,0.03740392
SP-017,CREDIT-G097-036M,0.05557792
SP-017,CREDIT-G097-060M,0.09090302
SP-017,CREDIT-G097-084M,0.12442856
SP-017,CREDIT-G097-120M,0.17361446
SP-017,CREDIT-G097-144M,0.20457505
SP-017,CREDIT-G097-180M,0.24886155
SP-017,CREDIT-G097-240M,0.31715978
SP-017,CREDIT-G097-300M,0.37924951
SP-017,CREDIT-G097-360M,0.43569511
SP-017,CREDIT-G098-006M,0.00956432
SP-017,CREDIT-G098-012M,0.01903716
SP-017,CREDIT-G098-024M,0.03771190
SP-017,CREDIT-G098-036M,0.05603114
SP-017,CREDIT-G098-060M,0.09163001
SP-017,CREDIT-G098-084M,0.12541246
SP-017,CREDIT-G098-120M,0.17493508
SP-017,CREDIT-G098-144M,0.20609994
SP-017,CREDIT-G098-180M,0.25066084
SP-017,CREDIT-G098-240M,0.31934024
SP-017,CREDIT-G098-300M,0.38172658
SP-017,CREDIT-G098-360M,0.43839646
SP-017,CREDIT-G099-006M,0.00964355
SP-017,CREDIT-G099-012M,0.01919410
SP-017,CREDIT-G099-024M,0.03801979
SP-017,CREDIT-G099-036M,0.05648413
SP-017,CREDIT-G099-060M,0.09235641
SP-017,CREDIT-G099-084M,0.12639527
SP-017,CREDIT-G099-120M,0.17625359
SP-017,CREDIT-G099-144M,0.20762191
SP-017,CREDIT-G099-180M,0.25245581
SP-017,CREDIT-G099-240M,0.32151374
SP-017,CREDIT-G099-300M,0.38419375
SP-017,CREDIT-G099-360M,0.44108487
SP-017,CREDIT-G100-006M,0.00972277
SP-017,CREDIT-G100-012M,0.01935102
SP-017,CREDIT-G100-024M,0.03832757
SP-017,CREDIT-G100-036M,0.05693691
SP-017,CREDIT-G100-060M,0.09308224
SP-017,CREDIT-G100-084M,0.12737698
SP-017,CREDIT-G100-120M,0.17756999
SP-017,CREDIT-G100-144M,0.20914096
SP-017,CREDIT-G100-180M,0.25424648
SP-017,CREDIT-G100-240M,0.32368029
SP-017,CREDIT-G100-300M,0.38665106
SP-017,CREDIT-G100-360M,0.44376039
SP-017,FX-USDEUR-1D,0.93023541
SP-017,FX-USDEUR-1M,0.93060587
SP-017,FX-USDEUR-3M,0.93185835
SP-017,FX-USDGBP-1D,0.79277667
SP-017,FX-USDGBP-1M,0.79295864
SP-017,FX-USDGBP-3M,0.79300412
SP-017,FX-USDJPY-1D,149.59321511
SP-017,FX-USDJPY-1M,149.78152280
SP-017,FX-USDJPY-3M,150.42254212
SP-017,FX-USDCHF-1D,0.89630273
SP-017,FX-USDCHF-1M,0.89749231
SP-017,FX-USDCHF-3M,0.90108459
SP-017,FX-USDCAD-1D,1.35941311
SP-017,FX-USDCAD-1M,1.36022671
SP-017,FX-USDCAD-3M,1.36162667
SP-017,FX-USDAUD-1D,1.52732651
SP-017,FX-USDAUD-1M,1.52840661
SP-017,FX-USDAUD-3M,1.52968495
SP-017,FX-USDNZD-1D,1.65458597
SP-017,FX-USDNZD-1M,1.65526875
SP-017,FX-USDNZD-3M,1.65495438
SP-017,FX-USDSEK-1D,10.58001916
SP-017,FX-USDSEK-1M,10.58782605
SP-017,FX-USDSEK-3M,10.60841439
SP-017,FX-USDNOK-1D,10.71149313
SP-017,FX-USDNOK-1M,10.71808695
SP-017,FX-USDNOK-3M,10.72837788
SP-017,FX-USDDKK-1D,6.93060274
SP-017,FX-USDDKK-1M,6.93459891
SP-017,FX-USDDKK-3M,6.94576780
SP-017,FX-USDPLN-1D,4.03795617
SP-017,FX-USDPLN-1M,4.03857691
SP-017,FX-USDPLN-3M,4.03606997
SP-017,FX-USDCZK-1D,23.45345565
SP-017,FX-USDCZK-1M,23.45964030
SP-017,FX-USDCZK-3M,23.45774887
SP-017,FX-USDHUF-1D,361.35159576
SP-017,FX-USDHUF-1M,361.24033002
SP-017,FX-USDHUF-3M,360.44590890
SP-017,FX-USDSGD-1D,1.35834460
SP-017,FX-USDSGD-1M,1.35917424
SP-017,FX-USDSGD-3M,1.36117549
SP-017,FX-USDHKD-1D,7.82957629
SP-017,FX-USDHKD-1M,7.83191891
SP-017,FX-USDHKD-3M,7.83594821
SP-017,FX-USDKRW-1D,1359.18749126
SP-017,FX-USDKRW-1M,1359.37684452
SP-017,FX-USDKRW-3M,1360.61983042
SP-017,FX-USDCNY-1D,7.20700826
SP-017,FX-USDCNY-1M,7.21241478
SP-017,FX-USDCNY-3M,7.22963896
SP-017,FX-USDINR-1D,84.24191203
SP-017,FX-USDINR-1M,84.20630919
SP-017,FX-USDINR-3M,84.01871736
SP-017,FX-USDBRL-1D,5.06863583
SP-017,FX-USDBRL-1M,5.05323368
SP-017,FX-USDBRL-3M,5.01106517
SP-017,FX-EURGBP-1D,0.85223231
SP-017,FX-EURGBP-1M,0.85208858
SP-017,FX-EURGBP-3M,0.85099213
SP-017,FX-EURJPY-1D,160.81221361
SP-017,FX-EURJPY-1M,160.95054625
SP-017,FX-EURJPY-3M,161.42211197
SP-017,FX-EURCHF-1D,0.96352248
SP-017,FX-EURCHF-1M,0.96441720
SP-017,FX-EURCHF-3M,0.96697593
SP-017,FX-EURCAD-1D,1.46136462
SP-017,FX-EURCAD-1M,1.46165714
SP-017,FX-EURCAD-3M,1.46119491
SP-017,FX-EURAUD-1D,1.64187097
SP-017,FX-EURAUD-1M,1.64237800
SP-017,FX-EURAUD-3M,1.64154236
SP-017,FX-EURNZD-1D,1.77867446
SP-017,FX-EURNZD-1M,1.77870010
SP-017,FX-EURNZD-3M,1.77597206
SP-017,FX-EURSEK-1D,11.37348576
SP-017,FX-EURSEK-1M,11.37734719
SP-017,FX-EURSEK-3M,11.38414915
SP-017,FX-EURNOK-1D,11.51481984
SP-017,FX-EURNOK-1M,11.51732147
SP-017,FX-EURNOK-3M,11.51288491
SP-017,FX-EURDKK-1D,7.45037512
SP-017,FX-EURDKK-1M,7.45170340
SP-017,FX-EURDKK-3M,7.45367344
SP-017,FX-EURPLN-1D,4.34078959
SP-017,FX-EURPLN-1M,4.33972861
SP-017,FX-EURPLN-3M,4.33120548
SP-017,FX-EURCZK-1D,25.21238758
SP-017,FX-EURCZK-1M,25.20899675
SP-017,FX-EURCZK-3M,25.17308451
SP-017,FX-EURHUF-1D,388.45177545
SP-017,FX-EURHUF-1M,388.17757596
SP-017,FX-EURHUF-3M,386.80332779
SP-017,FX-EURSGD-1D,1.46021597
SP-017,FX-EURSGD-1M,1.46052619
SP-017,FX-EURSGD-3M,1.46071074
SP-017,FX-EURHKD-1D,8.41676872
SP-017,FX-EURHKD-1M,8.41593545
SP-017,FX-EURHKD-3M,8.40894784
SP-017,FX-EURKRW-1D,1461.12207705
SP-017,FX-EURKRW-1M,1460.74389948
SP-017,FX-EURKRW-3M,1460.11444513
SP-017,FX-EURCNY-1D,7.74751015
SP-017,FX-EURCNY-1M,7.75023566
SP-017,FX-EURCNY-3M,7.75830253
SP-017,FX-EURINR-1D,90.55977801
SP-017,FX-EURINR-1M,90.48546983
SP-017,FX-EURINR-3M,90.16254221
SP-017,FX-EURBRL-1D,5.44876682
SP-017,FX-EURBRL-1M,5.43004709
SP-017,FX-EURBRL-3M,5.37749669
SP-017,FX-GBPJPY-1D,188.69527927
SP-017,FX-GBPJPY-1M,188.88945247
SP-017,FX-GBPJPY-3M,189.68696125
SP-017,FX-GBPCHF-1D,1.13058666
SP-017,FX-GBPCHF-1M,1.13182739
SP-017,FX-GBPCHF-3M,1.13629244
SP-017,FX-GBPCAD-1D,1.71474914
SP-017,FX-GBPCAD-1M,1.71538167
SP-017,FX-GBPCAD-3M,1.71704867
SP-017,FX-GBPAUD-1D,1.92655330
SP-017,FX-GBPAUD-1M,1.92747331
SP-017,FX-GBPAUD-3M,1.92897477
SP-017,FX-GBPNZD-1D,2.08707701
SP-017,FX-GBPNZD-1M,2.08745913
SP-017,FX-GBPNZD-3M,2.08694298
SP-017,FX-GBPSEK-1D,13.34552285
SP-017,FX-GBPSEK-1M,13.35230560
SP-017,FX-GBPSEK-3M,13.37750221
SP-017,FX-GBPNOK-1D,13.51136271
SP-017,FX-GBPNOK-1M,13.51657759
SP-017,FX-GBPNOK-3M,13.52877947
SP-017,FX-GBPDKK-1D,8.74218807
SP-017,FX-GBPDKK-1M,8.74522148
SP-017,FX-GBPDKK-3M,8.75880415
SP-017,FX-GBPPLN-1D,5.09343466
SP-017,FX-GBPPLN-1M,5.09304865
SP-017,FX-GBPPLN-3M,5.08959520
SP-017,FX-GBPCZK-1D,29.58393775
SP-017,FX-GBPCZK-1M,29.58494832
SP-017,FX-GBPCZK-3M,29.58086626
SP-017,FX-GBPHUF-1D,455.80503249
SP-017,FX-GBPHUF-1M,455.56011767
SP-017,FX-GBPHUF-3M,454.53220104
SP-017,FX-GBPSGD-1D,1.71340133
SP-017,FX-GBPSGD-1M,1.71405440
SP-017,FX-GBPSGD-3M,1.71647972
SP-017,FX-GBPHKD-1D,9.87614367
SP-017,FX-GBPHKD-1M,9.87683158
SP-017,FX-GBPHKD-3M,9.88134613
SP-017,FX-GBPKRW-1D,1714.46454334
SP-017,FX-GBPKRW-1M,1714.30990335
SP-017,FX-GBPKRW-3M,1715.77901435
SP-017,FX-GBPCNY-1D,9.09084303
SP-017,FX-GBPCNY-1M,9.09557503
SP-017,FX-GBPCNY-3M,9.11677349
SP-017,FX-GBPINR-1D,106.26184552
SP-017,FX-GBPINR-1M,106.19256195
SP-017,FX-GBPINR-3M,105.94991256
SP-017,FX-GBPBRL-1D,6.39352294
SP-017,FX-GBPBRL-1M,6.37263212
SP-017,FX-GBPBRL-3M,6.31909095
SP-017,FX-JPYCHF-1D,0.00599160
SP-017,FX-JPYCHF-1M,0.00599201
SP-017,FX-JPYCHF-3M,0.00599036
SP-017,FX-JPYCAD-1D,0.00908740
SP-017,FX-JPYCAD-1M,0.00908141
SP-017,FX-JPYCAD-3M,0.00905201
SP-017,FX-JPYAUD-1D,0.01020986
SP-017,FX-JPYAUD-1M,0.01020424
SP-017,FX-JPYAUD-3M,0.01016925
SP-017,FX-JPYNZD-1D,0.01106057
SP-017,FX-JPYNZD-1M,0.01105122
SP-017,FX-JPYNZD-3M,0.01100204
SP-017,FX-JPYSEK-1D,0.07072526
SP-017,FX-JPYSEK-1M,0.07068847
SP-017,FX-JPYSEK-3M,0.07052410
SP-017,FX-JPYNOK-1D,0.07160414
SP-017,FX-JPYNOK-1M,0.07155814
SP-017,FX-JPYNOK-3M,0.07132161
SP-017,FX-JPYDKK-1D,0.04632966
SP-017,FX-JPYDKK-1M,0.04629809
SP-017,FX-JPYDKK-3M,0.04617505
SP-017,FX-JPYPLN-1D,0.02699291
SP-017,FX-JPYPLN-1M,0.02696312
SP-017,FX-JPYPLN-3M,0.02683155
SP-017,FX-JPYCZK-1D,0.15678155
SP-017,FX-JPYCZK-1M,0.15662573
SP-017,FX-JPYCZK-3M,0.15594570
SP-017,FX-JPYHUF-1D,2.41556140
SP-017,FX-JPYHUF-1M,2.41178166
SP-017,FX-JPYHUF-3M,2.39622269
SP-017,FX-JPYSGD-1D,0.00908026
SP-017,FX-JPYSGD-1M,0.00907438
SP-017,FX-JPYSGD-3M,0.00904901
SP-017,FX-JPYHKD-1D,0.05233911
SP-017,FX-JPYHKD-1M,0.05228895
SP-017,FX-JPYHKD-3M,0.05209291
SP-017,FX-JPYKRW-1D,9.08588996
SP-017,FX-JPYKRW-1M,9.07573123
SP-017,FX-JPYKRW-3M,9.04531868
SP-017,FX-JPYCNY-1D,0.04817737
SP-017,FX-JPYCNY-1M,0.04815290
SP-017,FX-JPYCNY-3M,0.04806220
SP-017,FX-JPYINR-1D,0.56313993
SP-017,FX-JPYINR-1M,0.56219424
SP-017,FX-JPYINR-3M,0.55855137
SP-017,FX-JPYBRL-1D,0.03388279
SP-017,FX-JPYBRL-1M,0.03373736
SP-017,FX-JPYBRL-3M,0.03331326
SP-017,FX-CHFCAD-1D,1.51668969
SP-017,FX-CHFCAD-1M,1.51558593
SP-017,FX-CHFCAD-3M,1.51109750
SP-017,FX-CHFAUD-1D,1.70402975
SP-017,FX-CHFAUD-1M,1.70297461
SP-017,FX-CHFAUD-3M,1.69760416
SP-017,FX-CHFNZD-1D,1.84601242
SP-017,FX-CHFNZD-1M,1.84432639
SP-017,FX-CHFNZD-3M,1.83662489
SP-017,FX-CHFSEK-1D,11.80406889
SP-017,FX-CHFSEK-1M,11.79712180
SP-017,FX-CHFSEK-3M,11.77293954
SP-017,FX-CHFNOK-1D,11.95075367
SP-017,FX-CHFNOK-1M,11.94226053
SP-017,FX-CHFNOK-3M,11.90607187
SP-017,FX-CHFDKK-1D,7.73243517
SP-017,FX-CHFDKK-1M,7.72663884
SP-017,FX-CHFDKK-3M,7.70823059
SP-017,FX-CHFPLN-1D,4.50512538
SP-017,FX-CHFPLN-1M,4.49984572
SP-017,FX-CHFPLN-3M,4.47912440
SP-017,FX-CHFCZK-1D,26.16689081
SP-017,FX-CHFCZK-1M,26.13909906
SP-017,FX-CHFCZK-3M,26.03279330
SP-017,FX-CHFHUF-1D,403.15797781
SP-017,FX-CHFHUF-1M,402.49963988
SP-017,FX-CHFHUF-3M,400.01339838
SP-017,FX-CHFSGD-1D,1.51549756
SP-017,FX-CHFSGD-1M,1.51441325
SP-017,FX-CHFSGD-3M,1.51059680
SP-017,FX-CHFHKD-1D,8.73541498
SP-017,FX-CHFHKD-1M,8.72644685
SP-017,FX-CHFHKD-3M,8.69612942
SP-017,FX-CHFKRW-1D,1516.43797031
SP-017,FX-CHFKRW-1M,1514.63899488
SP-017,FX-CHFKRW-3M,1509.98013527
SP-017,FX-CHFCNY-1D,8.04081928
SP-017,FX-CHFCNY-1M,8.03618564
SP-017,FX-CHFCNY-3M,8.02326334
SP-017,FX-CHFINR-1D,93.98823555
SP-017,FX-CHFINR-1M,93.82399004
SP-017,FX-CHFINR-3M,93.24176480
SP-017,FX-CHFBRL-1D,5.65504897
SP-017,FX-CHFBRL-1M,5.63039220
SP-017,FX-CHFBRL-3M,5.56114845
SP-017,FX-CADAUD-1D,1.12351904
SP-017,FX-CADAUD-1M,1.12364108
SP-017,FX-CADAUD-3M,1.12342464
SP-017,FX-CADNZD-1D,1.21713256
SP-017,FX-CADNZD-1M,1.21690652
SP-017,FX-CADNZD-3M,1.21542448
SP-017,FX-CADSEK-1D,7.78278440
SP-017,FX-CADSEK-1M,7.78386865
SP-017,FX-CADSEK-3M,7.79098605
SP-017,FX-CADNOK-1D,7.87949817
SP-017,FX-CADNOK-1M,7.87963275
SP-017,FX-CADNOK-3M,7.87908913
SP-017,FX-CADDKK-1D,5.09823149
SP-017,FX-CADDKK-1M,5.09811993
SP-017,FX-CADDKK-3M,5.10108090
SP-017,FX-CADPLN-1D,2.97036724
SP-017,FX-CADPLN-1M,2.96904691
SP-017,FX-CADPLN-3M,2.96415314
SP-017,FX-CADCZK-1D,17.25263309
SP-017,FX-CADCZK-1M,17.24686047
SP-017,FX-CADCZK-3M,17.22773900
SP-017,FX-CADHUF-1D,265.81441104
SP-017,FX-CADHUF-1M,265.57361866
SP-017,FX-CADHUF-3M,264.71713363
SP-017,FX-CADSGD-1D,0.99921399
SP-017,FX-CADSGD-1M,0.99922625
SP-017,FX-CADSGD-3M,0.99966865
SP-017,FX-CADHKD-1D,5.75952683
SP-017,FX-CADHKD-1M,5.75780408
SP-017,FX-CADHKD-3M,5.75484337
SP-017,FX-CADKRW-1D,999.83403068
SP-017,FX-CADKRW-1M,999.37520180
SP-017,FX-CADKRW-3M,999.26056192
SP-017,FX-CADCNY-1D,5.30155859
SP-017,FX-CADCNY-1M,5.30236226
SP-017,FX-CADCNY-3M,5.30956034
SP-017,FX-CADINR-1D,61.96932432
SP-017,FX-CADINR-1M,61.90608409
SP-017,FX-CADINR-3M,61.70466492
SP-017,FX-CADBRL-1D,3.72854711
SP-017,FX-CADBRL-1M,3.71499371
SP-017,FX-CADBRL-3M,3.68020492
SP-017,FX-AUDNZD-1D,1.08332171
SP-017,FX-AUDNZD-1M,1.08300288
SP-017,FX-AUDNZD-3M,1.08189231
SP-017,FX-AUDSEK-1D,6.92714955
SP-017,FX-AUDSEK-1M,6.92736214
SP-017,FX-AUDSEK-3M,6.93503222
SP-017,FX-AUDNOK-1D,7.01323066
SP-017,FX-AUDNOK-1M,7.01258874
SP-017,FX-AUDNOK-3M,7.01345588
SP-017,FX-AUDDKK-1D,4.53773485
SP-017,FX-AUDDKK-1M,4.53714272
SP-017,FX-AUDDKK-3M,4.54065251
SP-017,FX-AUDPLN-1D,2.64380677
SP-017,FX-AUDPLN-1M,2.64234458
SP-017,FX-AUDPLN-3M,2.63849754
SP-017,FX-AUDCZK-1D,15.35588851
SP-017,FX-AUDCZK-1M,15.34908329
SP-017,FX-AUDCZK-3M,15.33501975
SP-017,FX-AUDHUF-1D,236.59092721
SP-017,FX-AUDHUF-1M,236.35093481
SP-017,FX-AUDHUF-3M,235.63408244
SP-017,FX-AUDSGD-1D,0.88936098
SP-017,FX-AUDSGD-1M,0.88927530
SP-017,FX-AUDSGD-3M,0.88984042
SP-017,FX-AUDHKD-1D,5.12632775
SP-017,FX-AUDHKD-1M,5.12423780
SP-017,FX-AUDHKD-3M,5.12258961
SP-017,FX-AUDKRW-1D,889.91285104
SP-017,FX-AUDKRW-1M,889.40785746
SP-017,FX-AUDKRW-3M,889.47716531
SP-017,FX-AUDCNY-1D,4.71870828
SP-017,FX-AUDCNY-1M,4.71891102
SP-017,FX-AUDCNY-3M,4.72622743
SP-017,FX-AUDINR-1D,55.15645236
SP-017,FX-AUDINR-1M,55.09418036
SP-017,FX-AUDINR-3M,54.92550445
SP-017,FX-AUDBRL-1D,3.31863278
SP-017,FX-AUDBRL-1M,3.30621031
SP-017,FX-AUDBRL-3M,3.27588055
SP-017,FX-NZDSEK-1D,6.39436051
SP-017,FX-NZDSEK-1M,6.39643929
SP-017,FX-NZDSEK-3M,6.41009474
SP-017,FX-NZDNOK-1D,6.47382086
SP-017,FX-NZDNOK-1M,6.47513400
SP-017,FX-NZDNOK-3M,6.48258223
SP-017,FX-NZDDKK-1D,4.18872327
SP-017,FX-NZDDKK-1M,4.18940967
SP-017,FX-NZDDKK-3M,4.19695423
SP-017,FX-NZDPLN-1D,2.44046321
SP-017,FX-NZDPLN-1M,2.43983155
SP-017,FX-NZDPLN-3M,2.43878019
SP-017,FX-NZDCZK-1D,14.17481843
SP-017,FX-NZDCZK-1M,14.17270780
SP-017,FX-NZDCZK-3M,14.17425707
SP-017,FX-NZDHUF-1D,218.39396880
SP-017,FX-NZDHUF-1M,218.23666419
SP-017,FX-NZDHUF-3M,217.79809306
SP-017,FX-NZDSGD-1D,0.82095740
SP-017,FX-NZDSGD-1M,0.82111998
SP-017,FX-NZDSGD-3M,0.82248520
SP-017,FX-NZDHKD-1D,4.73204563
SP-017,FX-NZDHKD-1M,4.73150896
SP-017,FX-NZDHKD-3M,4.73484242
SP-017,FX-NZDKRW-1D,821.46683186
SP-017,FX-NZDKRW-1M,821.24237874
SP-017,FX-NZDKRW-3M,822.14944636
SP-017,FX-NZDCNY-1D,4.35577747
SP-017,FX-NZDCNY-1M,4.35724700
SP-017,FX-NZDCNY-3M,4.36848231
SP-017,FX-NZDINR-1D,50.91419471
SP-017,FX-NZDINR-1M,50.87168429
SP-017,FX-NZDINR-3M,50.76799589
SP-017,FX-NZDBRL-1D,3.06338621
SP-017,FX-NZDBRL-1M,3.05281767
SP-017,FX-NZDBRL-3M,3.02791739
SP-017,FX-SEKNOK-1D,1.01242663
SP-017,FX-SEKNOK-1M,1.01230289
SP-017,FX-SEKNOK-3M,1.01130833
SP-017,FX-SEKDKK-1D,0.65506524
SP-017,FX-SEKDKK-1M,0.65495966
SP-017,FX-SEKDKK-3M,0.65474137
SP-017,FX-SEKPLN-1D,0.38165868
SP-017,FX-SEKPLN-1M,0.38143590
SP-017,FX-SEKPLN-3M,0.38045931
SP-017,FX-SEKCZK-1D,2.21676873
SP-017,FX-SEKCZK-1M,2.21571833
SP-017,FX-SEKCZK-3M,2.21123987
SP-017,FX-SEKHUF-1D,34.15415324
SP-017,FX-SEKHUF-1M,34.11846097
SP-017,FX-SEKHUF-3M,33.97735945
SP-017,FX-SEKSGD-1D,0.12838773
SP-017,FX-SEKSGD-1M,0.12837142
SP-017,FX-SEKSGD-3M,0.12831093
SP-017,FX-SEKHKD-1D,0.74003423
SP-017,FX-SEKHKD-1M,0.73970982
SP-017,FX-SEKHKD-3M,0.73865405
SP-017,FX-SEKKRW-1D,128.46739410
SP-017,FX-SEKKRW-1M,128.39055322
SP-017,FX-SEKKRW-3M,128.25854840
SP-017,FX-SEKCNY-1D,0.68119047
SP-017,FX-SEKCNY-1M,0.68119884
SP-017,FX-SEKCNY-3M,0.68150043
SP-017,FX-SEKINR-1D,7.96235912
SP-017,FX-SEKINR-1M,7.95312548
SP-017,FX-SEKINR-3M,7.92000711
SP-017,FX-SEKBRL-1D,0.47907624
SP-017,FX-SEKBRL-1M,0.47726829
SP-017,FX-SEKBRL-3M,0.47236703
SP-017,FX-NOKDKK-1D,0.64702490
SP-017,FX-NOKDKK-1M,0.64699969
SP-017,FX-NOKDKK-3M,0.64742013
SP-017,FX-NOKPLN-1D,0.37697416
SP-017,FX-NOKPLN-1M,0.37680016
SP-017,FX-NOKPLN-3M,0.37620505
SP-017,FX-NOKCZK-1D,2.18955988
SP-017,FX-NOKCZK-1M,2.18878989
SP-017,FX-NOKCZK-3M,2.18651404
SP-017,FX-NOKHUF-1D,33.73494164
SP-017,FX-NOKHUF-1M,33.70380664
SP-017,FX-NOKHUF-3M,33.59742851
SP-017,FX-NOKSGD-1D,0.12681188
SP-017,FX-NOKSGD-1M,0.12681127
SP-017,FX-NOKSGD-3M,0.12687617
SP-017,FX-NOKHKD-1D,0.73095097
SP-017,FX-NOKHKD-1M,0.73071985
SP-017,FX-NOKHKD-3M,0.73039450
SP-017,FX-NOKKRW-1D,126.89057206
SP-017,FX-NOKKRW-1M,126.83017512
SP-017,FX-NOKKRW-3M,126.82437600
SP-017,FX-NOKCNY-1D,0.67282947
SP-017,FX-NOKCNY-1M,0.67291997
SP-017,FX-NOKCNY-3M,0.67387997
SP-017,FX-NOKINR-1D,7.86462830
SP-017,FX-NOKINR-1M,7.85646819
SP-017,FX-NOKINR-3M,7.83144649
SP-017,FX-NOKBRL-1D,0.47319601
SP-017,FX-NOKBRL-1M,0.47146788
SP-017,FX-NOKBRL-3M,0.46708507
SP-017,FX-DKKPLN-1D,0.58262698
SP-017,FX-DKKPLN-1M,0.58238075
SP-017,FX-DKKPLN-3M,0.58108334
SP-017,FX-DKKCZK-1D,3.38404270
SP-017,FX-DKKCZK-1M,3.38298445
SP-017,FX-DKKCZK-3M,3.37727226
SP-017,FX-DKKHUF-1D,52.13855262
SP-017,FX-DKKHUF-1M,52.09246199
SP-017,FX-DKKHUF-3M,51.89432177
SP-017,FX-DKKSGD-1D,0.19599227
SP-017,FX-DKKSGD-1M,0.19599897
SP-017,FX-DKKSGD-3M,0.19597193
SP-017,FX-DKKHKD-1D,1.12971073
SP-017,FX-DKKHKD-1M,1.12939753
SP-017,FX-DKKHKD-3M,1.12816156
SP-017,FX-DKKKRW-1D,196.11389395
SP-017,FX-DKKKRW-1M,196.02818600
SP-017,FX-DKKKRW-3M,195.89192592
SP-017,FX-DKKCNY-1D,1.03988189
SP-017,FX-DKKCNY-1M,1.04006228
SP-017,FX-DKKCNY-3M,1.04086966
SP-017,FX-DKKINR-1D,12.15506286
SP-017,FX-DKKINR-1M,12.14292424
SP-017,FX-DKKINR-3M,12.09639018
SP-017,FX-DKKBRL-1D,0.73134127
SP-017,FX-DKKBRL-1M,0.72869877
SP-017,FX-DKKBRL-3M,0.72145590
SP-017,FX-PLNCZK-1D,5.80824919
SP-017,FX-PLNCZK-1M,5.80888783
SP-017,FX-PLNCZK-3M,5.81202730
SP-017,FX-PLNHUF-1D,89.48873650
SP-017,FX-PLNHUF-1M,89.44743103
SP-017,FX-PLNHUF-3M,89.30615959
SP-017,FX-PLNSGD-1D,0.33639409
SP-017,FX-PLNSGD-1M,0.33654782
SP-017,FX-PLNSGD-3M,0.33725270
SP-017,FX-PLNHKD-1D,1.93899487
SP-017,FX-PLNHKD-1M,1.93927690
SP-017,FX-PLNHKD-3M,1.94147977
SP-017,FX-PLNKRW-1D,336.60283417
SP-017,FX-PLNKRW-1M,336.59798323
SP-017,FX-PLNKRW-3M,337.11502536
SP-017,FX-PLNCNY-1D,1.78481587
SP-017,FX-PLNCNY-1M,1.78588026
SP-017,FX-PLNCNY-3M,1.79125709
SP-017,FX-PLNINR-1D,20.86251273
SP-017,FX-PLNINR-1M,20.85049040
SP-017,FX-PLNINR-3M,20.81696254
SP-017,FX-PLNBRL-1D,1.25524786
SP-017,FX-PLNBRL-1M,1.25124117
SP-017,FX-PLNBRL-3M,1.24157044
SP-017,FX-CZKHUF-1D,15.40717927
SP-017,FX-CZKHUF-1M,15.39837463
SP-017,FX-CZKHUF-3M,15.36575018
SP-017,FX-CZKSGD-1D,0.05791661
SP-017,FX-CZKSGD-1M,0.05793670
SP-017,FX-CZKSGD-3M,0.05802669
SP-017,FX-CZKHKD-1D,0.33383466
SP-017,FX-CZKHKD-1M,0.33384650
SP-017,FX-CZKHKD-3M,0.33404519
SP-017,FX-CZKKRW-1D,57.95254702
SP-017,FX-CZKKRW-1M,57.94534048
SP-017,FX-CZKKRW-3M,58.00300097
SP-017,FX-CZKCNY-1D,0.30728982
SP-017,FX-CZKCNY-1M,0.30743927
SP-017,FX-CZKCNY-3M,0.30819833
SP-017,FX-CZKINR-1D,3.59187632
SP-017,FX-CZKINR-1M,3.58941178
SP-017,FX-CZKINR-3M,3.58170419
SP-017,FX-CZKBRL-1D,0.21611467
SP-017,FX-CZKBRL-1M,0.21540116
SP-017,FX-CZKBRL-3M,0.21362089
SP-017,FX-HUFSGD-1D,0.00375907
SP-017,FX-HUFSGD-1M,0.00376252
SP-017,FX-HUFSGD-3M,0.00377637
SP-017,FX-HUFHKD-1D,0.02166747
SP-017,FX-HUFHKD-1M,0.02168063
SP-017,FX-HUFHKD-3M,0.02173960
SP-017,FX-HUFKRW-1D,3.76139889
SP-017,FX-HUFKRW-1M,3.76308162
SP-017,FX-HUFKRW-3M,3.77482390
SP-017,FX-HUFCNY-1D,0.01994459
SP-017,FX-HUFCNY-1M,0.01996570
SP-017,FX-HUFCNY-3M,0.02005749
SP-017,FX-HUFINR-1D,0.23313004
SP-017,FX-HUFINR-1M,0.23310329
SP-017,FX-HUFINR-3M,0.23309660
SP-017,FX-HUFBRL-1D,0.01402688
SP-017,FX-HUFBRL-1M,0.01398856
SP-017,FX-HUFBRL-3M,0.01390241
SP-017,FX-SGDHKD-1D,5.76405745
SP-017,FX-SGDHKD-1M,5.76226261
SP-017,FX-SGDHKD-3M,5.75675087
SP-017,FX-SGDKRW-1D,1000.62053072
SP-017,FX-SGDKRW-1M,1000.14906338
SP-017,FX-SGDKRW-3M,999.59177655
SP-017,FX-SGDCNY-1D,5.30572896
SP-017,FX-SGDCNY-1M,5.30646812
SP-017,FX-SGDCNY-3M,5.31132024
SP-017,FX-SGDINR-1D,62.01807128
SP-017,FX-SGDINR-1M,61.95402078
SP-017,FX-SGDINR-3M,61.72511754
SP-017,FX-SGDBRL-1D,3.73148010
SP-017,FX-SGDBRL-1M,3.71787040
SP-017,FX-SGDBRL-3M,3.68142476
SP-017,FX-HKDKRW-1D,173.59655767
SP-017,FX-HKDKRW-1M,173.56880991
SP-017,FX-HKDKRW-3M,173.63818562
SP-017,FX-HKDCNY-1D,0.92048509
SP-017,FX-HKDCNY-1M,0.92090008
SP-017,FX-HKDCNY-3M,0.92262465
SP-017,FX-HKDINR-1D,10.75944712
SP-017,FX-HKDINR-1M,10.75168297
SP-017,FX-HKDINR-3M,10.72221448
SP-017,FX-HKDBRL-1D,0.64737039
SP-017,FX-HKDBRL-1M,0.64521016
SP-017,FX-HKDBRL-3M,0.63949697
SP-017,FX-KRWCNY-1D,0.00530244
SP-017,FX-KRWCNY-1M,0.00530568
SP-017,FX-KRWCNY-3M,0.00531349
SP-017,FX-KRWINR-1D,0.06197961
SP-017,FX-KRWINR-1M,0.06194479
SP-017,FX-KRWINR-3M,0.06175033
SP-017,FX-KRWBRL-1D,0.00372917
SP-017,FX-KRWBRL-1M,0.00371732
SP-017,FX-KRWBRL-3M,0.00368293
SP-017,FX-CNYINR-1D,11.68888795
SP-017,FX-CNYINR-1M,11.67518948
SP-017,FX-CNYINR-3M,11.62142644
SP-017,FX-CNYBRL-1D,0.70329263
SP-017,FX-CNYBRL-1M,0.70062993
SP-017,FX-CNYBRL-3M,0.69312800
SP-017,FX-INRBRL-1D,0.06016763
SP-017,FX-INRBRL-1M,0.06001016
SP-017,FX-INRBRL-3M,0.05964225
SP-017,OPTION-EQA-030D-K050,45.12640000
SP-017,OPTION-EQA-030D-K060,36.10112000
SP-017,OPTION-EQA-030D-K070,27.07584000
SP-017,OPTION-EQA-030D-K080,18.05056757
SP-017,OPTION-EQA-030D-K090,9.05978923
SP-017,OPTION-EQA-030D-K100,2.96436477
SP-017,OPTION-EQA-030D-K110,0.06279238
SP-017,OPTION-EQA-030D-K120,0.00026752
SP-017,OPTION-EQA-030D-K130,0.00000018
SP-017,OPTION-EQA-030D-K140,0.00000000
SP-017,OPTION-EQA-030D-K150,0.00000000
SP-017,OPTION-EQA-090D-K050,45.12640000
SP-017,OPTION-EQA-090D-K060,36.10112001
SP-017,OPTION-EQA-090D-K070,27.07590341
SP-017,OPTION-EQA-090D-K080,18.06671537
SP-017,OPTION-EQA-090D-K090,9.48987933
SP-017,OPTION-EQA-090D-K100,4.34865910
SP-017,OPTION-EQA-090D-K110,0.63679667
SP-017,OPTION-EQA-090D-K120,0.07084537
SP-017,OPTION-EQA-090D-K130,0.00475194
SP-017,OPTION-EQA-090D-K140,0.00020774
SP-017,OPTION-EQA-090D-K150,0.00000635
SP-017,OPTION-EQA-180D-K050,45.12640006
SP-017,OPTION-EQA-180D-K060,36.10119835
SP-017,OPTION-EQA-180D-K070,27.08417611
SP-017,OPTION-EQA-180D-K080,18.22662004
SP-017,OPTION-EQA-180D-K090,10.30727865
SP-017,OPTION-EQA-180D-K100,5.72917334
SP-017,OPTION-EQA-180D-K110,1.61745582
SP-017,OPTION-EQA-180D-K120,0.44489401
SP-017,OPTION-EQA-180D-K130,0.09906323
SP-017,OPTION-EQA-180D-K140,0.01843523
SP-017,OPTION-EQA-180D-K150,0.00295372
SP-017,OPTION-EQA-360D-K050,45.12665245
SP-017,OPTION-EQA-360D-K060,36.11222551
SP-017,OPTION-EQA-360D-K070,27.21768424
SP-017,OPTION-EQA-360D-K080,18.86869249
SP-017,OPTION-EQA-360D-K090,11.80794113
SP-017,OPTION-EQA-360D-K100,7.72342758
SP-017,OPTION-EQA-360D-K110,3.34340335
SP-017,OPTION-EQA-360D-K120,1.53481301
SP-017,OPTION-EQA-360D-K130,0.64909893
SP-017,OPTION-EQA-360D-K140,0.25619428
SP-017,OPTION-EQA-360D-K150,0.09548063
SP-017,OPTION-EQA-720D-K050,45.15084004
SP-017,OPTION-EQA-720D-K060,36.29483639
SP-017,OPTION-EQA-720D-K070,27.90590695
SP-017,OPTION-EQA-720D-K080,20.43650232
SP-017,OPTION-EQA-720D-K090,14.26003170
SP-017,OPTION-EQA-720D-K100,10.61542943
SP-017,OPTION-EQA-720D-K110,6.10467584
SP-017,OPTION-EQA-720D-K120,3.78755984
SP-017,OPTION-EQA-720D-K130,2.28532207
SP-017,OPTION-EQA-720D-K140,1.34772685
SP-017,OPTION-EQA-720D-K150,0.78018778
SP-017,OPTION-EQB-030D-K050,46.66480000
SP-017,OPTION-EQB-030D-K060,37.33184000
SP-017,OPTION-EQB-030D-K070,27.99888000
SP-017,OPTION-EQB-030D-K080,18.66594330
SP-017,OPTION-EQB-030D-K090,9.38296795
SP-017,OPTION-EQB-030D-K100,3.17212891
SP-017,OPTION-EQB-030D-K110,0.08737902
SP-017,OPTION-EQB-030D-K120,0.00060389
SP-017,OPTION-EQB-030D-K130,0.00000082
SP-017,OPTION-EQB-030D-K140,0.00000000
SP-017,OPTION-EQB-030D-K150,0.00000000
SP-017,OPTION-EQB-090D-K050,46.66480000
SP-017,OPTION-EQB-090D-K060,37.33184005
SP-017,OPTION-EQB-090D-K070,27.99904642
SP-017,OPTION-EQB-090D-K080,18.69188039
SP-017,OPTION-EQB-090D-K090,9.90537910
SP-017,OPTION-EQB-090D-K100,4.68159625
SP-017,OPTION-EQB-090D-K110,0.77259502
SP-017,OPTION-EQB-090D-K120,0.10235284
SP-017,OPTION-EQB-090D-K130,0.00869561
SP-017,OPTION-EQB-090D-K140,0.00050726
SP-017,OPTION-EQB-090D-K150,0.00002164
SP-017,OPTION-EQB-180D-K050,46.66480030
SP-017,OPTION-EQB-180D-K060,37.33204528
SP-017,OPTION-EQB-180D-K070,28.01336041
SP-017,OPTION-EQB-180D-K080,18.90438714
SP-017,OPTION-EQB-180D-K090,10.83887249
SP-017,OPTION-EQB-180D-K100,6.18538408
SP-017,OPTION-EQB-180D-K110,1.88344420
SP-017,OPTION-EQB-180D-K120,0.57001102
SP-017,OPTION-EQB-180D-K130,0.14347481
SP-017,OPTION-EQB-180D-K140,0.03088737
SP-017,OPTION-EQB-180D-K150,0.00583737
SP-017,OPTION-EQB-360D-K050,46.66540253
SP-017,OPTION-EQB-360D-K060,37.35099496
SP-017,OPTION-EQB-360D-K070,28.19816085
SP-017,OPTION-EQB-360D-K080,19.67653825
SP-017,OPTION-EQB-360D-K090,12.50959961
SP-017,OPTION-EQB-360D-K100,8.35484756
SP-017,OPTION-EQB-360D-K110,3.79735108
SP-017,OPTION-EQB-360D-K120,1.84010184
SP-017,OPTION-EQB-360D-K130,0.83078110
SP-017,OPTION-EQB-360D-K140,0.35345999
SP-017,OPTION-EQB-360D-K150,0.14316473
SP-017,OPTION-EQB-720D-K050,46.70479948
SP-017,OPTION-EQB-720D-K060,37.60191757
SP-017,OPTION-EQB-720D-K070,29.04161089
SP-017,OPTION-EQB-720D-K080,21.46459582
SP-017,OPTION-EQB-720D-K090,15.20222474
SP-017,OPTION-EQB-720D-K100,11.49543855
SP-017,OPTION-EQB-720D-K110,6.82378866
SP-017,OPTION-EQB-720D-K120,4.36969583
SP-017,OPTION-EQB-720D-K130,2.73331580
SP-017,OPTION-EQB-720D-K140,1.67738916
SP-017,OPTION-EQB-720D-K150,1.01368613
SP-017,OPTION-EQC-030D-K050,48.20320000
SP-017,OPTION-EQC-030D-K060,38.56256000
SP-017,OPTION-EQC-030D-K070,28.92192000
SP-017,OPTION-EQC-030D-K080,19.28134192
SP-017,OPTION-EQC-030D-K090,9.71026597
SP-017,OPTION-EQC-030D-K100,3.38692432
SP-017,OPTION-EQC-030D-K110,0.11746983
SP-017,OPTION-EQC-030D-K120,0.00123005
SP-017,OPTION-EQC-030D-K130,0.00000304
SP-017,OPTION-EQC-030D-K140,0.00000000
SP-017,OPTION-EQC-030D-K150,0.00000000
SP-017,OPTION-EQC-090D-K050,48.20320000
SP-017,OPTION-EQC-090D-K060,38.56256026
SP-017,OPTION-EQC-090D-K070,28.92230609
SP-017,OPTION-EQC-090D-K080,19.32080034
SP-017,OPTION-EQC-090D-K090,10.33318973
SP-017,OPTION-EQC-090D-K100,5.02668804
SP-017,OPTION-EQC-090D-K110,0.92225280
SP-017,OPTION-EQC-090D-K120,0.14214506
SP-017,OPTION-EQC-090D-K130,0.01479882
SP-017,OPTION-EQC-090D-K140,0.00110539
SP-017,OPTION-EQC-090D-K150,0.00006265
SP-017,OPTION-EQC-180D-K050,48.20320124
SP-017,OPTION-EQC-180D-K060,38.56303596
SP-017,OPTION-EQC-180D-K070,28.94550128
SP-017,OPTION-EQC-180D-K080,19.59456996
SP-017,OPTION-EQC-180D-K090,11.38820131
SP-017,OPTION-EQC-180D-K100,6.65873270
SP-017,OPTION-EQC-180D-K110,2.16894486
SP-017,OPTION-EQC-180D-K120,0.71355540
SP-017,OPTION-EQC-180D-K130,0.19971454
SP-017,OPTION-EQC-180D-K140,0.04874436
SP-017,OPTION-EQC-180D-K150,0.01061563
SP-017,OPTION-EQC-360D-K050,48.20449098
SP-017,OPTION-EQC-360D-K060,38.59358246
SP-017,OPTION-EQC-360D-K070,29.19222924
SP-017,OPTION-EQC-360D-K080,20.50699022
SP-017,OPTION-EQC-360D-K090,13.23551737
SP-017,OPTION-EQC-360D-K100,9.01035601
SP-017,OPTION-EQC-360D-K110,4.27792187
SP-017,OPTION-EQC-360D-K120,2.17408807
SP-017,OPTION-EQC-360D-K130,1.03919627
SP-017,OPTION-EQC-360D-K140,0.47188830
SP-017,OPTION-EQC-360D-K150,0.20539451
SP-017,OPTION-EQC-720D-K050,48.26515475
SP-017,OPTION-EQC-720D-K060,38.92660160
SP-017,OPTION-EQC-720D-K070,30.20547231
SP-017,OPTION-EQC-720D-K080,22.52534763
SP-017,OPTION-EQC-720D-K090,16.17741218
SP-017,OPTION-EQC-720D-K100,12.40908517
SP-017,OPTION-EQC-720D-K110,7.57919699
SP-017,OPTION-EQC-720D-K120,4.99146946
SP-017,OPTION-EQC-720D-K130,3.22288168
SP-017,OPTION-EQC-720D-K140,2.04797263
SP-017,OPTION-EQC-720D-K150,1.28491140
SP-017,OPTION-EQD-030D-K050,49.74160000
SP-017,OPTION-EQD-030D-K060,39.79328000
SP-017,OPTION-EQD-030D-K070,29.84496000
SP-017,OPTION-EQD-030D-K080,19.89678587
SP-017,OPTION-EQD-030D-K090,10.04207733
SP-017,OPTION-EQD-030D-K100,3.60875033
SP-017,OPTION-EQD-030D-K110,0.15342910
SP-017,OPTION-EQD-030D-K120,0.00230233
SP-017,OPTION-EQD-030D-K130,0.00000950
SP-017,OPTION-EQD-030D-K140,0.00000001
SP-017,OPTION-EQD-030D-K150,0.00000000
SP-017,OPTION-EQD-090D-K050,49.74160000
SP-017,OPTION-EQD-090D-K060,39.79328100
SP-017,OPTION-EQD-090D-K070,29.84576927
SP-017,OPTION-EQD-090D-K080,19.95415934
SP-017,OPTION-EQD-090D-K090,10.77333228
SP-017,OPTION-EQD-090D-K100,5.38393110
SP-017,OPTION-EQD-090D-K110,1.08572696
SP-017,OPTION-EQD-090D-K120,0.19100080
SP-017,OPTION-EQD-090D-K130,0.02371955
SP-017,OPTION-EQD-090D-K140,0.00219360
SP-017,OPTION-EQD-090D-K150,0.00015882
SP-017,OPTION-EQD-180D-K050,49.74160424
SP-017,OPTION-EQD-180D-K060,39.79427776
SP-017,OPTION-EQD-180D-K070,29.88135910
SP-017,OPTION-EQD-180D-K080,20.29780326
SP-017,OPTION-EQD-180D-K090,11.95511894
SP-017,OPTION-EQD-180D-K100,7.14920964
SP-017,OPTION-EQD-180D-K110,2.47378815
SP-017,OPTION-EQD-180D-K120,0.87587021
SP-017,OPTION-EQD-180D-K130,0.26893199
SP-017,OPTION-EQD-180D-K140,0.07319822
SP-017,OPTION-EQD-180D-K150,0.01802376
SP-017,OPTION-EQD-360D-K050,49.74412979
SP-017,OPTION-EQD-360D-K060,39.84095832
SP-017,OPTION-EQD-360D-K070,30.20095209
SP-017,OPTION-EQD-360D-K080,21.36014117
SP-017,OPTION-EQD-360D-K090,13.98550265
SP-017,OPTION-EQD-360D-K100,9.68992583
SP-017,OPTION-EQD-360D-K110,4.78492138
SP-017,OPTION-EQD-360D-K120,2.53662303
SP-017,OPTION-EQD-360D-K130,1.27485829
SP-017,OPTION-EQD-360D-K140,0.61283707
SP-017,OPTION-EQD-360D-K150,0.28400761
SP-017,OPTION-EQD-720D-K050,49.83324223
SP-017,OPTION-EQD-720D-K060,40.27021772
SP-017,OPTION-EQD-720D-K070,31.39783618
SP-017,OPTION-EQD-720D-K080,23.61847988
SP-017,OPTION-EQD-720D-K090,17.18538517
SP-017,OPTION-EQD-720D-K100,13.35629246
SP-017,OPTION-EQD-720D-K110,8.37069099
SP-017,OPTION-EQD-720D-K120,5.65250831
SP-017,OPTION-EQD-720D-K130,3.75378846
SP-017,OPTION-EQD-720D-K140,2.45978047
SP-017,OPTION-EQD-720D-K150,1.59494092
SP-017,OPTION-EQE-030D-K050,51.28000000
SP-017,OPTION-EQE-030D-K060,41.02400000
SP-017,OPTION-EQE-030D-K070,30.76800001
SP-017,OPTION-EQE-030D-K080,20.51231090
SP-017,OPTION-EQE-030D-K090,10.37874752
SP-017,OPTION-EQE-030D-K100,3.83760629
SP-017,OPTION-EQE-030D-K110,0.19556298
SP-017,OPTION-EQE-030D-K120,0.00401670
SP-017,OPTION-EQE-030D-K130,0.00002586
SP-017,OPTION-EQE-030D-K140,0.00000006
SP-017,OPTION-EQE-030D-K150,0.00000000
SP-017,OPTION-EQE-090D-K050,51.28000000
SP-017,OPTION-EQE-090D-K060,41.02400329
SP-017,OPTION-EQE-090D-K070,30.76955895
SP-017,OPTION-EQE-090D-K080,20.59261595
SP-017,OPTION-EQE-090D-K090,11.22580469
SP-017,OPTION-EQE-090D-K100,5.75332191
SP-017,OPTION-EQE-090D-K110,1.26296365
SP-017,OPTION-EQE-090D-K120,0.24960180
SP-017,OPTION-EQE-090D-K130,0.03615953
SP-017,OPTION-EQE-090D-K140,0.00402740
SP-017,OPTION-EQE-090D-K150,0.00036065
SP-017,OPTION-EQE-180D-K050,51.28001252
SP-017,OPTION-EQE-180D-K060,41.02592327
SP-017,OPTION-EQE-180D-K070,30.82171671
SP-017,OPTION-EQE-180D-K080,21.01460858
SP-017,OPTION-EQE-180D-K090,12.53949162
SP-017,OPTION-EQE-180D-K100,7.65680492
SP-017,OPTION-EQE-180D-K110,2.79782287
SP-017,OPTION-EQE-180D-K120,1.05720535
SP-017,OPTION-EQE-180D-K130,0.35213898
SP-017,OPTION-EQE-180D-K140,0.10543698
SP-017,OPTION-EQE-180D-K150,0.02889690
SP-017,OPTION-EQE-360D-K050,51.28460104
SP-017,OPTION-EQE-360D-K060,41.09412159
SP-017,OPTION-EQE-360D-K070,31.22524508
SP-017,OPTION-EQE-360D-K080,22.23602899
SP-017,OPTION-EQE-360D-K090,14.75938700
SP-017,OPTION-EQE-360D-K100,10.39352872
SP-017,OPTION-EQE-360D-K110,5.31817953
SP-017,OPTION-EQE-360D-K120,2.92754765
SP-017,OPTION-EQE-360D-K130,1.53814309
SP-017,OPTION-EQE-360D-K140,0.77744886
SP-017,OPTION-EQE-360D-K150,0.38068033
SP-017,OPTION-EQE-720D-K050,51.41038963
SP-017,OPTION-EQE-720D-K060,41.63390931
SP-017,OPTION-EQE-720D-K070,32.61893326
SP-017,OPTION-EQE-720D-K080,24.74372699
SP-017,OPTION-EQE-720D-K090,18.22595376
SP-017,OPTION-EQE-720D-K100,14.33698035
SP-017,OPTION-EQE-720D-K110,9.19807874
SP-017,OPTION-EQE-720D-K120,6.35247231
SP-017,OPTION-EQE-720D-K130,4.32578459
SP-017,OPTION-EQE-720D-K140,2.91298296
SP-017,OPTION-EQE-720D-K150,1.94460313
SP-017,OPTION-EQF-030D-K050,52.81840000
SP-017,OPTION-EQF-030D-K060,42.25472000
SP-017,OPTION-EQF-030D-K070,31.69104004
SP-017,OPTION-EQF-030D-K080,21.12796938
SP-017,OPTION-EQF-030D-K090,10.72057614
SP-017,OPTION-EQF-030D-K100,4.07349147
SP-017,OPTION-EQF-030D-K110,0.24412673
SP-017,OPTION-EQF-030D-K120,0.00660588
SP-017,OPTION-EQF-030D-K130,0.00006273
SP-017,OPTION-EQF-030D-K140,0.00000025
SP-017,OPTION-EQF-030D-K150,0.00000000
SP-017,OPTION-EQF-090D-K050,52.81840000
SP-017,OPTION-EQF-090D-K060,42.25472941
SP-017,OPTION-EQF-090D-K070,31.69383769
SP-017,OPTION-EQF-090D-K080,21.23679106
SP-017,OPTION-EQF-090D-K090,11.69058946
SP-017,OPTION-EQF-090D-K100,6.13485681
SP-017,OPTION-EQF-090D-K110,1.45390347
SP-017,OPTION-EQF-090D-K120,0.31853832
SP-017,OPTION-EQF-090D-K130,0.05284243
SP-017,OPTION-EQF-090D-K140,0.00692720
SP-017,OPTION-EQF-090D-K150,0.00074702
SP-017,OPTION-EQF-180D-K050,52.81843274
SP-017,OPTION-EQF-180D-K060,42.25817480
SP-017,OPTION-EQF-180D-K070,31.76735750
SP-017,OPTION-EQF-180D-K080,21.74541118
SP-017,OPTION-EQF-180D-K090,13.14119753
SP-017,OPTION-EQF-180D-K100,8.18150816
SP-017,OPTION-EQF-180D-K110,3.14091415
SP-017,OPTION-EQF-180D-K120,1.25773877
SP-017,OPTION-EQF-180D-K130,0.45021596
SP-017,OPTION-EQF-180D-K140,0.14661554
SP-017,OPTION-EQF-180D-K150,0.04414537
SP-017,OPTION-EQF-360D-K050,52.82625826
SP-017,OPTION-EQF-360D-K060,42.35407240
SP-017,OPTION-EQF-360D-K070,32.26588950
SP-017,OPTION-EQF-360D-K080,23.13465241
SP-017,OPTION-EQF-360D-K090,15.55702113
SP-017,OPTION-EQF-360D-K100,11.12113523
SP-017,OPTION-EQF-360D-K110,5.87754595
SP-017,OPTION-EQF-360D-K120,3.34669968
SP-017,OPTION-EQF-360D-K130,1.82931896
SP-017,OPTION-EQF-360D-K140,0.96667654
SP-017,OPTION-EQF-360D-K150,0.49691923
SP-017,OPTION-EQF-720D-K050,52.99788542
SP-017,OPTION-EQF-720D-K060,43.01864963
SP-017,OPTION-EQF-720D-K070,33.86890642
SP-017,OPTION-EQF-720D-K080,25.90083644
SP-017,OPTION-EQF-720D-K090,19.29894272
SP-017,OPTION-EQF-720D-K100,15.35106560
SP-017,OPTION-EQF-720D-K110,10.06118203
SP-017,OPTION-EQF-720D-K120,7.09104916
SP-017,OPTION-EQF-720D-K130,4.93860876
SP-017,OPTION-EQF-720D-K140,3.40765091
SP-017,OPTION-EQF-720D-K150,2.33452433
SP-017,OPTION-EQG-030D-K050,54.35680000
SP-017,OPTION-EQG-030D-K060,43.48544000
SP-017,OPTION-EQG-030D-K070,32.61408014
SP-017,OPTION-EQG-030D-K080,21.74383281
SP-017,OPTION-EQG-030D-K090,11.06782075
SP-017,OPTION-EQG-030D-K100,4.31640516
SP-017,OPTION-EQG-030D-K110,0.29933176
SP-017,OPTION-EQG-030D-K120,0.01033422
SP-017,OPTION-EQG-030D-K130,0.00013818
SP-017,OPTION-EQG-030D-K140,0.00000084
SP-017,OPTION-EQG-030D-K150,0.00000000
SP-017,OPTION-EQG-090D-K050,54.35680001
SP-017,OPTION-EQG-090D-K060,43.48546398
SP-017,OPTION-EQG-090D-K070,32.61880842
SP-017,OPTION-EQG-090D-K080,21.88726058
SP-017,OPTION-EQG-090D-K090,12.16765905
SP-017,OPTION-EQG-090D-K100,6.52853197
SP-017,OPTION-EQG-090D-K110,1.65848496
SP-017,OPTION-EQG-090D-K120,0.39831710
SP-017,OPTION-EQG-090D-K130,0.07449483
SP-017,OPTION-EQG-090D-K140,0.01127486
SP-017,OPTION-EQG-090D-K150,0.00143183
SP-017,OPTION-EQG-180D-K050,54.35687712
SP-017,OPTION-EQG-180D-K060,43.49128585
SP-017,OPTION-EQG-180D-K070,32.71904768
SP-017,OPTION-EQG-180D-K080,22.49055551
SP-017,OPTION-EQG-180D-K090,13.76012598
SP-017,OPTION-EQG-180D-K100,8.72330854
SP-017,OPTION-EQG-180D-K110,3.50294149
SP-017,OPTION-EQG-180D-K120,1.47759316
SP-017,OPTION-EQG-180D-K130,0.56392219
SP-017,OPTION-EQG-180D-K140,0.19783458
SP-017,OPTION-EQG-180D-K150,0.06472886
SP-017,OPTION-EQG-360D-K050,54.36952326
SP-017,OPTION-EQG-360D-K060,43.62178968
SP-017,OPTION-EQG-360D-K070,33.32354669
SP-017,OPTION-EQG-360D-K080,24.05598239
SP-017,OPTION-EQG-360D-K090,16.37827157
SP-017,OPTION-EQG-360D-K100,11.87271474
SP-017,OPTION-EQG-360D-K110,6.46288634
SP-017,OPTION-EQG-360D-K120,3.79391808
SP-017,OPTION-EQG-360D-K130,2.14857077
SP-017,OPTION-EQG-360D-K140,1.18130881
SP-017,OPTION-EQG-360D-K150,0.63406262
SP-017,OPTION-EQG-720D-K050,54.59695651
SP-017,OPTION-EQG-720D-K060,44.42525969
SP-017,OPTION-EQG-720D-K070,35.14783094
SP-017,OPTION-EQG-720D-K080,27.08956868
SP-017,OPTION-EQG-720D-K090,20.40418830
SP-017,OPTION-EQG-720D-K100,16.39846179
SP-017,OPTION-EQG-720D-K110,10.95983320
SP-017,OPTION-EQG-720D-K120,7.86795024
SP-017,OPTION-EQG-720D-K130,5.59199671
SP-017,OPTION-EQG-720D-K140,3.94378091
SP-017,OPTION-EQG-720D-K150,2.76516767
SP-017,OPTION-EQH-030D-K050,55.89520000
SP-017,OPTION-EQH-030D-K060,44.71616000
SP-017,OPTION-EQH-030D-K070,33.53712046
SP-017,OPTION-EQH-030D-K080,22.35999333
SP-017,OPTION-EQH-030D-K090,11.42070137
SP-017,OPTION-EQH-030D-K100,4.56634658
SP-017,OPTION-EQH-030D-K110,0.36135230
SP-017,OPTION-EQH-030D-K120,0.01549138
SP-017,OPTION-EQH-030D-K130,0.00028035
SP-017,OPTION-EQH-030D-K140,0.00000247
SP-017,OPTION-EQH-030D-K150,0.00000001
SP-017,OPTION-EQH-090D-K050,55.89520003
SP-017,OPTION-EQH-090D-K060,44.71621542
SP-017,OPTION-EQH-090D-K070,33.54471297
SP-017,OPTION-EQH-090D-K080,22.54455189
SP-017,OPTION-EQH-090D-K090,12.65697963
SP-017,OPTION-EQH-090D-K100,6.93434344
SP-017,OPTION-EQH-090D-K110,1.87664678
SP-017,OPTION-EQH-090D-K120,0.48937032
SP-017,OPTION-EQH-090D-K130,0.10183059
SP-017,OPTION-EQH-090D-K140,0.01750695
SP-017,OPTION-EQH-090D-K150,0.00256937
SP-017,OPTION-EQH-180D-K050,55.89536625
SP-017,OPTION-EQH-180D-K060,44.72555951
SP-017,OPTION-EQH-180D-K070,33.67752310
SP-017,OPTION-EQH-180D-K080,23.25031884
SP-017,OPTION-EQH-180D-K090,14.39617642
SP-017,OPTION-EQH-180D-K100,9.28219483
SP-017,OPTION-EQH-180D-K110,3.88379692
SP-017,OPTION-EQH-180D-K120,1.71684897
SP-017,OPTION-EQH-180D-K130,0.69390789
SP-017,OPTION-EQH-180D-K140,0.26012676
SP-017,OPTION-EQH-180D-K150,0.09163218
SP-017,OPTION-EQH-360D-K050,55.91487930
SP-017,OPTION-EQH-360D-K060,44.89821430
SP-017,OPTION-EQH-360D-K070,34.39877272
SP-017,OPTION-EQH-360D-K080,24.99997049
SP-017,OPTION-EQH-360D-K090,17.22301797
SP-017,OPTION-EQH-360D-K100,12.64823546
SP-017,OPTION-EQH-360D-K110,7.07407953
SP-017,OPTION-EQH-360D-K120,4.26904573
SP-017,OPTION-EQH-360D-K130,2.49601872
SP-017,OPTION-EQH-360D-K140,1.42199398
SP-017,OPTION-EQH-360D-K150,0.79328824
SP-017,OPTION-EQH-720D-K050,56.20875330
SP-017,OPTION-EQH-720D-K060,45.85442634
SP-017,OPTION-EQH-720D-K070,36.45573034
SP-017,OPTION-EQH-720D-K080,28.30969631
SP-017,OPTION-EQH-720D-K090,21.54153558
SP-017,OPTION-EQH-720D-K100,17.47907933
SP-017,OPTION-EQH-720D-K110,11.89387264
SP-017,OPTION-EQH-720D-K120,8.68290699
SP-017,OPTION-EQH-720D-K130,6.28568542
SP-017,OPTION-EQH-720D-K140,4.52131424
SP-017,OPTION-EQH-720D-K150,3.23686498
SP-017,OPTION-EQI-030D-K050,57.43360000
SP-017,OPTION-EQI-030D-K060,45.94688000
SP-017,OPTION-EQI-030D-K070,34.46016133
SP-017,OPTION-EQI-030D-K080,22.97656413
SP-017,OPTION-EQI-030D-K090,11.77940502
SP-017,OPTION-EQI-030D-K100,4.82331494
SP-017,OPTION-EQI-030D-K110,0.43033130
SP-017,OPTION-EQI-030D-K120,0.02238545
SP-017,OPTION-EQI-030D-K130,0.00053025
SP-017,OPTION-EQI-030D-K140,0.00000650
SP-017,OPTION-EQI-030D-K150,0.00000005
SP-017,OPTION-EQI-090D-K050,57.43360010
SP-017,OPTION-EQI-090D-K060,45.94699776
SP-017,OPTION-EQI-090D-K070,34.47182847
SP-017,OPTION-EQI-090D-K080,23.20914303
SP-017,OPTION-EQI-090D-K090,13.15851379
SP-017,OPTION-EQI-090D-K100,7.35228709
SP-017,OPTION-EQI-090D-K110,2.10832909
SP-017,OPTION-EQI-090D-K120,0.59206467
SP-017,OPTION-EQI-090D-K130,0.13553904
SP-017,OPTION-EQI-090D-K140,0.02610571
SP-017,OPTION-EQI-090D-K150,0.00435759
SP-017,OPTION-EQI-180D-K050,57.43393218
SP-017,OPTION-EQI-180D-K060,45.96134437
SP-017,OPTION-EQI-180D-K070,34.64348008
SP-017,OPTION-EQI-180D-K080,24.02492288
SP-017,OPTION-EQI-180D-K090,15.04925739
SP-017,OPTION-EQI-180D-K100,9.85815537
SP-017,OPTION-EQI-180D-K110,4.28338330
SP-017,OPTION-EQI-180D-K120,1.97555446
SP-017,OPTION-EQI-180D-K130,0.84072673
SP-017,OPTION-EQI-180D-K140,0.33444871
SP-017,OPTION-EQI-180D-K150,0.12584385
SP-017,OPTION-EQI-360D-K050,57.46286176
SP-017,OPTION-EQI-360D-K060,46.18423735
SP-017,OPTION-EQI-360D-K070,35.49203235
SP-017,OPTION-EQI-360D-K080,25.96655494
SP-017,OPTION-EQI-360D-K090,18.09115076
SP-017,OPTION-EQI-360D-K100,13.44766447
SP-017,OPTION-EQI-360D-K110,7.71101508
SP-017,OPTION-EQI-360D-K120,4.77193088
SP-017,OPTION-EQI-360D-K130,2.87173321
SP-017,OPTION-EQI-360D-K140,1.68926143
SP-017,OPTION-EQI-360D-K150,0.97562479
SP-017,OPTION-EQI-720D-K050,57.83434093
SP-017,OPTION-EQI-720D-K060,47.30671958
SP-017,OPTION-EQI-720D-K070,37.79258838
SP-017,OPTION-EQI-720D-K080,29.56100314
SP-017,OPTION-EQI-720D-K090,22.71083650
SP-017,OPTION-EQI-720D-K100,18.59282549
SP-017,OPTION-EQI-720D-K110,12.86314677
SP-017,OPTION-EQI-720D-K120,9.53566772
SP-017,OPTION-EQI-720D-K130,7.01941565
SP-017,OPTION-EQI-720D-K140,5.14015116
SP-017,OPTION-EQI-720D-K150,3.74984267
SP-017,OPTION-EQJ-030D-K050,58.97200000
SP-017,OPTION-EQJ-030D-K060,47.17760000
SP-017,OPTION-EQJ-030D-K070,35.38320344
SP-017,OPTION-EQJ-030D-K080,23.59367878
SP-017,OPTION-EQJ-030D-K090,12.14409001
SP-017,OPTION-EQJ-030D-K100,5.08730944
SP-017,OPTION-EQJ-030D-K110,0.50638560
SP-017,OPTION-EQJ-030D-K120,0.03133622
SP-017,OPTION-EQJ-030D-K130,0.00094410
SP-017,OPTION-EQJ-030D-K140,0.00001557
SP-017,OPTION-EQJ-030D-K150,0.00000016
SP-017,OPTION-EQJ-090D-K050,58.97200031
SP-017,OPTION-EQJ-090D-K060,47.17783274
SP-017,OPTION-EQJ-090D-K070,35.40046250
SP-017,OPTION-EQJ-090D-K080,23.88146383
SP-017,OPTION-EQJ-090D-K090,13.67222236
SP-017,OPTION-EQJ-090D-K100,7.78235867
SP-017,OPTION-EQJ-090D-K110,2.35347442
SP-017,OPTION-EQJ-090D-K120,0.70670994
SP-017,OPTION-EQJ-090D-K130,0.17627636
SP-017,OPTION-EQJ-090D-K140,0.03758884
SP-017,OPTION-EQJ-090D-K150,0.00703932
SP-017,OPTION-EQJ-180D-K050,58.97262168
SP-017,OPTION-EQJ-180D-K060,47.19902853
SP-017,OPTION-EQJ-180D-K070,35.61756971
SP-017,OPTION-EQJ-180D-K080,24.81454364
SP-017,OPTION-EQJ-180D-K090,15.71928553
SP-017,OPTION-EQJ-180D-K100,10.45117811
SP-017,OPTION-EQJ-180D-K110,4.70161286
SP-017,OPTION-EQJ-180D-K120,2.25373345
SP-017,OPTION-EQJ-180D-K130,1.00484790
SP-017,OPTION-EQJ-180D-K140,0.42167768
SP-017,OPTION-EQJ-180D-K150,0.16833826
SP-017,OPTION-EQJ-360D-K050,59.01404733
SP-017,OPTION-EQJ-360D-K060,47.48069260
SP-017,OPTION-EQJ-360D-K070,36.60371179
SP-017,OPTION-EQJ-360D-K080,26.95566500
SP-017,OPTION-EQJ-360D-K090,18.98256938
SP-017,OPTION-EQJ-360D-K100,14.27096768
SP-017,OPTION-EQJ-360D-K110,8.37359138
SP-017,OPTION-EQJ-360D-K120,5.30242792
SP-017,OPTION-EQJ-360D-K130,3.27574619
SP-017,OPTION-EQJ-360D-K140,1.98354038
SP-017,OPTION-EQJ-360D-K150,1.18196508
SP-017,OPTION-EQJ-720D-K050,59.47469528
SP-017,OPTION-EQJ-720D-K060,48.78260842
SP-017,OPTION-EQJ-720D-K070,39.15835836
SP-017,OPTION-EQJ-720D-K080,30.84328294
SP-017,OPTION-EQJ-720D-K090,23.91194821
SP-017,OPTION-EQJ-720D-K100,19.73960444
SP-017,OPTION-EQJ-720D-K110,13.86750649
SP-017,OPTION-EQJ-720D-K120,10.42599490
SP-017,OPTION-EQJ-720D-K130,7.79293326
SP-017,OPTION-EQJ-720D-K140,5.80016148
SP-017,OPTION-EQJ-720D-K150,4.30424248
SP-017,OTHER-BRENT-001D,44.34940601
SP-017,OTHER-BRENT-005D,44.42821437
SP-017,OTHER-BRENT-010D,44.52672483
SP-017,OTHER-BRENT-020D,44.72374573
SP-017,OTHER-BRENT-030D,44.92076664
SP-017,OTHER-BRENT-060D,45.51182936
SP-017,OTHER-BRENT-090D,46.10289208
SP-017,OTHER-BRENT-120D,46.69395480
SP-017,OTHER-BRENT-180D,47.87608024
SP-017,OTHER-BRENT-360D,51.42245655
SP-017,OTHER-WTI-001D,46.68817089
SP-017,OTHER-WTI-005D,46.76693626
SP-017,OTHER-WTI-010D,46.86539297
SP-017,OTHER-WTI-020D,47.06230638
SP-017,OTHER-WTI-030D,47.25921980
SP-017,OTHER-WTI-060D,47.84996005
SP-017,OTHER-WTI-090D,48.44070029
SP-017,OTHER-WTI-120D,49.03144054
SP-017,OTHER-WTI-180D,50.21292104
SP-017,OTHER-WTI-360D,53.75736252
SP-017,OTHER-GAS_EU-001D,49.02437061
SP-017,OTHER-GAS_EU-005D,49.10309300
SP-017,OTHER-GAS_EU-010D,49.20149599
SP-017,OTHER-GAS_EU-020D,49.39830198
SP-017,OTHER-GAS_EU-030D,49.59510796
SP-017,OTHER-GAS_EU-060D,50.18552591
SP-017,OTHER-GAS_EU-090D,50.77594387
SP-017,OTHER-GAS_EU-120D,51.36636182
SP-017,OTHER-GAS_EU-180D,52.54719772
SP-017,OTHER-GAS_EU-360D,56.08970543
SP-017,OTHER-GAS_US-001D,51.35800726
SP-017,OTHER-GAS_US-005D,51.43668671
SP-017,OTHER-GAS_US-010D,51.53503601
SP-017,OTHER-GAS_US-020D,51.73173463
SP-017,OTHER-GAS_US-030D,51.92843324
SP-017,OTHER-GAS_US-060D,52.51852907
SP-017,OTHER-GAS_US-090D,53.10862490
SP-017,OTHER-GAS_US-120D,53.69872073
SP-017,OTHER-GAS_US-180D,54.87891240
SP-017,OTHER-GAS_US-360D,58.41948739
SP-017,OTHER-GOLD-001D,53.68908296
SP-017,OTHER-GOLD-005D,53.76771948
SP-017,OTHER-GOLD-010D,53.86601513
SP-017,OTHER-GOLD-020D,54.06260642
SP-017,OTHER-GOLD-030D,54.25919772
SP-017,OTHER-GOLD-060D,54.84897161
SP-017,OTHER-GOLD-090D,55.43874550
SP-017,OTHER-GOLD-120D,56.02851939
SP-017,OTHER-GOLD-180D,57.20806716
SP-017,OTHER-GOLD-360D,60.74671049
SP-017,OTHER-SILVER-001D,56.17066039
SP-017,OTHER-SILVER-005D,56.24946875
SP-017,OTHER-SILVER-010D,56.34797921
SP-017,OTHER-SILVER-020D,56.54500011
SP-017,OTHER-SILVER-030D,56.74202102
SP-017,OTHER-SILVER-060D,57.33308374
SP-017,OTHER-SILVER-090D,57.92414646
SP-017,OTHER-SILVER-120D,58.51520918
SP-017,OTHER-SILVER-180D,59.69733461
SP-017,OTHER-SILVER-360D,63.24371093
SP-017,OTHER-COPPER-001D,58.50297584
SP-017,OTHER-COPPER-005D,58.58174121
SP-017,OTHER-COPPER-010D,58.68019792
SP-017,OTHER-COPPER-020D,58.87711133
SP-017,OTHER-COPPER-030D,59.07402475
SP-017,OTHER-COPPER-060D,59.66476500
SP-017,OTHER-COPPER-090D,60.25550524
SP-017,OTHER-COPPER-120D,60.84624549
SP-017,OTHER-COPPER-180D,62.02772599
SP-017,OTHER-COPPER-360D,65.57216747
SP-017,OTHER-ALUMINIUM-001D,60.83272965
SP-017,OTHER-ALUMINIUM-005D,60.91145204
SP-017,OTHER-ALUMINIUM-010D,61.00985503
SP-017,OTHER-ALUMINIUM-020D,61.20666102
SP-017,OTHER-ALUMINIUM-030D,61.40346700
SP-017,OTHER-ALUMINIUM-060D,61.99388495
SP-017,OTHER-ALUMINIUM-090D,62.58430290
SP-017,OTHER-ALUMINIUM-120D,63.17472086
SP-017,OTHER-ALUMINIUM-180D,64.35555676
SP-017,OTHER-ALUMINIUM-360D,67.89806447
SP-017,OTHER-WHEAT-001D,63.15992391
SP-017,OTHER-WHEAT-005D,63.23860335
SP-017,OTHER-WHEAT-010D,63.33695266
SP-017,OTHER-WHEAT-020D,63.53365127
SP-017,OTHER-WHEAT-030D,63.73034988
SP-017,OTHER-WHEAT-060D,64.32044571
SP-017,OTHER-WHEAT-090D,64.91054155
SP-017,OTHER-WHEAT-120D,65.50063738
SP-017,OTHER-WHEAT-180D,66.68082904
SP-017,OTHER-WHEAT-360D,70.22140404
SP-017,OTHER-CORN-001D,65.48456073
SP-017,OTHER-CORN-005D,65.56319725
SP-017,OTHER-CORN-010D,65.66149289
SP-017,OTHER-CORN-020D,65.85808419
SP-017,OTHER-CORN-030D,66.05467549
SP-017,OTHER-CORN-060D,66.64444937
SP-017,OTHER-CORN-090D,67.23422326
SP-017,OTHER-CORN-120D,67.82399715
SP-017,OTHER-CORN-180D,69.00354493
SP-017,OTHER-CORN-360D,72.54218826
SP-017,OTHER-SOY-001D,67.99191477
SP-017,OTHER-SOY-005D,68.07072313
SP-017,OTHER-SOY-010D,68.16923359
SP-017,OTHER-SOY-020D,68.36625449
SP-017,OTHER-SOY-030D,68.56327540
SP-017,OTHER-SOY-060D,69.15433812
SP-017,OTHER-SOY-090D,69.74540084
SP-017,OTHER-SOY-120D,70.33646356
SP-017,OTHER-SOY-180D,71.51858899
SP-017,OTHER-SOY-360D,75.06496531
SP-017,OTHER-CARBON_EU-001D,70.31778079
SP-017,OTHER-CARBON_EU-005D,70.39654616
SP-017,OTHER-CARBON_EU-010D,70.49500287
SP-017,OTHER-CARBON_EU-020D,70.69191628
SP-017,OTHER-CARBON_EU-030D,70.88882970
SP-017,OTHER-CARBON_EU-060D,71.47956994
SP-017,OTHER-CARBON_EU-090D,72.07031019
SP-017,OTHER-CARBON_EU-120D,72.66105044
SP-017,OTHER-CARBON_EU-180D,73.84253093
SP-017,OTHER-CARBON_EU-360D,77.38697242
SP-017,OTHER-CARBON_UK-001D,72.64108869
SP-017,OTHER-CARBON_UK-005D,72.71981108
SP-017,OTHER-CARBON_UK-010D,72.81821407
SP-017,OTHER-CARBON_UK-020D,73.01502006
SP-017,OTHER-CARBON_UK-030D,73.21182604
SP-017,OTHER-CARBON_UK-060D,73.80224399
SP-017,OTHER-CARBON_UK-090D,74.39266194
SP-017,OTHER-CARBON_UK-120D,74.98307990
SP-017,OTHER-CARBON_UK-180D,76.16391580
SP-017,OTHER-CARBON_UK-360D,79.70642351
SP-017,OTHER-EQ_EM-001D,74.96184055
SP-017,OTHER-EQ_EM-005D,75.04052000
SP-017,OTHER-EQ_EM-010D,75.13886930
SP-017,OTHER-EQ_EM-020D,75.33556791
SP-017,OTHER-EQ_EM-030D,75.53226653
SP-017,OTHER-EQ_EM-060D,76.12236236
SP-017,OTHER-EQ_EM-090D,76.71245819
SP-017,OTHER-EQ_EM-120D,77.30255402
SP-017,OTHER-EQ_EM-180D,78.48274569
SP-017,OTHER-EQ_EM-360D,82.02332068
SP-017,OTHER-EQ_DM-001D,77.28003849
SP-017,OTHER-EQ_DM-005D,77.35867501
SP-017,OTHER-EQ_DM-010D,77.45697066
SP-017,OTHER-EQ_DM-020D,77.65356195
SP-017,OTHER-EQ_DM-030D,77.85015325
SP-017,OTHER-EQ_DM-060D,78.43992714
SP-017,OTHER-EQ_DM-090D,79.02970103
SP-017,OTHER-EQ_DM-120D,79.61947492
SP-017,OTHER-EQ_DM-180D,80.79902269
SP-017,OTHER-EQ_DM-360D,84.33766602
SP-017,OTHER-REIT_US-001D,79.81316915
SP-017,OTHER-REIT_US-005D,79.89197751
SP-017,OTHER-REIT_US-010D,79.99048797
SP-017,OTHER-REIT_US-020D,80.18750887
SP-017,OTHER-REIT_US-030D,80.38452978
SP-017,OTHER-REIT_US-060D,80.97559250
SP-017,OTHER-REIT_US-090D,81.56665522
SP-017,OTHER-REIT_US-120D,82.15771793
SP-017,OTHER-REIT_US-180D,83.33984337
SP-017,OTHER-REIT_US-360D,86.88621969
SP-017,OTHER-REIT_EU-001D,82.13258574
SP-017,OTHER-REIT_EU-005D,82.21135111
SP-017,OTHER-REIT_EU-010D,82.30980782
SP-017,OTHER-REIT_EU-020D,82.50672123
SP-017,OTHER-REIT_EU-030D,82.70363465
SP-017,OTHER-REIT_EU-060D,83.29437489
SP-017,OTHER-REIT_EU-090D,83.88511514
SP-017,OTHER-REIT_EU-120D,84.47585539
SP-017,OTHER-REIT_EU-180D,85.65733588
SP-017,OTHER-REIT_EU-360D,89.20177737
SP-017,OTHER-FREIGHT-001D,84.44944772
SP-017,OTHER-FREIGHT-005D,84.52817012
SP-017,OTHER-FREIGHT-010D,84.62657311
SP-017,OTHER-FREIGHT-020D,84.82337909
SP-017,OTHER-FREIGHT-030D,85.02018508
SP-017,OTHER-FREIGHT-060D,85.61060303
SP-017,OTHER-FREIGHT-090D,86.20102098
SP-017,OTHER-FREIGHT-120D,86.79143893
SP-017,OTHER-FREIGHT-180D,87.97227484
SP-017,OTHER-FREIGHT-360D,91.51478255
SP-017,OTHER-POWER_DE-001D,86.76375720
SP-017,OTHER-POWER_DE-005D,86.84243664
SP-017,OTHER-POWER_DE-010D,86.94078595
SP-017,OTHER-POWER_DE-020D,87.13748456
SP-017,OTHER-POWER_DE-030D,87.33418317
SP-017,OTHER-POWER_DE-060D,87.92427900
SP-017,OTHER-POWER_DE-090D,88.51437483
SP-017,OTHER-POWER_DE-120D,89.10447067
SP-017,OTHER-POWER_DE-180D,90.28466233
SP-017,OTHER-POWER_DE-360D,93.82523732
SP-017,OTHER-POWER_UK-001D,89.07551626
SP-017,OTHER-POWER_UK-005D,89.15415278
SP-017,OTHER-POWER_UK-010D,89.25244842
SP-017,OTHER-POWER_UK-020D,89.44903972
SP-017,OTHER-POWER_UK-030D,89.64563102
SP-017,OTHER-POWER_UK-060D,90.23540490
SP-017,OTHER-POWER_UK-090D,90.82517879
SP-017,OTHER-POWER_UK-120D,91.41495268
SP-017,OTHER-POWER_UK-180D,92.59450046
SP-017,OTHER-POWER_UK-360D,96.13314379
SP-019,RATE-USD-OIS-001M,0.00621999
SP-019,RATE-USD-OIS-002M,0.00626436
SP-019,RATE-USD-OIS-003M,0.00630014
SP-019,RATE-USD-OIS-005M,0.00636067
SP-019,RATE-USD-OIS-007M,0.00641299
SP-019,RATE-USD-OIS-010M,0.00648225
SP-019,RATE-USD-OIS-015M,0.00658228
SP-019,RATE-USD-OIS-020M,0.00666987
SP-019,RATE-USD-OIS-030M,0.00682179
SP-019,RATE-USD-OIS-060M,0.00717975
SP-019,RATE-USD-OIS-090M,0.00746332
SP-019,RATE-USD-OIS-120M,0.00770628
SP-019,RATE-USD-OIS-180M,0.00811944
SP-019,RATE-USD-OIS-240M,0.00847172
SP-019,RATE-USD-OIS-360M,0.00906834
SP-019,RATE-USD-GOVT-001M,0.00821780
SP-019,RATE-USD-GOVT-002M,0.00826217
SP-019,RATE-USD-GOVT-003M,0.00829795
SP-019,RATE-USD-GOVT-005M,0.00835848
SP-019,RATE-USD-GOVT-007M,0.00841080
SP-019,RATE-USD-GOVT-010M,0.00848006
SP-019,RATE-USD-GOVT-015M,0.00858009
SP-019,RATE-USD-GOVT-020M,0.00866769
SP-019,RATE-USD-GOVT-030M,0.00881960
SP-019,RATE-USD-GOVT-060M,0.00917757
SP-019,RATE-USD-GOVT-090M,0.00946114
SP-019,RATE-USD-GOVT-120M,0.00970409
SP-019,RATE-USD-GOVT-180M,0.01011725
SP-019,RATE-USD-GOVT-240M,0.01046953
SP-019,RATE-USD-GOVT-360M,0.01106615
SP-019,RATE-USD-SWAP-001M,0.01021561
SP-019,RATE-USD-SWAP-002M,0.01025998
SP-019,RATE-USD-SWAP-003M,0.01029577
SP-019,RATE-USD-SWAP-005M,0.01035629
SP-019,RATE-USD-SWAP-007M,0.01040861
SP-019,RATE-USD-SWAP-010M,0.01047787
SP-019,RATE-USD-SWAP-015M,0.01057790
SP-019,RATE-USD-SWAP-020M,0.01066550
SP-019,RATE-USD-SWAP-030M,0.01081741
SP-019,RATE-USD-SWAP-060M,0.01117538
SP-019,RATE-USD-SWAP-090M,0.01145895
SP-019,RATE-USD-SWAP-120M,0.01170190
SP-019,RATE-USD-SWAP-180M,0.01211506
SP-019,RATE-USD-SWAP-240M,0.01246734
SP-019,RATE-USD-SWAP-360M,0.01306396
SP-019,RATE-USD-INFLATION-001M,0.01221342
SP-019,RATE-USD-INFLATION-002M,0.01225779
SP-019,RATE-USD-INFLATION-003M,0.01229358
SP-019,RATE-USD-INFLATION-005M,0.01235411
SP-019,RATE-USD-INFLATION-007M,0.01240643
SP-019,RATE-USD-INFLATION-010M,0.01247569
SP-019,RATE-USD-INFLATION-015M,0.01257571
SP-019,RATE-USD-INFLATION-020M,0.01266331
SP-019,RATE-USD-INFLATION-030M,0.01281522
SP-019,RATE-USD-INFLATION-060M,0.01317319
SP-019,RATE-USD-INFLATION-090M,0.01345676
SP-019,RATE-USD-INFLATION-120M,0.01369971
SP-019,RATE-USD-INFLATION-180M,0.01411287
SP-019,RATE-USD-INFLATION-240M,0.01446515
SP-019,RATE-USD-INFLATION-360M,0.01506177
SP-019,RATE-EUR-OIS-001M,0.00771999
SP-019,RATE-EUR-OIS-002M,0.00776436
SP-019,RATE-EUR-OIS-003M,0.00780014
SP-019,RATE-EUR-OIS-005M,0.00786067
SP-019,RATE-EUR-OIS-007M,0.00791299
SP-019,RATE-EUR-OIS-010M,0.00798225
SP-019,RATE-EUR-OIS-015M,0.00808228
SP-019,RATE-EUR-OIS-020M,0.00816987
SP-019,RATE-EUR-OIS-030M,0.00832179
SP-019,RATE-EUR-OIS-060M,0.00867975
SP-019,RATE-EUR-OIS-090M,0.00896332
SP-019,RATE-EUR-OIS-120M,0.00920628
SP-019,RATE-EUR-OIS-180M,0.00961944
SP-019,RATE-EUR-OIS-240M,0.00997172
SP-019,RATE-EUR-OIS-360M,0.01056834
SP-019,RATE-EUR-GOVT-001M,0.00971780
SP-019,RATE-EUR-GOVT-002M,0.00976217
SP-019,RATE-EUR-GOVT-003M,0.00979795
SP-019,RATE-EUR-GOVT-005M,0.00985848
SP-019,RATE-EUR-GOVT-007M,0.00991080
SP-019,RATE-EUR-GOVT-010M,0.00998006
SP-019,RATE-EUR-GOVT-015M,0.01008009
SP-019,RATE-EUR-GOVT-020M,0.01016769
SP-019,RATE-EUR-GOVT-030M,0.01031960
SP-019,RATE-EUR-GOVT-060M,0.01067757
SP-019,RATE-EUR-GOVT-090M,0.01096114
SP-019,RATE-EUR-GOVT-120M,0.01120409
SP-019,RATE-EUR-GOVT-180M,0.01161725
SP-019,RATE-EUR-GOVT-240M,0.01196953
SP-019,RATE-EUR-GOVT-360M,0.01256615
SP-019,RATE-EUR-SWAP-001M,0.01171561
SP-019,RATE-EUR-SWAP-002M,0.01175998
SP-019,RATE-EUR-SWAP-003M,0.01179577
SP-019,RATE-EUR-SWAP-005M,0.01185629
SP-019,RATE-EUR-SWAP-007M,0.01190861
SP-019,RATE-EUR-SWAP-010M,0.01197787
SP-019,RATE-EUR-SWAP-015M,0.01207790
SP-019,RATE-EUR-SWAP-020M,0.01216550
SP-019,RATE-EUR-SWAP-030M,0.01231741
SP-019,RATE-EUR-SWAP-060M,0.01267538
SP-019,RATE-EUR-SWAP-090M,0.01295895
SP-019,RATE-EUR-SWAP-120M,0.01320190
SP-019,RATE-EUR-SWAP-180M,0.01361506
SP-019,RATE-EUR-SWAP-240M,0.01396734
SP-019,RATE-EUR-SWAP-360M,0.01456396
SP-019,RATE-EUR-INFLATION-001M,0.01371342
SP-019,RATE-EUR-INFLATION-002M,0.01375779
SP-019,RATE-EUR-INFLATION-003M,0.01379358
SP-019,RATE-EUR-INFLATION-005M,0.01385411
SP-019,RATE-EUR-INFLATION-007M,0.01390643
SP-019,RATE-EUR-INFLATION-010M,0.01397569
SP-019,RATE-EUR-INFLATION-015M,0.01407571
SP-019,RATE-EUR-INFLATION-020M,0.01416331
SP-019,RATE-EUR-INFLATION-030M,0.01431522
SP-019,RATE-EUR-INFLATION-060M,0.01467319
SP-019,RATE-EUR-INFLATION-090M,0.01495676
SP-019,RATE-EUR-INFLATION-120M,0.01519971
SP-019,RATE-EUR-INFLATION-180M,0.01561287
SP-019,RATE-EUR-INFLATION-240M,0.01596515
SP-019,RATE-EUR-INFLATION-360M,0.01656177
SP-019,RATE-GBP-OIS-001M,0.00921999
SP-019,RATE-GBP-OIS-002M,0.00926436
SP-019,RATE-GBP-OIS-003M,0.00930014
SP-019,RATE-GBP-OIS-005M,0.00936067
SP-019,RATE-GBP-OIS-007M,0.00941299
SP-019,RATE-GBP-OIS-010M,0.00948225
SP-019,RATE-GBP-OIS-015M,0.00958228
SP-019,RATE-GBP-OIS-020M,0.00966987
SP-019,RATE-GBP-OIS-030M,0.00982179
SP-019,RATE-GBP-OIS-060M,0.01017975
SP-019,RATE-GBP-OIS-090M,0.01046332
SP-019,RATE-GBP-OIS-120M,0.01070628
SP-019,RATE-GBP-OIS-180M,0.01111944
SP-019,RATE-GBP-OIS-240M,0.01147172
SP-019,RATE-GBP-OIS-360M,0.01206834
SP-019,RATE-GBP-GOVT-001M,0.01121780
SP-019,RATE-GBP-GOVT-002M,0.01126217
SP-019,RATE-GBP-GOVT-003M,0.01129795
SP-019,RATE-GBP-GOVT-005M,0.01135848
SP-019,RATE-GBP-GOVT-007M,0.01141080
SP-019,RATE-GBP-GOVT-010M,0.01148006
SP-019,RATE-GBP-GOVT-015M,0.01158009
SP-019,RATE-GBP-GOVT-020M,0.01166769
SP-019,RATE-GBP-GOVT-030M,0.01181960
SP-019,RATE-GBP-GOVT-060M,0.01217757
SP-019,RATE-GBP-GOVT-090M,0.01246114
SP-019,RATE-GBP-GOVT-120M,0.01270409
SP-019,RATE-GBP-GOVT-180M,0.01311725
SP-019,RATE-GBP-GOVT-240M,0.01346953
SP-019,RATE-GBP-GOVT-360M,0.01406615
SP-019,RATE-GBP-SWAP-001M,0.01321561
SP-019,RATE-GBP-SWAP-002M,0.01325998
SP-019,RATE-GBP-SWAP-003M,0.01329577
SP-019,RATE-GBP-SWAP-005M,0.01335629
SP-019,RATE-GBP-SWAP-007M,0.01340861
SP-019,RATE-GBP-SWAP-010M,0.01347787
SP-019,RATE-GBP-SWAP-015M,0.01357790
SP-019,RATE-GBP-SWAP-020M,0.01366550
SP-019,RATE-GBP-SWAP-030M,0.01381741
SP-019,RATE-GBP-SWAP-060M,0.01417538
SP-019,RATE-GBP-SWAP-090M,0.01445895
SP-019,RATE-GBP-SWAP-120M,0.01470190
SP-019,RATE-GBP-SWAP-180M,0.01511506
SP-019,RATE-GBP-SWAP-240M,0.01546734
SP-019,RATE-GBP-SWAP-360M,0.01606396
SP-019,RATE-GBP-INFLATION-001M,0.01521342
SP-019,RATE-GBP-INFLATION-002M,0.01525779
SP-019,RATE-GBP-INFLATION-003M,0.01529358
SP-019,RATE-GBP-INFLATION-005M,0.01535411
SP-019,RATE-GBP-INFLATION-007M,0.01540643
SP-019,RATE-GBP-INFLATION-010M,0.01547569
SP-019,RATE-GBP-INFLATION-015M,0.01557571
SP-019,RATE-GBP-INFLATION-020M,0.01566331
SP-019,RATE-GBP-INFLATION-030M,0.01581522
SP-019,RATE-GBP-INFLATION-060M,0.01617319
SP-019,RATE-GBP-INFLATION-090M,0.01645676
SP-019,RATE-GBP-INFLATION-120M,0.01669971
SP-019,RATE-GBP-INFLATION-180M,0.01711287
SP-019,RATE-GBP-INFLATION-240M,0.01746515
SP-019,RATE-GBP-INFLATION-360M,0.01806177
SP-019,RATE-JPY-OIS-001M,0.01071999
SP-019,RATE-JPY-OIS-002M,0.01076436
SP-019,RATE-JPY-OIS-003M,0.01080014
SP-019,RATE-JPY-OIS-005M,0.01086067
SP-019,RATE-JPY-OIS-007M,0.01091299
SP-019,RATE-JPY-OIS-010M,0.01098225
SP-019,RATE-JPY-OIS-015M,0.01108228
SP-019,RATE-JPY-OIS-020M,0.01116987
SP-019,RATE-JPY-OIS-030M,0.01132179
SP-019,RATE-JPY-OIS-060M,0.01167975
SP-019,RATE-JPY-OIS-090M,0.01196332
SP-019,RATE-JPY-OIS-120M,0.01220628
SP-019,RATE-JPY-OIS-180M,0.01261944
SP-019,RATE-JPY-OIS-240M,0.01297172
SP-019,RATE-JPY-OIS-360M,0.01356834
SP-019,RATE-JPY-GOVT-001M,0.01271780
SP-019,RATE-JPY-GOVT-002M,0.01276217
SP-019,RATE-JPY-GOVT-003M,0.01279795
SP-019,RATE-JPY-GOVT-005M,0.01285848
SP-019,RATE-JPY-GOVT-007M,0.01291080
SP-019,RATE-JPY-GOVT-010M,0.01298006
SP-019,RATE-JPY-GOVT-015M,0.01308009
SP-019,RATE-JPY-GOVT-020M,0.01316769
SP-019,RATE-JPY-GOVT-030M,0.01331960
SP-019,RATE-JPY-GOVT-060M,0.01367757
SP-019,RATE-JPY-GOVT-090M,0.01396114
SP-019,RATE-JPY-GOVT-120M,0.01420409
SP-019,RATE-JPY-GOVT-180M,0.01461725
SP-019,RATE-JPY-GOVT-240M,0.01496953
SP-019,RATE-JPY-GOVT-360M,0.01556615
SP-019,RATE-JPY-SWAP-001M,0.01471561
SP-019,RATE-JPY-SWAP-002M,0.01475998
SP-019,RATE-JPY-SWAP-003M,0.01479577
SP-019,RATE-JPY-SWAP-005M,0.01485629
SP-019,RATE-JPY-SWAP-007M,0.01490861
SP-019,RATE-JPY-SWAP-010M,0.01497787
SP-019,RATE-JPY-SWAP-015M,0.01507790
SP-019,RATE-JPY-SWAP-020M,0.01516550
SP-019,RATE-JPY-SWAP-030M,0.01531741
SP-019,RATE-JPY-SWAP-060M,0.01567538
SP-019,RATE-JPY-SWAP-090M,0.01595895
SP-019,RATE-JPY-SWAP-120M,0.01620190
SP-019,RATE-JPY-SWAP-180M,0.01661506
SP-019,RATE-JPY-SWAP-240M,0.01696734
SP-019,RATE-JPY-SWAP-360M,0.01756396
SP-019,RATE-JPY-INFLATION-001M,0.01671342
SP-019,RATE-JPY-INFLATION-002M,0.01675779
SP-019,RATE-JPY-INFLATION-003M,0.01679358
SP-019,RATE-JPY-INFLATION-005M,0.01685411
SP-019,RATE-JPY-INFLATION-007M,0.01690643
SP-019,RATE-JPY-INFLATION-010M,0.01697569
SP-019,RATE-JPY-INFLATION-015M,0.01707571
SP-019,RATE-JPY-INFLATION-020M,0.01716331
SP-019,RATE-JPY-INFLATION-030M,0.01731522
SP-019,RATE-JPY-INFLATION-060M,0.01767319
SP-019,RATE-JPY-INFLATION-090M,0.01795676
SP-019,RATE-JPY-INFLATION-120M,0.01819971
SP-019,RATE-JPY-INFLATION-180M,0.01861287
SP-019,RATE-JPY-INFLATION-240M,0.01896515
SP-019,RATE-JPY-INFLATION-360M,0.01956177
SP-019,RATE-CHF-OIS-001M,0.01221999
SP-019,RATE-CHF-OIS-002M,0.01226436
SP-019,RATE-CHF-OIS-003M,0.01230014
SP-019,RATE-CHF-OIS-005M,0.01236067
SP-019,RATE-CHF-OIS-007M,0.01241299
SP-019,RATE-CHF-OIS-010M,0.01248225
SP-019,RATE-CHF-OIS-015M,0.01258228
SP-019,RATE-CHF-OIS-020M,0.01266987
SP-019,RATE-CHF-OIS-030M,0.01282179
SP-019,RATE-CHF-OIS-060M,0.01317975
SP-019,RATE-CHF-OIS-090M,0.01346332
SP-019,RATE-CHF-OIS-120M,0.01370628
SP-019,RATE-CHF-OIS-180M,0.01411944
SP-019,RATE-CHF-OIS-240M,0.01447172
SP-019,RATE-CHF-OIS-360M,0.01506834
SP-019,RATE-CHF-GOVT-001M,0.01421780
SP-019,RATE-CHF-GOVT-002M,0.01426217
SP-019,RATE-CHF-GOVT-003M,0.01429795
SP-019,RATE-CHF-GOVT-005M,0.01435848
SP-019,RATE-CHF-GOVT-007M,0.01441080
SP-019,RATE-CHF-GOVT-010M,0.01448006
SP-019,RATE-CHF-GOVT-015M,0.01458009
SP-019,RATE-CHF-GOVT-020M,0.01466769
SP-019,RATE-CHF-GOVT-030M,0.01481960
SP-019,RATE-CHF-GOVT-060M,0.01517757
SP-019,RATE-CHF-GOVT-090M,0.01546114
SP-019,RATE-CHF-GOVT-120M,0.01570409
SP-019,RATE-CHF-GOVT-180M,0.01611725
SP-019,RATE-CHF-GOVT-240M,0.01646953
SP-019,RATE-CHF-GOVT-360M,0.01706615
SP-019,RATE-CHF-SWAP-001M,0.01621561
SP-019,RATE-CHF-SWAP-002M,0.01625998
SP-019,RATE-CHF-SWAP-003M,0.01629577
SP-019,RATE-CHF-SWAP-005M,0.01635629
SP-019,RATE-CHF-SWAP-007M,0.01640861
SP-019,RATE-CHF-SWAP-010M,0.01647787
SP-019,RATE-CHF-SWAP-015M,0.01657790
SP-019,RATE-CHF-SWAP-020M,0.01666550
SP-019,RATE-CHF-SWAP-030M,0.01681741
SP-019,RATE-CHF-SWAP-060M,0.01717538
SP-019,RATE-CHF-SWAP-090M,0.01745895
SP-019,RATE-CHF-SWAP-120M,0.01770190
SP-019,RATE-CHF-SWAP-180M,0.01811506
SP-019,RATE-CHF-SWAP-240M,0.01846734
SP-019,RATE-CHF-SWAP-360M,0.01906396
SP-019,RATE-CHF-INFLATION-001M,0.01821342
SP-019,RATE-CHF-INFLATION-002M,0.01825779
SP-019,RATE-CHF-INFLATION-003M,0.01829358
SP-019,RATE-CHF-INFLATION-005M,0.01835411
SP-019,RATE-CHF-INFLATION-007M,0.01840643
SP-019,RATE-CHF-INFLATION-010M,0.01847569
SP-019,RATE-CHF-INFLATION-015M,0.01857571
SP-019,RATE-CHF-INFLATION-020M,0.01866331
SP-019,RATE-CHF-INFLATION-030M,0.01881522
SP-019,RATE-CHF-INFLATION-060M,0.01917319
SP-019,RATE-CHF-INFLATION-090M,0.01945676
SP-019,RATE-CHF-INFLATION-120M,0.01969971
SP-019,RATE-CHF-INFLATION-180M,0.02011287
SP-019,RATE-CHF-INFLATION-240M,0.02046515
SP-019,RATE-CHF-INFLATION-360M,0.02106177
SP-019,RATE-CAD-OIS-001M,0.01371999
SP-019,RATE-CAD-OIS-002M,0.01376436
SP-019,RATE-CAD-OIS-003M,0.01380014
SP-019,RATE-CAD-OIS-005M,0.01386067
SP-019,RATE-CAD-OIS-007M,0.01391299
SP-019,RATE-CAD-OIS-010M,0.01398225
SP-019,RATE-CAD-OIS-015M,0.01408228
SP-019,RATE-CAD-OIS-020M,0.01416987
SP-019,RATE-CAD-OIS-030M,0.01432179
SP-019,RATE-CAD-OIS-060M,0.01467975
SP-019,RATE-CAD-OIS-090M,0.01496332
SP-019,RATE-CAD-OIS-120M,0.01520628
SP-019,RATE-CAD-OIS-180M,0.01561944
SP-019,RATE-CAD-OIS-240M,0.01597172
SP-019,RATE-CAD-OIS-360M,0.01656834
SP-019,RATE-CAD-GOVT-001M,0.01571780
SP-019,RATE-CAD-GOVT-002M,0.01576217
SP-019,RATE-CAD-GOVT-003M,0.01579795
SP-019,RATE-CAD-GOVT-005M,0.01585848
SP-019,RATE-CAD-GOVT-007M,0.01591080
SP-019,RATE-CAD-GOVT-010M,0.01598006
SP-019,RATE-CAD-GOVT-015M,0.01608009
SP-019,RATE-CAD-GOVT-020M,0.01616769
SP-019,RATE-CAD-GOVT-030M,0.01631960
SP-019,RATE-CAD-GOVT-060M,0.01667757
SP-019,RATE-CAD-GOVT-090M,0.01696114
SP-019,RATE-CAD-GOVT-120M,0.01720409
SP-019,RATE-CAD-GOVT-180M,0.01761725
SP-019,RATE-CAD-GOVT-240M,0.01796953
SP-019,RATE-CAD-GOVT-360M,0.01856615
SP-019,RATE-CAD-SWAP-001M,0.01771561
SP-019,RATE-CAD-SWAP-002M,0.01775998
SP-019,RATE-CAD-SWAP-003M,0.01779577
SP-019,RATE-CAD-SWAP-005M,0.01785629
SP-019,RATE-CAD-SWAP-007M,0.01790861
SP-019,RATE-CAD-SWAP-010M,0.01797787
SP-019,RATE-CAD-SWAP-015M,0.01807790
SP-019,RATE-CAD-SWAP-020M,0.01816550
SP-019,RATE-CAD-SWAP-030M,0.01831741
SP-019,RATE-CAD-SWAP-060M,0.01867538
SP-019,RATE-CAD-SWAP-090M,0.01895895
SP-019,RATE-CAD-SWAP-120M,0.01920190
SP-019,RATE-CAD-SWAP-180M,0.01961506
SP-019,RATE-CAD-SWAP-240M,0.01996734
SP-019,RATE-CAD-SWAP-360M,0.02056396
SP-019,RATE-CAD-INFLATION-001M,0.01971342
SP-019,RATE-CAD-INFLATION-002M,0.01975779
SP-019,RATE-CAD-INFLATION-003M,0.01979358
SP-019,RATE-CAD-INFLATION-005M,0.01985411
SP-019,RATE-CAD-INFLATION-007M,0.01990643
SP-019,RATE-CAD-INFLATION-010M,0.01997569
SP-019,RATE-CAD-INFLATION-015M,0.02007571
SP-019,RATE-CAD-INFLATION-020M,0.02016331
SP-019,RATE-CAD-INFLATION-030M,0.02031522
SP-019,RATE-CAD-INFLATION-060M,0.02067319
SP-019,RATE-CAD-INFLATION-090M,0.02095676
SP-019,RATE-CAD-INFLATION-120M,0.02119971
SP-019,RATE-CAD-INFLATION-180M,0.02161287
SP-019,RATE-CAD-INFLATION-240M,0.02196515
SP-019,RATE-CAD-INFLATION-360M,0.02256177
SP-019,RATE-AUD-OIS-001M,0.01521999
SP-019,RATE-AUD-OIS-002M,0.01526436
SP-019,RATE-AUD-OIS-003M,0.01530014
SP-019,RATE-AUD-OIS-005M,0.01536067
SP-019,RATE-AUD-OIS-007M,0.01541299
SP-019,RATE-AUD-OIS-010M,0.01548225
SP-019,RATE-AUD-OIS-015M,0.01558228
SP-019,RATE-AUD-OIS-020M,0.01566987
SP-019,RATE-AUD-OIS-030M,0.01582179
SP-019,RATE-AUD-OIS-060M,0.01617975
SP-019,RATE-AUD-OIS-090M,0.01646332
SP-019,RATE-AUD-OIS-120M,0.01670628
SP-019,RATE-AUD-OIS-180M,0.01711944
SP-019,RATE-AUD-OIS-240M,0.01747172
SP-019,RATE-AUD-OIS-360M,0.01806834
SP-019,RATE-AUD-GOVT-001M,0.01721780
SP-019,RATE-AUD-GOVT-002M,0.01726217
SP-019,RATE-AUD-GOVT-003M,0.01729795
SP-019,RATE-AUD-GOVT-005M,0.01735848
SP-019,RATE-AUD-GOVT-007M,0.01741080
SP-019,RATE-AUD-GOVT-010M,0.01748006
SP-019,RATE-AUD-GOVT-015M,0.01758009
SP-019,RATE-AUD-GOVT-020M,0.01766769
SP-019,RATE-AUD-GOVT-030M,0.01781960
SP-019,RATE-AUD-GOVT-060M,0.01817757
SP-019,RATE-AUD-GOVT-090M,0.01846114
SP-019,RATE-AUD-GOVT-120M,0.01870409
SP-019,RATE-AUD-GOVT-180M,0.01911725
SP-019,RATE-AUD-GOVT-240M,0.01946953
SP-019,RATE-AUD-GOVT-360M,0.02006615
SP-019,RATE-AUD-SWAP-001M,0.01921561
SP-019,RATE-AUD-SWAP-002M,0.01925998
SP-019,RATE-AUD-SWAP-003M,0.01929577
SP-019,RATE-AUD-SWAP-005M,0.01935629
SP-019,RATE-AUD-SWAP-007M,0.01940861
SP-019,RATE-AUD-SWAP-010M,0.01947787
SP-019,RATE-AUD-SWAP-015M,0.01957790
SP-019,RATE-AUD-SWAP-020M,0.01966550
SP-019,RATE-AUD-SWAP-030M,0.01981741
SP-019,RATE-AUD-SWAP-060M,0.02017538
SP-019,RATE-AUD-SWAP-090M,0.02045895
SP-019,RATE-AUD-SWAP-120M,0.02070190
SP-019,RATE-AUD-SWAP-180M,0.02111506
SP-019,RATE-AUD-SWAP-240M,0.02146734
SP-019,RATE-AUD-SWAP-360M,0.02206396
SP-019,RATE-AUD-INFLATION-001M,0.02121342
SP-019,RATE-AUD-INFLATION-002M,0.02125779
SP-019,RATE-AUD-INFLATION-003M,0.02129358
SP-019,RATE-AUD-INFLATION-005M,0.02135411
SP-019,RATE-AUD-INFLATION-007M,0.02140643
SP-019,RATE-AUD-INFLATION-010M,0.02147569
SP-019,RATE-AUD-INFLATION-015M,0.02157571
SP-019,RATE-AUD-INFLATION-020M,0.02166331
SP-019,RATE-AUD-INFLATION-030M,0.02181522
SP-019,RATE-AUD-INFLATION-060M,0.02217319
SP-019,RATE-AUD-INFLATION-090M,0.02245676
SP-019,RATE-AUD-INFLATION-120M,0.02269971
SP-019,RATE-AUD-INFLATION-180M,0.02311287
SP-019,RATE-AUD-INFLATION-240M,0.02346515
SP-019,RATE-AUD-INFLATION-360M,0.02406177
SP-019,RATE-NZD-OIS-001M,0.01671999
SP-019,RATE-NZD-OIS-002M,0.01676436
SP-019,RATE-NZD-OIS-003M,0.01680014
SP-019,RATE-NZD-OIS-005M,0.01686067
SP-019,RATE-NZD-OIS-007M,0.01691299
SP-019,RATE-NZD-OIS-010M,0.01698225
SP-019,RATE-NZD-OIS-015M,0.01708228
SP-019,RATE-NZD-OIS-020M,0.01716987
SP-019,RATE-NZD-OIS-030M,0.01732179
SP-019,RATE-NZD-OIS-060M,0.01767975
SP-019,RATE-NZD-OIS-090M,0.01796332
SP-019,RATE-NZD-OIS-120M,0.01820628
SP-019,RATE-NZD-OIS-180M,0.01861944
SP-019,RATE-NZD-OIS-240M,0.01897172
SP-019,RATE-NZD-OIS-360M,0.01956834
SP-019,RATE-NZD-GOVT-001M,0.01871780
SP-019,RATE-NZD-GOVT-002M,0.01876217
SP-019,RATE-NZD-GOVT-003M,0.01879795
SP-019,RATE-NZD-GOVT-005M,0.01885848
SP-019,RATE-NZD-GOVT-007M,0.01891080
SP-019,RATE-NZD-GOVT-010M,0.01898006
SP-019,RATE-NZD-GOVT-015M,0.01908009
SP-019,RATE-NZD-GOVT-020M,0.01916769
SP-019,RATE-NZD-GOVT-030M,0.01931960
SP-019,RATE-NZD-GOVT-060M,0.01967757
SP-019,RATE-NZD-GOVT-090M,0.01996114
SP-019,RATE-NZD-GOVT-120M,0.02020409
SP-019,RATE-NZD-GOVT-180M,0.02061725
SP-019,RATE-NZD-GOVT-240M,0.02096953
SP-019,RATE-NZD-GOVT-360M,0.02156615
SP-019,RATE-NZD-SWAP-001M,0.02071561
SP-019,RATE-NZD-SWAP-002M,0.02075998
SP-019,RATE-NZD-SWAP-003M,0.02079577
SP-019,RATE-NZD-SWAP-005M,0.02085629
SP-019,RATE-NZD-SWAP-007M,0.02090861
SP-019,RATE-NZD-SWAP-010M,0.02097787
SP-019,RATE-NZD-SWAP-015M,0.02107790
SP-019,RATE-NZD-SWAP-020M,0.02116550
SP-019,RATE-NZD-SWAP-030M,0.02131741
SP-019,RATE-NZD-SWAP-060M,0.02167538
SP-019,RATE-NZD-SWAP-090M,0.02195895
SP-019,RATE-NZD-SWAP-120M,0.02220190
SP-019,RATE-NZD-SWAP-180M,0.02261506
SP-019,RATE-NZD-SWAP-240M,0.02296734
SP-019,RATE-NZD-SWAP-360M,0.02356396
SP-019,RATE-NZD-INFLATION-001M,0.02271342
SP-019,RATE-NZD-INFLATION-002M,0.02275779
SP-019,RATE-NZD-INFLATION-003M,0.02279358
SP-019,RATE-NZD-INFLATION-005M,0.02285411
SP-019,RATE-NZD-INFLATION-007M,0.02290643
SP-019,RATE-NZD-INFLATION-010M,0.02297569
SP-019,RATE-NZD-INFLATION-015M,0.02307571
SP-019,RATE-NZD-INFLATION-020M,0.02316331
SP-019,RATE-NZD-INFLATION-030M,0.02331522
SP-019,RATE-NZD-INFLATION-060M,0.02367319
SP-019,RATE-NZD-INFLATION-090M,0.02395676
SP-019,RATE-NZD-INFLATION-120M,0.02419971
SP-019,RATE-NZD-INFLATION-180M,0.02461287
SP-019,RATE-NZD-INFLATION-240M,0.02496515
SP-019,RATE-NZD-INFLATION-360M,0.02556177
SP-019,RATE-SEK-OIS-001M,0.01821999
SP-019,RATE-SEK-OIS-002M,0.01826436
SP-019,RATE-SEK-OIS-003M,0.01830014
SP-019,RATE-SEK-OIS-005M,0.01836067
SP-019,RATE-SEK-OIS-007M,0.01841299
SP-019,RATE-SEK-OIS-010M,0.01848225
SP-019,RATE-SEK-OIS-015M,0.01858228
SP-019,RATE-SEK-OIS-020M,0.01866987
SP-019,RATE-SEK-OIS-030M,0.01882179
SP-019,RATE-SEK-OIS-060M,0.01917975
SP-019,RATE-SEK-OIS-090M,0.01946332
SP-019,RATE-SEK-OIS-120M,0.01970628
SP-019,RATE-SEK-OIS-180M,0.02011944
SP-019,RATE-SEK-OIS-240M,0.02047172
SP-019,RATE-SEK-OIS-360M,0.02106834
SP-019,RATE-SEK-GOVT-001M,0.02021780
SP-019,RATE-SEK-GOVT-002M,0.02026217
SP-019,RATE-SEK-GOVT-003M,0.02029795
SP-019,RATE-SEK-GOVT-005M,0.02035848
SP-019,RATE-SEK-GOVT-007M,0.02041080
SP-019,RATE-SEK-GOVT-010M,0.02048006
SP-019,RATE-SEK-GOVT-015M,0.02058009
SP-019,RATE-SEK-GOVT-020M,0.02066769
SP-019,RATE-SEK-GOVT-030M,0.02081960
SP-019,RATE-SEK-GOVT-060M,0.02117757
SP-019,RATE-SEK-GOVT-090M,0.02146114
SP-019,RATE-SEK-GOVT-120M,0.02170409
SP-019,RATE-SEK-GOVT-180M,0.02211725
SP-019,RATE-SEK-GOVT-240M,0.02246953
SP-019,RATE-SEK-GOVT-360M,0.02306615
SP-019,RATE-SEK-SWAP-001M,0.02221561
SP-019,RATE-SEK-SWAP-002M,0.02225998
SP-019,RATE-SEK-SWAP-003M,0.02229577
SP-019,RATE-SEK-SWAP-005M,0.02235629
SP-019,RATE-SEK-SWAP-007M,0.02240861
SP-019,RATE-SEK-SWAP-010M,0.02247787
SP-019,RATE-SEK-SWAP-015M,0.02257790
SP-019,RATE-SEK-SWAP-020M,0.02266550
SP-019,RATE-SEK-SWAP-030M,0.02281741
SP-019,RATE-SEK-SWAP-060M,0.02317538
SP-019,RATE-SEK-SWAP-090M,0.02345895
SP-019,RATE-SEK-SWAP-120M,0.02370190
SP-019,RATE-SEK-SWAP-180M,0.02411506
SP-019,RATE-SEK-SWAP-240M,0.02446734
SP-019,RATE-SEK-SWAP-360M,0.02506396
SP-019,RATE-SEK-INFLATION-001M,0.02421342
SP-019,RATE-SEK-INFLATION-002M,0.02425779
SP-019,RATE-SEK-INFLATION-003M,0.02429358
SP-019,RATE-SEK-INFLATION-005M,0.02435411
SP-019,RATE-SEK-INFLATION-007M,0.02440643
SP-019,RATE-SEK-INFLATION-010M,0.02447569
SP-019,RATE-SEK-INFLATION-015M,0.02457571
SP-019,RATE-SEK-INFLATION-020M,0.02466331
SP-019,RATE-SEK-INFLATION-030M,0.02481522
SP-019,RATE-SEK-INFLATION-060M,0.02517319
SP-019,RATE-SEK-INFLATION-090M,0.02545676
SP-019,RATE-SEK-INFLATION-120M,0.02569971
SP-019,RATE-SEK-INFLATION-180M,0.02611287
SP-019,RATE-SEK-INFLATION-240M,0.02646515
SP-019,RATE-SEK-INFLATION-360M,0.02706177
SP-019,RATE-NOK-OIS-001M,0.01971999
SP-019,RATE-NOK-OIS-002M,0.01976436
SP-019,RATE-NOK-OIS-003M,0.01980014
SP-019,RATE-NOK-OIS-005M,0.01986067
SP-019,RATE-NOK-OIS-007M,0.01991299
SP-019,RATE-NOK-OIS-010M,0.01998225
SP-019,RATE-NOK-OIS-015M,0.02008228
SP-019,RATE-NOK-OIS-020M,0.02016987
SP-019,RATE-NOK-OIS-030M,0.02032179
SP-019,RATE-NOK-OIS-060M,0.02067975
SP-019,RATE-NOK-OIS-090M,0.02096332
SP-019,RATE-NOK-OIS-120M,0.02120628
SP-019,RATE-NOK-OIS-180M,0.02161944
SP-019,RATE-NOK-OIS-240M,0.02197172
SP-019,RATE-NOK-OIS-360M,0.02256834
SP-019,RATE-NOK-GOVT-001M,0.02171780
SP-019,RATE-NOK-GOVT-002M,0.02176217
SP-019,RATE-NOK-GOVT-003M,0.02179795
SP-019,RATE-NOK-GOVT-005M,0.02185848
SP-019,RATE-NOK-GOVT-007M,0.02191080
SP-019,RATE-NOK-GOVT-010M,0.02198006
SP-019,RATE-NOK-GOVT-015M,0.02208009
SP-019,RATE-NOK-GOVT-020M,0.02216769
SP-019,RATE-NOK-GOVT-030M,0.02231960
SP-019,RATE-NOK-GOVT-060M,0.02267757
SP-019,RATE-NOK-GOVT-090M,0.02296114
SP-019,RATE-NOK-GOVT-120M,0.02320409
SP-019,RATE-NOK-GOVT-180M,0.02361725
SP-019,RATE-NOK-GOVT-240M,0.02396953
SP-019,RATE-NOK-GOVT-360M,0.02456615
SP-019,RATE-NOK-SWAP-001M,0.02371561
SP-019,RATE-NOK-SWAP-002M,0.02375998
SP-019,RATE-NOK-SWAP-003M,0.02379577
SP-019,RATE-NOK-SWAP-005M,0.02385629
SP-019,RATE-NOK-SWAP-007M,0.02390861
SP-019,RATE-NOK-SWAP-010M,0.02397787
SP-019,RATE-NOK-SWAP-015M,0.02407790
SP-019,RATE-NOK-SWAP-020M,0.02416550
SP-019,RATE-NOK-SWAP-030M,0.02431741
SP-019,RATE-NOK-SWAP-060M,0.02467538
SP-019,RATE-NOK-SWAP-090M,0.02495895
SP-019,RATE-NOK-SWAP-120M,0.02520190
SP-019,RATE-NOK-SWAP-180M,0.02561506
SP-019,RATE-NOK-SWAP-240M,0.02596734
SP-019,RATE-NOK-SWAP-360M,0.02656396
SP-019,RATE-NOK-INFLATION-001M,0.02571342
SP-019,RATE-NOK-INFLATION-002M,0.02575779
SP-019,RATE-NOK-INFLATION-003M,0.02579358
SP-019,RATE-NOK-INFLATION-005M,0.02585411
SP-019,RATE-NOK-INFLATION-007M,0.02590643
SP-019,RATE-NOK-INFLATION-010M,0.02597569
SP-019,RATE-NOK-INFLATION-015M,0.02607571
SP-019,RATE-NOK-INFLATION-020M,0.02616331
SP-019,RATE-NOK-INFLATION-030M,0.02631522
SP-019,RATE-NOK-INFLATION-060M,0.02667319
SP-019,RATE-NOK-INFLATION-090M,0.02695676
SP-019,RATE-NOK-INFLATION-120M,0.02719971
SP-019,RATE-NOK-INFLATION-180M,0.02761287
SP-019,RATE-NOK-INFLATION-240M,0.02796515
SP-019,RATE-NOK-INFLATION-360M,0.02856177
SP-019,RATE-DKK-OIS-001M,0.02121999
SP-019,RATE-DKK-OIS-002M,0.02126436
SP-019,RATE-DKK-OIS-003M,0.02130014
SP-019,RATE-DKK-OIS-005M,0.02136067
SP-019,RATE-DKK-OIS-007M,0.02141299
SP-019,RATE-DKK-OIS-010M,0.02148225
SP-019,RATE-DKK-OIS-015M,0.02158228
SP-019,RATE-DKK-OIS-020M,0.02166987
SP-019,RATE-DKK-OIS-030M,0.02182179
SP-019,RATE-DKK-OIS-060M,0.02217975
SP-019,RATE-DKK-OIS-090M,0.02246332
SP-019,RATE-DKK-OIS-120M,0.02270628
SP-019,RATE-DKK-OIS-180M,0.02311944
SP-019,RATE-DKK-OIS-240M,0.02347172
SP-019,RATE-DKK-OIS-360M,0.02406834
SP-019,RATE-DKK-GOVT-001M,0.02321780
SP-019,RATE-DKK-GOVT-002M,0.02326217
SP-019,RATE-DKK-GOVT-003M,0.02329795
SP-019,RATE-DKK-GOVT-005M,0.02335848
SP-019,RATE-DKK-GOVT-007M,0.02341080
SP-019,RATE-DKK-GOVT-010M,0.02348006
SP-019,RATE-DKK-GOVT-015M,0.02358009
SP-019,RATE-DKK-GOVT-020M,0.02366769
SP-019,RATE-DKK-GOVT-030M,0.02381960
SP-019,RATE-DKK-GOVT-060M,0.02417757
SP-019,RATE-DKK-GOVT-090M,0.02446114
SP-019,RATE-DKK-GOVT-120M,0.02470409
SP-019,RATE-DKK-GOVT-180M,0.02511725
SP-019,RATE-DKK-GOVT-240M,0.02546953
SP-019,RATE-DKK-GOVT-360M,0.02606615
SP-019,RATE-DKK-SWAP-001M,0.02521561
SP-019,RATE-DKK-SWAP-002M,0.02525998
SP-019,RATE-DKK-SWAP-003M,0.02529577
SP-019,RATE-DKK-SWAP-005M,0.02535629
SP-019,RATE-DKK-SWAP-007M,0.02540861
SP-019,RATE-DKK-SWAP-010M,0.02547787
SP-019,RATE-DKK-SWAP-015M,0.02557790
SP-019,RATE-DKK-SWAP-020M,0.02566550
SP-019,RATE-DKK-SWAP-030M,0.02581741
SP-019,RATE-DKK-SWAP-060M,0.02617538
SP-019,RATE-DKK-SWAP-090M,0.02645895
SP-019,RATE-DKK-SWAP-120M,0.02670190
SP-019,RATE-DKK-SWAP-180M,0.02711506
SP-019,RATE-DKK-SWAP-240M,0.02746734
SP-019,RATE-DKK-SWAP-360M,0.02806396
SP-019,RATE-DKK-INFLATION-001M,0.02721342
SP-019,RATE-DKK-INFLATION-002M,0.02725779
SP-019,RATE-DKK-INFLATION-003M,0.02729358
SP-019,RATE-DKK-INFLATION-005M,0.02735411
SP-019,RATE-DKK-INFLATION-007M,0.02740643
SP-019,RATE-DKK-INFLATION-010M,0.02747569
SP-019,RATE-DKK-INFLATION-015M,0.02757571
SP-019,RATE-DKK-INFLATION-020M,0.02766331
SP-019,RATE-DKK-INFLATION-030M,0.02781522
SP-019,RATE-DKK-INFLATION-060M,0.02817319
SP-019,RATE-DKK-INFLATION-090M,0.02845676
SP-019,RATE-DKK-INFLATION-120M,0.02869971
SP-019,RATE-DKK-INFLATION-180M,0.02911287
SP-019,RATE-DKK-INFLATION-240M,0.02946515
SP-019,RATE-DKK-INFLATION-360M,0.03006177
SP-019,RATE-PLN-OIS-001M,0.02271999
SP-019,RATE-PLN-OIS-002M,0.02276436
SP-019,RATE-PLN-OIS-003M,0.02280014
SP-019,RATE-PLN-OIS-005M,0.02286067
SP-019,RATE-PLN-OIS-007M,0.02291299
SP-019,RATE-PLN-OIS-010M,0.02298225
SP-019,RATE-PLN-OIS-015M,0.02308228
SP-019,RATE-PLN-OIS-020M,0.02316987
SP-019,RATE-PLN-OIS-030M,0.02332179
SP-019,RATE-PLN-OIS-060M,0.02367975
SP-019,RATE-PLN-OIS-090M,0.02396332
SP-019,RATE-PLN-OIS-120M,0.02420628
SP-019,RATE-PLN-OIS-180M,0.02461944
SP-019,RATE-PLN-OIS-240M,0.02497172
SP-019,RATE-PLN-OIS-360M,0.02556834
SP-019,RATE-PLN-GOVT-001M,0.02471780
SP-019,RATE-PLN-GOVT-002M,0.02476217
SP-019,RATE-PLN-GOVT-003M,0.02479795
SP-019,RATE-PLN-GOVT-005M,0.02485848
SP-019,RATE-PLN-GOVT-007M,0.02491080
SP-019,RATE-PLN-GOVT-010M,0.02498006
SP-019,RATE-PLN-GOVT-015M,0.02508009
SP-019,RATE-PLN-GOVT-020M,0.02516769
SP-019,RATE-PLN-GOVT-030M,0.02531960
SP-019,RATE-PLN-GOVT-060M,0.02567757
SP-019,RATE-PLN-GOVT-090M,0.02596114
SP-019,RATE-PLN-GOVT-120M,0.02620409
SP-019,RATE-PLN-GOVT-180M,0.02661725
SP-019,RATE-PLN-GOVT-240M,0.02696953
SP-019,RATE-PLN-GOVT-360M,0.02756615
SP-019,RATE-PLN-SWAP-001M,0.02671561
SP-019,RATE-PLN-SWAP-002M,0.02675998
SP-019,RATE-PLN-SWAP-003M,0.02679577
SP-019,RATE-PLN-SWAP-005M,0.02685629
SP-019,RATE-PLN-SWAP-007M,0.02690861
SP-019,RATE-PLN-SWAP-010M,0.02697787
SP-019,RATE-PLN-SWAP-015M,0.02707790
SP-019,RATE-PLN-SWAP-020M,0.02716550
SP-019,RATE-PLN-SWAP-030M,0.02731741
SP-019,RATE-PLN-SWAP-060M,0.02767538
SP-019,RATE-PLN-SWAP-090M,0.02795895
SP-019,RATE-PLN-SWAP-120M,0.02820190
SP-019,RATE-PLN-SWAP-180M,0.02861506
SP-019,RATE-PLN-SWAP-240M,0.02896734
SP-019,RATE-PLN-SWAP-360M,0.02956396
SP-019,RATE-PLN-INFLATION-001M,0.02871342
SP-019,RATE-PLN-INFLATION-002M,0.02875779
SP-019,RATE-PLN-INFLATION-003M,0.02879358
SP-019,RATE-PLN-INFLATION-005M,0.02885411
SP-019,RATE-PLN-INFLATION-007M,0.02890643
SP-019,RATE-PLN-INFLATION-010M,0.02897569
SP-019,RATE-PLN-INFLATION-015M,0.02907571
SP-019,RATE-PLN-INFLATION-020M,0.02916331
SP-019,RATE-PLN-INFLATION-030M,0.02931522
SP-019,RATE-PLN-INFLATION-060M,0.02967319
SP-019,RATE-PLN-INFLATION-090M,0.02995676
SP-019,RATE-PLN-INFLATION-120M,0.03019971
SP-019,RATE-PLN-INFLATION-180M,0.03061287
SP-019,RATE-PLN-INFLATION-240M,0.03096515
SP-019,RATE-PLN-INFLATION-360M,0.03156177
SP-019,RATE-CZK-OIS-001M,0.02421999
SP-019,RATE-CZK-OIS-002M,0.02426436
SP-019,RATE-CZK-OIS-003M,0.02430014
SP-019,RATE-CZK-OIS-005M,0.02436067
SP-019,RATE-CZK-OIS-007M,0.02441299
SP-019,RATE-CZK-OIS-010M,0.02448225
SP-019,RATE-CZK-OIS-015M,0.02458228
SP-019,RATE-CZK-OIS-020M,0.02466987
SP-019,RATE-CZK-OIS-030M,0.02482179
SP-019,RATE-CZK-OIS-060M,0.02517975
SP-019,RATE-CZK-OIS-090M,0.02546332
SP-019,RATE-CZK-OIS-120M,0.02570628
SP-019,RATE-CZK-OIS-180M,0.02611944
SP-019,RATE-CZK-OIS-240M,0.02647172
SP-019,RATE-CZK-OIS-360M,0.02706834
SP-019,RATE-CZK-GOVT-001M,0.02621780
SP-019,RATE-CZK-GOVT-002M,0.02626217
SP-019,RATE-CZK-GOVT-003M,0.02629795
SP-019,RATE-CZK-GOVT-005M,0.02635848
SP-019,RATE-CZK-GOVT-007M,0.02641080
SP-019,RATE-CZK-GOVT-010M,0.02648006
SP-019,RATE-CZK-GOVT-015M,0.02658009
SP-019,RATE-CZK-GOVT-020M,0.02666769
SP-019,RATE-CZK-GOVT-030M,0.02681960
SP-019,RATE-CZK-GOVT-060M,0.02717757
SP-019,RATE-CZK-GOVT-090M,0.02746114
SP-019,RATE-CZK-GOVT-120M,0.02770409
SP-019,RATE-CZK-GOVT-180M,0.02811725
SP-019,RATE-CZK-GOVT-240M,0.02846953
SP-019,RATE-CZK-GOVT-360M,0.02906615
SP-019,RATE-CZK-SWAP-001M,0.02821561
SP-019,RATE-CZK-SWAP-002M,0.02825998
SP-019,RATE-CZK-SWAP-003M,0.02829577
SP-019,RATE-CZK-SWAP-005M,0.02835629
SP-019,RATE-CZK-SWAP-007M,0.02840861
SP-019,RATE-CZK-SWAP-010M,0.02847787
SP-019,RATE-CZK-SWAP-015M,0.02857790
SP-019,RATE-CZK-SWAP-020M,0.02866550
SP-019,RATE-CZK-SWAP-030M,0.02881741
SP-019,RATE-CZK-SWAP-060M,0.02917538
SP-019,RATE-CZK-SWAP-090M,0.02945895
SP-019,RATE-CZK-SWAP-120M,0.02970190
SP-019,RATE-CZK-SWAP-180M,0.03011506
SP-019,RATE-CZK-SWAP-240M,0.03046734
SP-019,RATE-CZK-SWAP-360M,0.03106396
SP-019,RATE-CZK-INFLATION-001M,0.03021342
SP-019,RATE-CZK-INFLATION-002M,0.03025779
SP-019,RATE-CZK-INFLATION-003M,0.03029358
SP-019,RATE-CZK-INFLATION-005M,0.03035411
SP-019,RATE-CZK-INFLATION-007M,0.03040643
SP-019,RATE-CZK-INFLATION-010M,0.03047569
SP-019,RATE-CZK-INFLATION-015M,0.03057571
SP-019,RATE-CZK-INFLATION-020M,0.03066331
SP-019,RATE-CZK-INFLATION-030M,0.03081522
SP-019,RATE-CZK-INFLATION-060M,0.03117319
SP-019,RATE-CZK-INFLATION-090M,0.03145676
SP-019,RATE-CZK-INFLATION-120M,0.03169971
SP-019,RATE-CZK-INFLATION-180M,0.03211287
SP-019,RATE-CZK-INFLATION-240M,0.03246515
SP-019,RATE-CZK-INFLATION-360M,0.03306177
SP-019,RATE-HUF-OIS-001M,0.02571999
SP-019,RATE-HUF-OIS-002M,0.02576436
SP-019,RATE-HUF-OIS-003M,0.02580014
SP-019,RATE-HUF-OIS-005M,0.02586067
SP-019,RATE-HUF-OIS-007M,0.02591299
SP-019,RATE-HUF-OIS-010M,0.02598225
SP-019,RATE-HUF-OIS-015M,0.02608228
SP-019,RATE-HUF-OIS-020M,0.02616987
SP-019,RATE-HUF-OIS-030M,0.02632179
SP-019,RATE-HUF-OIS-060M,0.02667975
SP-019,RATE-HUF-OIS-090M,0.02696332
SP-019,RATE-HUF-OIS-120M,0.02720628
SP-019,RATE-HUF-OIS-180M,0.02761944
SP-019,RATE-HUF-OIS-240M,0.02797172
SP-019,RATE-HUF-OIS-360M,0.02856834
SP-019,RATE-HUF-GOVT-001M,0.02771780
SP-019,RATE-HUF-GOVT-002M,0.02776217
SP-019,RATE-HUF-GOVT-003M,0.02779795
SP-019,RATE-HUF-GOVT-005M,0.02785848
SP-019,RATE-HUF-GOVT-007M,0.02791080
SP-019,RATE-HUF-GOVT-010M,0.02798006
SP-019,RATE-HUF-GOVT-015M,0.02808009
SP-019,RATE-HUF-GOVT-020M,0.02816769
SP-019,RATE-HUF-GOVT-030M,0.02831960
SP-019,RATE-HUF-GOVT-060M,0.02867757
SP-019,RATE-HUF-GOVT-090M,0.02896114
SP-019,RATE-HUF-GOVT-120M,0.02920409
SP-019,RATE-HUF-GOVT-180M,0.02961725
SP-019,RATE-HUF-GOVT-240M,0.02996953
SP-019,RATE-HUF-GOVT-360M,0.03056615
SP-019,RATE-HUF-SWAP-001M,0.02971561
SP-019,RATE-HUF-SWAP-002M,0.02975998
SP-019,RATE-HUF-SWAP-003M,0.02979577
SP-019,RATE-HUF-SWAP-005M,0.02985629
SP-019,RATE-HUF-SWAP-007M,0.02990861
SP-019,RATE-HUF-SWAP-010M,0.02997787
SP-019,RATE-HUF-SWAP-015M,0.03007790
SP-019,RATE-HUF-SWAP-020M,0.03016550
SP-019,RATE-HUF-SWAP-030M,0.03031741
SP-019,RATE-HUF-SWAP-060M,0.03067538
SP-019,RATE-HUF-SWAP-090M,0.03095895
SP-019,RATE-HUF-SWAP-120M,0.03120190
SP-019,RATE-HUF-SWAP-180M,0.03161506
SP-019,RATE-HUF-SWAP-240M,0.03196734
SP-019,RATE-HUF-SWAP-360M,0.03256396
SP-019,RATE-HUF-INFLATION-001M,0.03171342
SP-019,RATE-HUF-INFLATION-002M,0.03175779
SP-019,RATE-HUF-INFLATION-003M,0.03179358
SP-019,RATE-HUF-INFLATION-005M,0.03185411
SP-019,RATE-HUF-INFLATION-007M,0.03190643
SP-019,RATE-HUF-INFLATION-010M,0.03197569
SP-019,RATE-HUF-INFLATION-015M,0.03207571
SP-019,RATE-HUF-INFLATION-020M,0.03216331
SP-019,RATE-HUF-INFLATION-030M,0.03231522
SP-019,RATE-HUF-INFLATION-060M,0.03267319
SP-019,RATE-HUF-INFLATION-090M,0.03295676
SP-019,RATE-HUF-INFLATION-120M,0.03319971
SP-019,RATE-HUF-INFLATION-180M,0.03361287
SP-019,RATE-HUF-INFLATION-240M,0.03396515
SP-019,RATE-HUF-INFLATION-360M,0.03456177
SP-019,RATE-SGD-OIS-001M,0.02721999
SP-019,RATE-SGD-OIS-002M,0.02726436
SP-019,RATE-SGD-OIS-003M,0.02730014
SP-019,RATE-SGD-OIS-005M,0.02736067
SP-019,RATE-SGD-OIS-007M,0.02741299
SP-019,RATE-SGD-OIS-010M,0.02748225
SP-019,RATE-SGD-OIS-015M,0.02758228
SP-019,RATE-SGD-OIS-020M,0.02766987
SP-019,RATE-SGD-OIS-030M,0.02782179
SP-019,RATE-SGD-OIS-060M,0.02817975
SP-019,RATE-SGD-OIS-090M,0.02846332
SP-019,RATE-SGD-OIS-120M,0.02870628
SP-019,RATE-SGD-OIS-180M,0.02911944
SP-019,RATE-SGD-OIS-240M,0.02947172
SP-019,RATE-SGD-OIS-360M,0.03006834
SP-019,RATE-SGD-GOVT-001M,0.02921780
SP-019,RATE-SGD-GOVT-002M,0.02926217
SP-019,RATE-SGD-GOVT-003M,0.02929795
SP-019,RATE-SGD-GOVT-005M,0.02935848
SP-019,RATE-SGD-GOVT-007M,0.02941080
SP-019,RATE-SGD-GOVT-010M,0.02948006
SP-019,RATE-SGD-GOVT-015M,0.02958009
SP-019,RATE-SGD-GOVT-020M,0.02966769
SP-019,RATE-SGD-GOVT-030M,0.02981960
SP-019,RATE-SGD-GOVT-060M,0.03017757
SP-019,RATE-SGD-GOVT-090M,0.03046114
SP-019,RATE-SGD-GOVT-120M,0.03070409
SP-019,RATE-SGD-GOVT-180M,0.03111725
SP-019,RATE-SGD-GOVT-240M,0.03146953
SP-019,RATE-SGD-GOVT-360M,0.03206615
SP-019,RATE-SGD-SWAP-001M,0.03121561
SP-019,RATE-SGD-SWAP-002M,0.03125998
SP-019,RATE-SGD-SWAP-003M,0.03129577
SP-019,RATE-SGD-SWAP-005M,0.03135629
SP-019,RATE-SGD-SWAP-007M,0.03140861
SP-019,RATE-SGD-SWAP-010M,0.03147787
SP-019,RATE-SGD-SWAP-015M,0.03157790
SP-019,RATE-SGD-SWAP-020M,0.03166550
SP-019,RATE-SGD-SWAP-030M,0.03181741
SP-019,RATE-SGD-SWAP-060M,0.03217538
SP-019,RATE-SGD-SWAP-090M,0.03245895
SP-019,RATE-SGD-SWAP-120M,0.03270190
SP-019,RATE-SGD-SWAP-180M,0.03311506
SP-019,RATE-SGD-SWAP-240M,0.03346734
SP-019,RATE-SGD-SWAP-360M,0.03406396
SP-019,RATE-SGD-INFLATION-001M,0.03321342
SP-019,RATE-SGD-INFLATION-002M,0.03325779
SP-019,RATE-SGD-INFLATION-003M,0.03329358
SP-019,RATE-SGD-INFLATION-005M,0.03335411
SP-019,RATE-SGD-INFLATION-007M,0.03340643
SP-019,RATE-SGD-INFLATION-010M,0.03347569
SP-019,RATE-SGD-INFLATION-015M,0.03357571
SP-019,RATE-SGD-INFLATION-020M,0.03366331
SP-019,RATE-SGD-INFLATION-030M,0.03381522
SP-019,RATE-SGD-INFLATION-060M,0.03417319
SP-019,RATE-SGD-INFLATION-090M,0.03445676
SP-019,RATE-SGD-INFLATION-120M,0.03469971
SP-019,RATE-SGD-INFLATION-180M,0.03511287
SP-019,RATE-SGD-INFLATION-240M,0.03546515
SP-019,RATE-SGD-INFLATION-360M,0.03606177
SP-019,RATE-HKD-OIS-001M,0.02871999
SP-019,RATE-HKD-OIS-002M,0.02876436
SP-019,RATE-HKD-OIS-003M,0.02880014
SP-019,RATE-HKD-OIS-005M,0.02886067
SP-019,RATE-HKD-OIS-007M,0.02891299
SP-019,RATE-HKD-OIS-010M,0.02898225
SP-019,RATE-HKD-OIS-015M,0.02908228
SP-019,RATE-HKD-OIS-020M,0.02916987
SP-019,RATE-HKD-OIS-030M,0.02932179
SP-019,RATE-HKD-OIS-060M,0.02967975
SP-019,RATE-HKD-OIS-090M,0.02996332
SP-019,RATE-HKD-OIS-120M,0.03020628
SP-019,RATE-HKD-OIS-180M,0.03061944
SP-019,RATE-HKD-OIS-240M,0.03097172
SP-019,RATE-HKD-OIS-360M,0.03156834
SP-019,RATE-HKD-GOVT-001M,0.03071780
SP-019,RATE-HKD-GOVT-002M,0.03076217
SP-019,RATE-HKD-GOVT-003M,0.03079795
SP-019,RATE-HKD-GOVT-005M,0.03085848
SP-019,RATE-HKD-GOVT-007M,0.03091080
SP-019,RATE-HKD-GOVT-010M,0.03098006
SP-019,RATE-HKD-GOVT-015M,0.03108009
SP-019,RATE-HKD-GOVT-020M,0.03116769
SP-019,RATE-HKD-GOVT-030M,0.03131960
SP-019,RATE-HKD-GOVT-060M,0.03167757
SP-019,RATE-HKD-GOVT-090M,0.03196114
SP-019,RATE-HKD-GOVT-120M,0.03220409
SP-019,RATE-HKD-GOVT-180M,0.03261725
SP-019,RATE-HKD-GOVT-240M,0.03296953
SP-019,RATE-HKD-GOVT-360M,0.03356615
SP-019,RATE-HKD-SWAP-001M,0.03271561
SP-019,RATE-HKD-SWAP-002M,0.03275998
SP-019,RATE-HKD-SWAP-003M,0.03279577
SP-019,RATE-HKD-SWAP-005M,0.03285629
SP-019,RATE-HKD-SWAP-007M,0.03290861
SP-019,RATE-HKD-SWAP-010M,0.03297787
SP-019,RATE-HKD-SWAP-015M,0.03307790
SP-019,RATE-HKD-SWAP-020M,0.03316550
SP-019,RATE-HKD-SWAP-030M,0.03331741
SP-019,RATE-HKD-SWAP-060M,0.03367538
SP-019,RATE-HKD-SWAP-090M,0.03395895
SP-019,RATE-HKD-SWAP-120M,0.03420190
SP-019,RATE-HKD-SWAP-180M,0.03461506
SP-019,RATE-HKD-SWAP-240M,0.03496734
SP-019,RATE-HKD-SWAP-360M,0.03556396
SP-019,RATE-HKD-INFLATION-001M,0.03471342
SP-019,RATE-HKD-INFLATION-002M,0.03475779
SP-019,RATE-HKD-INFLATION-003M,0.03479358
SP-019,RATE-HKD-INFLATION-005M,0.03485411
SP-019,RATE-HKD-INFLATION-007M,0.03490643
SP-019,RATE-HKD-INFLATION-010M,0.03497569
SP-019,RATE-HKD-INFLATION-015M,0.03507571
SP-019,RATE-HKD-INFLATION-020M,0.03516331
SP-019,RATE-HKD-INFLATION-030M,0.03531522
SP-019,RATE-HKD-INFLATION-060M,0.03567319
SP-019,RATE-HKD-INFLATION-090M,0.03595676
SP-019,RATE-HKD-INFLATION-120M,0.03619971
SP-019,RATE-HKD-INFLATION-180M,0.03661287
SP-019,RATE-HKD-INFLATION-240M,0.03696515
SP-019,RATE-HKD-INFLATION-360M,0.03756177
SP-019,RATE-KRW-OIS-001M,0.03021999
SP-019,RATE-KRW-OIS-002M,0.03026436
SP-019,RATE-KRW-OIS-003M,0.03030014
SP-019,RATE-KRW-OIS-005M,0.03036067
SP-019,RATE-KRW-OIS-007M,0.03041299
SP-019,RATE-KRW-OIS-010M,0.03048225
SP-019,RATE-KRW-OIS-015M,0.03058228
SP-019,RATE-KRW-OIS-020M,0.03066987
SP-019,RATE-KRW-OIS-030M,0.03082179
SP-019,RATE-KRW-OIS-060M,0.03117975
SP-019,RATE-KRW-OIS-090M,0.03146332
SP-019,RATE-KRW-OIS-120M,0.03170628
SP-019,RATE-KRW-OIS-180M,0.03211944
SP-019,RATE-KRW-OIS-240M,0.03247172
SP-019,RATE-KRW-OIS-360M,0.03306834
SP-019,RATE-KRW-GOVT-001M,0.03221780
SP-019,RATE-KRW-GOVT-002M,0.03226217
SP-019,RATE-KRW-GOVT-003M,0.03229795
SP-019,RATE-KRW-GOVT-005M,0.03235848
SP-019,RATE-KRW-GOVT-007M,0.03241080
SP-019,RATE-KRW-GOVT-010M,0.03248006
SP-019,RATE-KRW-GOVT-015M,0.03258009
SP-019,RATE-KRW-GOVT-020M,0.03266769
SP-019,RATE-KRW-GOVT-030M,0.03281960
SP-019,RATE-KRW-GOVT-060M,0.03317757
SP-019,RATE-KRW-GOVT-090M,0.03346114
SP-019,RATE-KRW-GOVT-120M,0.03370409
SP-019,RATE-KRW-GOVT-180M,0.03411725
SP-019,RATE-KRW-GOVT-240M,0.03446953
SP-019,RATE-KRW-GOVT-360M,0.03506615
SP-019,RATE-KRW-SWAP-001M,0.03421561
SP-019,RATE-KRW-SWAP-002M,0.03425998
SP-019,RATE-KRW-SWAP-003M,0.03429577
SP-019,RATE-KRW-SWAP-005M,0.03435629
SP-019,RATE-KRW-SWAP-007M,0.03440861
SP-019,RATE-KRW-SWAP-010M,0.03447787
SP-019,RATE-KRW-SWAP-015M,0.03457790
SP-019,RATE-KRW-SWAP-020M,0.03466550
SP-019,RATE-KRW-SWAP-030M,0.03481741
SP-019,RATE-KRW-SWAP-060M,0.03517538
SP-019,RATE-KRW-SWAP-090M,0.03545895
SP-019,RATE-KRW-SWAP-120M,0.03570190
SP-019,RATE-KRW-SWAP-180M,0.03611506
SP-019,RATE-KRW-SWAP-240M,0.03646734
SP-019,RATE-KRW-SWAP-360M,0.03706396
SP-019,RATE-KRW-INFLATION-001M,0.03621342
SP-019,RATE-KRW-INFLATION-002M,0.03625779
SP-019,RATE-KRW-INFLATION-003M,0.03629358
SP-019,RATE-KRW-INFLATION-005M,0.03635411
SP-019,RATE-KRW-INFLATION-007M,0.03640643
SP-019,RATE-KRW-INFLATION-010M,0.03647569
SP-019,RATE-KRW-INFLATION-015M,0.03657571
SP-019,RATE-KRW-INFLATION-020M,0.03666331
SP-019,RATE-KRW-INFLATION-030M,0.03681522
SP-019,RATE-KRW-INFLATION-060M,0.03717319
SP-019,RATE-KRW-INFLATION-090M,0.03745676
SP-019,RATE-KRW-INFLATION-120M,0.03769971
SP-019,RATE-KRW-INFLATION-180M,0.03811287
SP-019,RATE-KRW-INFLATION-240M,0.03846515
SP-019,RATE-KRW-INFLATION-360M,0.03906177
SP-019,RATE-CNY-OIS-001M,0.03171999
SP-019,RATE-CNY-OIS-002M,0.03176436
SP-019,RATE-CNY-OIS-003M,0.03180014
SP-019,RATE-CNY-OIS-005M,0.03186067
SP-019,RATE-CNY-OIS-007M,0.03191299
SP-019,RATE-CNY-OIS-010M,0.03198225
SP-019,RATE-CNY-OIS-015M,0.03208228
SP-019,RATE-CNY-OIS-020M,0.03216987
SP-019,RATE-CNY-OIS-030M,0.03232179
SP-019,RATE-CNY-OIS-060M,0.03267975
SP-019,RATE-CNY-OIS-090M,0.03296332
SP-019,RATE-CNY-OIS-120M,0.03320628
SP-019,RATE-CNY-OIS-180M,0.03361944
SP-019,RATE-CNY-OIS-240M,0.03397172
SP-019,RATE-CNY-OIS-360M,0.03456834
SP-019,RATE-CNY-GOVT-001M,0.03371780
SP-019,RATE-CNY-GOVT-002M,0.03376217
SP-019,RATE-CNY-GOVT-003M,0.03379795
SP-019,RATE-CNY-GOVT-005M,0.03385848
SP-019,RATE-CNY-GOVT-007M,0.03391080
SP-019,RATE-CNY-GOVT-010M,0.03398006
SP-019,RATE-CNY-GOVT-015M,0.03408009
SP-019,RATE-CNY-GOVT-020M,0.03416769
SP-019,RATE-CNY-GOVT-030M,0.03431960
SP-019,RATE-CNY-GOVT-060M,0.03467757
SP-019,RATE-CNY-GOVT-090M,0.03496114
SP-019,RATE-CNY-GOVT-120M,0.03520409
SP-019,RATE-CNY-GOVT-180M,0.03561725
SP-019,RATE-CNY-GOVT-240M,0.03596953
SP-019,RATE-CNY-GOVT-360M,0.03656615
SP-019,RATE-CNY-SWAP-001M,0.03571561
SP-019,RATE-CNY-SWAP-002M,0.03575998
SP-019,RATE-CNY-SWAP-003M,0.03579577
SP-019,RATE-CNY-SWAP-005M,0.03585629
SP-019,RATE-CNY-SWAP-007M,0.03590861
SP-019,RATE-CNY-SWAP-010M,0.03597787
SP-019,RATE-CNY-SWAP-015M,0.03607790
SP-019,RATE-CNY-SWAP-020M,0.03616550
SP-019,RATE-CNY-SWAP-030M,0.03631741
SP-019,RATE-CNY-SWAP-060M,0.03667538
SP-019,RATE-CNY-SWAP-090M,0.03695895
SP-019,RATE-CNY-SWAP-120M,0.03720190
SP-019,RATE-CNY-SWAP-180M,0.03761506
SP-019,RATE-CNY-SWAP-240M,0.03796734
SP-019,RATE-CNY-SWAP-360M,0.03856396
SP-019,RATE-CNY-INFLATION-001M,0.03771342
SP-019,RATE-CNY-INFLATION-002M,0.03775779
SP-019,RATE-CNY-INFLATION-003M,0.03779358
SP-019,RATE-CNY-INFLATION-005M,0.03785411
SP-019,RATE-CNY-INFLATION-007M,0.03790643
SP-019,RATE-CNY-INFLATION-010M,0.03797569
SP-019,RATE-CNY-INFLATION-015M,0.03807571
SP-019,RATE-CNY-INFLATION-020M,0.03816331
SP-019,RATE-CNY-INFLATION-030M,0.03831522
SP-019,RATE-CNY-INFLATION-060M,0.03867319
SP-019,RATE-CNY-INFLATION-090M,0.03895676
SP-019,RATE-CNY-INFLATION-120M,0.03919971
SP-019,RATE-CNY-INFLATION-180M,0.03961287
SP-019,RATE-CNY-INFLATION-240M,0.03996515
SP-019,RATE-CNY-INFLATION-360M,0.04056177
SP-019,CREDIT-G001-006M,0.00185173
SP-019,CREDIT-G001-012M,0.00370003
SP-019,CREDIT-G001-024M,0.00738637
SP-019,CREDIT-G001-036M,0.01105908
SP-019,CREDIT-G001-060M,0.01836377
SP-019,CREDIT-G001-084M,0.02779460
SP-019,CREDIT-G001-120M,0.03606336
SP-019,CREDIT-G001-144M,0.04296297
SP-019,CREDIT-G001-180M,0.05321395
SP-019,CREDIT-G001-240M,0.07058466
SP-019,CREDIT-G001-300M,0.08763642
SP-019,CREDIT-G001-360M,0.10437509
SP-019,CREDIT-G002-006M,0.00193158
SP-019,CREDIT-G002-012M,0.00385942
SP-019,CREDIT-G002-024M,0.00770396
SP-019,CREDIT-G002-036M,0.01153365
SP-019,CREDIT-G002-060M,0.01914877
SP-019,CREDIT-G002-084M,0.02887472
SP-019,CREDIT-G002-120M,0.03760549
SP-019,CREDIT-G002-144M,0.04480032
SP-019,CREDIT-G002-180M,0.05548566
SP-019,CREDIT-G002-240M,0.07355548
SP-019,CREDIT-G002-300M,0.09127933
SP-019,CREDIT-G002-360M,0.10866384
SP-019,CREDIT-G003-006M,0.00201142
SP-019,CREDIT-G003-012M,0.00401879
SP-019,CREDIT-G003-024M,0.00802144
SP-019,CREDIT-G003-036M,0.01200800
SP-019,CREDIT-G003-060M,0.01993314
SP-019,CREDIT-G003-084M,0.02995361
SP-019,CREDIT-G003-120M,0.03914516
SP-019,CREDIT-G003-144M,0.04663415
SP-019,CREDIT-G003-180M,0.05775193
SP-019,CREDIT-G003-240M,0.07651683
SP-019,CREDIT-G003-300M,0.09490773
SP-019,CREDIT-G003-360M,0.11293208
SP-019,CREDIT-G004-006M,0.00209126
SP-019,CREDIT-G004-012M,0.00417814
SP-019,CREDIT-G004-024M,0.00833882
SP-019,CREDIT-G004-036M,0.01248213
SP-019,CREDIT-G004-060M,0.02071688
SP-019,CREDIT-G004-084M,0.03103129
SP-019,CREDIT-G004-120M,0.04068237
SP-019,CREDIT-G004-144M,0.04846447
SP-019,CREDIT-G004-180M,0.06001278
SP-019,CREDIT-G004-240M,0.07946872
SP-019,CREDIT-G004-300M,0.09852165
SP-019,CREDIT-G004-360M,0.11717990
SP-019,CREDIT-G005-006M,0.00217109
SP-019,CREDIT-G005-012M,0.00433746
SP-019,CREDIT-G005-024M,0.00865610
SP-019,CREDIT-G005-036M,0.01295602
SP-019,CREDIT-G005-060M,0.02149999
SP-019,CREDIT-G005-084M,0.03210775
SP-019,CREDIT-G005-120M,0.04221712
SP-019,CREDIT-G005-144M,0.05029128
SP-019,CREDIT-G005-180M,0.06226821
SP-019,CREDIT-G005-240M,0.08241120
SP-019,CREDIT-G005-300M,0.10212116
SP-019,CREDIT-G005-360M,0.12140741
SP-019,CREDIT-G006-006M,0.00225091
SP-019,CREDIT-G006-012M,0.00449675
SP-019,CREDIT-G006-024M,0.00897328
SP-019,CREDIT-G006-036M,0.01342969
SP-019,CREDIT-G006-060M,0.02228248
SP-019,CREDIT-G006-084M,0.03318299
SP-019,CREDIT-G006-120M,0.04374942
SP-019,CREDIT-G006-144M,0.05211459
SP-019,CREDIT-G006-180M,0.06451825
SP-019,CREDIT-G006-240M,0.08534429
SP-019,CREDIT-G006-300M,0.10570633
SP-019,CREDIT-G006-360M,0.12561468
SP-019,CREDIT-G007-006M,0.00233073
SP-019,CREDIT-G007-012M,0.00465602
SP-019,CREDIT-G007-024M,0.00929036
SP-019,CREDIT-G007-036M,0.01390313
SP-019,CREDIT-G007-060M,0.02306434
SP-019,CREDIT-G007-084M,0.03425702
SP-019,CREDIT-G007-120M,0.04527928
SP-019,CREDIT-G007-144M,0.05393441
SP-019,CREDIT-G007-180M,0.06676291
SP-019,CREDIT-G007-240M,0.08826803
SP-019,CREDIT-G007-300M,0.10927719
SP-019,CREDIT-G007-360M,0.12980183
SP-019,CREDIT-G008-006M,0.00241054
SP-019,CREDIT-G008-012M,0.00481526
SP-019,CREDIT-G008-024M,0.00960734
SP-019,CREDIT-G008-036M,0.01437634
SP-019,CREDIT-G008-060M,0.02384557
SP-019,CREDIT-G008-084M,0.03532983
SP-019,CREDIT-G008-120M,0.04680669
SP-019,CREDIT-G008-144M,0.05575074
SP-019,CREDIT-G008-180M,0.06900220
SP-019,CREDIT-G008-240M,0.09118244
SP-019,CREDIT-G008-300M,0.11283382
SP-019,CREDIT-G008-360M,0.13396896
SP-019,CREDIT-G009-006M,0.00249034
SP-019,CREDIT-G009-012M,0.00497448
SP-019,CREDIT-G009-024M,0.00992421
SP-019,CREDIT-G009-036M,0.01484933
SP-019,CREDIT-G009-060M,0.02462618
SP-019,CREDIT-G009-084M,0.03640143
SP-019,CREDIT-G009-120M,0.04833166
SP-019,CREDIT-G009-144M,0.05756360
SP-019,CREDIT-G009-180M,0.07123613
SP-019,CREDIT-G009-240M,0.09408755
SP-019,CREDIT-G009-300M,0.11637627
SP-019,CREDIT-G009-360M,0.13811614
SP-019,CREDIT-G010-006M,0.00257014
SP-019,CREDIT-G010-012M,0.00513367
SP-019,CREDIT-G010-024M,0.01024099
SP-019,CREDIT-G010-036M,0.01532209
SP-019,CREDIT-G010-060M,0.02540617
SP-019,CREDIT-G010-084M,0.03747182
SP-019,CREDIT-G010-120M,0.04985420
SP-019,CREDIT-G010-144M,0.05937298
SP-019,CREDIT-G010-180M,0.07346471
SP-019,CREDIT-G010-240M,0.09698339
SP-019,CREDIT-G010-300M,0.11990459
SP-019,CREDIT-G010-360M,0.14224349
SP-019,CREDIT-G011-006M,0.00264993
SP-019,CREDIT-G011-012M,0.00529284
SP-019,CREDIT-G011-024M,0.01055766
SP-019,CREDIT-G011-036M,0.01579462
SP-019,CREDIT-G011-060M,0.02618553
SP-019,CREDIT-G011-084M,0.03854100
SP-019,CREDIT-G011-120M,0.05137430
SP-019,CREDIT-G011-144M,0.06117890
SP-019,CREDIT-G011-180M,0.07568797
SP-019,CREDIT-G011-240M,0.09986999
SP-019,CREDIT-G011-300M,0.12341884
SP-019,CREDIT-G011-360M,0.14635110
SP-019,CREDIT-G012-006M,0.00272971
SP-019,CREDIT-G012-012M,0.00545198
SP-019,CREDIT-G012-024M,0.01087423
SP-019,CREDIT-G012-036M,0.01626692
SP-019,CREDIT-G012-060M,0.02696427
SP-019,CREDIT-G012-084M,0.03960897
SP-019,CREDIT-G012-120M,0.05289198
SP-019,CREDIT-G012-144M,0.06298136
SP-019,CREDIT-G012-180M,0.07790590
SP-019,CREDIT-G012-240M,0.10274739
SP-019,CREDIT-G012-300M,0.12691909
SP-019,CREDIT-G012-360M,0.15043906
SP-019,CREDIT-G013-006M,0.00280949
SP-019,CREDIT-G013-012M,0.00561109
SP-019,CREDIT-G013-024M,0.01119070
SP-019,CREDIT-G013-036M,0.01673900
SP-019,CREDIT-G013-060M,0.02774239
SP-019,CREDIT-G013-084M,0.04067574
SP-019,CREDIT-G013-120M,0.05440723
SP-019,CREDIT-G013-144M,0.06478036
SP-019,CREDIT-G013-180M,0.08011853
SP-019,CREDIT-G013-240M,0.10561560
SP-019,CREDIT-G013-300M,0.13040537
SP-019,CREDIT-G013-360M,0.15450746
SP-019,CREDIT-G014-006M,0.00288926
SP-019,CREDIT-G014-012M,0.00577018
SP-019,CREDIT-G014-024M,0.01150707
SP-019,CREDIT-G014-036M,0.01721085
SP-019,CREDIT-G014-060M,0.02851989
SP-019,CREDIT-G014-084M,0.04174129
SP-019,CREDIT-G014-120M,0.05592007
SP-019,CREDIT-G014-144M,0.06657592
SP-019,CREDIT-G014-180M,0.08232586
SP-019,CREDIT-G014-240M,0.10847467
SP-019,CREDIT-G014-300M,0.13387776
SP-019,CREDIT-G014-360M,0.15855640
SP-019,CREDIT-G015-006M,0.00296903
SP-019,CREDIT-G015-012M,0.00592924
SP-019,CREDIT-G015-024M,0.01182333
SP-019,CREDIT-G015-036M,0.01768248
SP-019,CREDIT-G015-060M,0.02929676
SP-019,CREDIT-G015-084M,0.04280564
SP-019,CREDIT-G015-120M,0.05743048
SP-019,CREDIT-G015-144M,0.06836804
SP-019,CREDIT-G015-180M,0.08452791
SP-019,CREDIT-G015-240M,0.11132461
SP-019,CREDIT-G015-300M,0.13733630
SP-019,CREDIT-G015-360M,0.16258597
SP-019,CREDIT-G016-006M,0.00304879
SP-019,CREDIT-G016-012M,0.00608828
SP-019,CREDIT-G016-024M,0.01213950
SP-019,CREDIT-G016-036M,0.01815388
SP-019,CREDIT-G016-060M,0.03007301
SP-019,CREDIT-G016-084M,0.04386879
SP-019,CREDIT-G016-120M,0.05893849
SP-019,CREDIT-G016-144M,0.07015673
SP-019,CREDIT-G016-180M,0.08672469
SP-019,CREDIT-G016-240M,0.11416546
SP-019,CREDIT-G016-300M,0.14078105
SP-019,CREDIT-G016-360M,0.16659627
SP-019,CREDIT-G017-006M,0.00312854
SP-019,CREDIT-G017-012M,0.00624730
SP-019,CREDIT-G017-024M,0.01245556
SP-019,CREDIT-G017-036M,0.01862505
SP-019,CREDIT-G017-060M,0.03084864
SP-019,CREDIT-G017-084M,0.04493074
SP-019,CREDIT-G017-120M,0.06044409
SP-019,CREDIT-G017-144M,0.07194200
SP-019,CREDIT-G017-180M,0.08891622
SP-019,CREDIT-G017-240M,0.11699725
SP-019,CREDIT-G017-300M,0.14421207
SP-019,CREDIT-G017-360M,0.17058738
SP-019,CREDIT-G018-006M,0.00320829
SP-019,CREDIT-G018-012M,0.00640628
SP-019,CREDIT-G018-024M,0.01277153
SP-019,CREDIT-G018-036M,0.01909600
SP-019,CREDIT-G018-060M,0.03162365
SP-019,CREDIT-G018-084M,0.04599149
SP-019,CREDIT-G018-120M,0.06194728
SP-019,CREDIT-G018-144M,0.07372384
SP-019,CREDIT-G018-180M,0.09110251
SP-019,CREDIT-G018-240M,0.11982001
SP-019,CREDIT-G018-300M,0.14762940
SP-019,CREDIT-G018-360M,0.17455940
SP-019,CREDIT-G019-006M,0.00328803
SP-019,CREDIT-G019-012M,0.00656525
SP-019,CREDIT-G019-024M,0.01308739
SP-019,CREDIT-G019-036M,0.01956672
SP-019,CREDIT-G019-060M,0.03239805
SP-019,CREDIT-G019-084M,0.04705104
SP-019,CREDIT-G019-120M,0.06344807
SP-019,CREDIT-G019-144M,0.07550227
SP-019,CREDIT-G019-180M,0.09328356
SP-019,CREDIT-G019-240M,0.12263376
SP-019,CREDIT-G019-300M,0.15103312
SP-019,CREDIT-G019-360M,0.17851243
SP-019,CREDIT-G020-006M,0.00336776
SP-019,CREDIT-G020-012M,0.00672418
SP-019,CREDIT-G020-024M,0.01340315
SP-019,CREDIT-G020-036M,0.02003721
SP-019,CREDIT-G020-060M,0.03317182
SP-019,CREDIT-G020-084M,0.04810938
SP-019,CREDIT-G020-120M,0.06494647
SP-019,CREDIT-G020-144M,0.07727729
SP-019,CREDIT-G020-180M,0.09545939
SP-019,CREDIT-G020-240M,0.12543854
SP-019,CREDIT-G020-300M,0.15442326
SP-019,CREDIT-G020-360M,0.18244654
SP-019,CREDIT-G021-006M,0.00344749
SP-019,CREDIT-G021-012M,0.00688309
SP-019,CREDIT-G021-024M,0.01371881
SP-019,CREDIT-G021-036M,0.02050748
SP-019,CREDIT-G021-060M,0.03394497
SP-019,CREDIT-G021-084M,0.04916654
SP-019,CREDIT-G021-120M,0.06644247
SP-019,CREDIT-G021-144M,0.07904892
SP-019,CREDIT-G021-180M,0.09763002
SP-019,CREDIT-G021-240M,0.12823436
SP-019,CREDIT-G021-300M,0.15779988
SP-019,CREDIT-G021-360M,0.18636184
SP-019,CREDIT-G022-006M,0.00352721
SP-019,CREDIT-G022-012M,0.00704198
SP-019,CREDIT-G022-024M,0.01403437
SP-019,CREDIT-G022-036M,0.02097753
SP-019,CREDIT-G022-060M,0.03471751
SP-019,CREDIT-G022-084M,0.05022250
SP-019,CREDIT-G022-120M,0.06793608
SP-019,CREDIT-G022-144M,0.08081715
SP-019,CREDIT-G022-180M,0.09979546
SP-019,CREDIT-G022-240M,0.13102127
SP-019,CREDIT-G022-300M,0.16116304
SP-019,CREDIT-G022-360M,0.19025840
SP-019,CREDIT-G023-006M,0.00360692
SP-019,CREDIT-G023-012M,0.00720084
SP-019,CREDIT-G023-024M,0.01434983
SP-019,CREDIT-G023-036M,0.02144735
SP-019,CREDIT-G023-060M,0.03548942
SP-019,CREDIT-G023-084M,0.05127726
SP-019,CREDIT-G023-120M,0.06942731
SP-019,CREDIT-G023-144M,0.08258200
SP-019,CREDIT-G023-180M,0.10195572
SP-019,CREDIT-G023-240M,0.13379929
SP-019,CREDIT-G023-300M,0.16451280
SP-019,CREDIT-G023-360M,0.19413633
SP-019,CREDIT-G024-006M,0.00368663
SP-019,CREDIT-G024-012M,0.00735968
SP-019,CREDIT-G024-024M,0.01466519
SP-019,CREDIT-G024-036M,0.02191694
SP-019,CREDIT-G024-060M,0.03626072
SP-019,CREDIT-G024-084M,0.05233083
SP-019,CREDIT-G024-120M,0.07091616
SP-019,CREDIT-G024-144M,0.08434346
SP-019,CREDIT-G024-180M,0.10411081
SP-019,CREDIT-G024-240M,0.13656845
SP-019,CREDIT-G024-300M,0.16784919
SP-019,CREDIT-G024-360M,0.19799571
SP-019,CREDIT-G025-006M,0.00376634
SP-019,CREDIT-G025-012M,0.00751849
SP-019,CREDIT-G025-024M,0.01498045
SP-019,CREDIT-G025-036M,0.02238630
SP-019,CREDIT-G025-060M,0.03703141
SP-019,CREDIT-G025-084M,0.05338321
SP-019,CREDIT-G025-120M,0.07240263
SP-019,CREDIT-G025-144M,0.08610155
SP-019,CREDIT-G025-180M,0.10626074
SP-019,CREDIT-G025-240M,0.13932877
SP-019,CREDIT-G025-300M,0.17117229
SP-019,CREDIT-G025-360M,0.20183663
SP-019,CREDIT-G026-006M,0.00384603
SP-019,CREDIT-G026-012M,0.00767727
SP-019,CREDIT-G026-024M,0.01529560
SP-019,CREDIT-G026-036M,0.02285545
SP-019,CREDIT-G026-060M,0.03780147
SP-019,CREDIT-G026-084M,0.05443440
SP-019,CREDIT-G026-120M,0.07388672
SP-019,CREDIT-G026-144M,0.08785627
SP-019,CREDIT-G026-180M,0.10840553
SP-019,CREDIT-G026-240M,0.14208029
SP-019,CREDIT-G026-300M,0.17448214
SP-019,CREDIT-G026-360M,0.20565918
SP-019,CREDIT-G027-006M,0.00392572
SP-019,CREDIT-G027-012M,0.00783603
SP-019,CREDIT-G027-024M,0.01561066
SP-019,CREDIT-G027-036M,0.02332436
SP-019,CREDIT-G027-060M,0.03857092
SP-019,CREDIT-G027-084M,0.05548440
SP-019,CREDIT-G027-120M,0.07536844
SP-019,CREDIT-G027-144M,0.08960764
SP-019,CREDIT-G027-180M,0.11054518
SP-019,CREDIT-G027-240M,0.14482303
SP-019,CREDIT-G027-300M,0.17777879
SP-019,CREDIT-G027-360M,0.20946345
SP-019,CREDIT-G028-006M,0.00400540
SP-019,CREDIT-G028-012M,0.00799476
SP-019,CREDIT-G028-024M,0.01592561
SP-019,CREDIT-G028-036M,0.02379306
SP-019,CREDIT-G028-060M,0.03933976
SP-019,CREDIT-G028-084M,0.05653322
SP-019,CREDIT-G028-120M,0.07684780
SP-019,CREDIT-G028-144M,0.09135565
SP-019,CREDIT-G028-180M,0.11267972
SP-019,CREDIT-G028-240M,0.14755702
SP-019,CREDIT-G028-300M,0.18106229
SP-019,CREDIT-G028-360M,0.21324951
SP-019,CREDIT-G029-006M,0.00408508
SP-019,CREDIT-G029-012M,0.00815347
SP-019,CREDIT-G029-024M,0.01624046
SP-019,CREDIT-G029-036M,0.02426152
SP-019,CREDIT-G029-060M,0.04010798
SP-019,CREDIT-G029-084M,0.05758085
SP-019,CREDIT-G029-120M,0.07832480
SP-019,CREDIT-G029-144M,0.09310031
SP-019,CREDIT-G029-180M,0.11480916
SP-019,CREDIT-G029-240M,0.15028229
SP-019,CREDIT-G029-300M,0.18433271
SP-019,CREDIT-G029-360M,0.21701747
SP-019,CREDIT-G030-006M,0.00416475
SP-019,CREDIT-G030-012M,0.00831215
SP-019,CREDIT-G030-024M,0.01655522
SP-019,CREDIT-G030-036M,0.02472976
SP-019,CREDIT-G030-060M,0.04087559
SP-019,CREDIT-G030-084M,0.05862729
SP-019,CREDIT-G030-120M,0.07979944
SP-019,CREDIT-G030-144M,0.09484163
SP-019,CREDIT-G030-180M,0.11693349
SP-019,CREDIT-G030-240M,0.15299887
SP-019,CREDIT-G030-300M,0.18759009
SP-019,CREDIT-G030-360M,0.22076741
SP-019,CREDIT-G031-006M,0.00424441
SP-019,CREDIT-G031-012M,0.00847081
SP-019,CREDIT-G031-024M,0.01686987
SP-019,CREDIT-G031-036M,0.02519778
SP-019,CREDIT-G031-060M,0.04164258
SP-019,CREDIT-G031-084M,0.05967255
SP-019,CREDIT-G031-120M,0.08127172
SP-019,CREDIT-G031-144M,0.09657961
SP-019,CREDIT-G031-180M,0.11905275
SP-019,CREDIT-G031-240M,0.15570678
SP-019,CREDIT-G031-300M,0.19083448
SP-019,CREDIT-G031-360M,0.22449941
SP-019,CREDIT-G032-006M,0.00432407
SP-019,CREDIT-G032-012M,0.00862944
SP-019,CREDIT-G032-024M,0.01718442
SP-019,CREDIT-G032-036M,0.02566557
SP-019,CREDIT-G032-060M,0.04240896
SP-019,CREDIT-G032-084M,0.06071663
SP-019,CREDIT-G032-120M,0.08274165
SP-019,CREDIT-G032-144M,0.09831427
SP-019,CREDIT-G032-180M,0.12116693
SP-019,CREDIT-G032-240M,0.15840605
SP-019,CREDIT-G032-300M,0.19406594
SP-019,CREDIT-G032-360M,0.22821356
SP-019,CREDIT-G033-006M,0.00440372
SP-019,CREDIT-G033-012M,0.00878805
SP-019,CREDIT-G033-024M,0.01749887
SP-019,CREDIT-G033-036M,0.02613314
SP-019,CREDIT-G033-060M,0.04317473
SP-019,CREDIT-G033-084M,0.06175953
SP-019,CREDIT-G033-120M,0.08420923
SP-019,CREDIT-G033-144M,0.10004560
SP-019,CREDIT-G033-180M,0.12327606
SP-019,CREDIT-G033-240M,0.16109671
SP-019,CREDIT-G033-300M,0.19728451
SP-019,CREDIT-G033-360M,0.23190994
SP-019,CREDIT-G034-006M,0.00448337
SP-019,CREDIT-G034-012M,0.00894663
SP-019,CREDIT-G034-024M,0.01781322
SP-019,CREDIT-G034-036M,0.02660049
SP-019,CREDIT-G034-060M,0.04393988
SP-019,CREDIT-G034-084M,0.06280125
SP-019,CREDIT-G034-120M,0.08567447
SP-019,CREDIT-G034-144M,0.10177362
SP-019,CREDIT-G034-180M,0.12538014
SP-019,CREDIT-G034-240M,0.16377879
SP-019,CREDIT-G034-300M,0.20049025
SP-019,CREDIT-G034-360M,0.23558864
SP-019,CREDIT-G035-006M,0.00456300
SP-019,CREDIT-G035-012M,0.00910519
SP-019,CREDIT-G035-024M,0.01812747
SP-019,CREDIT-G035-036M,0.02706761
SP-019,CREDIT-G035-060M,0.04470442
SP-019,CREDIT-G035-084M,0.06384179
SP-019,CREDIT-G035-120M,0.08713737
SP-019,CREDIT-G035-144M,0.10349832
SP-019,CREDIT-G035-180M,0.12747919
SP-019,CREDIT-G035-240M,0.16645232
SP-019,CREDIT-G035-300M,0.20368321
SP-019,CREDIT-G035-360M,0.23924975
SP-019,CREDIT-G036-006M,0.00464264
SP-019,CREDIT-G036-012M,0.00926372
SP-019,CREDIT-G036-024M,0.01844162
SP-019,CREDIT-G036-036M,0.02753450
SP-019,CREDIT-G036-060M,0.04546835
SP-019,CREDIT-G036-084M,0.06488116
SP-019,CREDIT-G036-120M,0.08859793
SP-019,CREDIT-G036-144M,0.10521973
SP-019,CREDIT-G036-180M,0.12957322
SP-019,CREDIT-G036-240M,0.16911731
SP-019,CREDIT-G036-300M,0.20686344
SP-019,CREDIT-G036-360M,0.24289335
SP-019,CREDIT-G037-006M,0.00472226
SP-019,CREDIT-G037-012M,0.00942222
SP-019,CREDIT-G037-024M,0.01875567
SP-019,CREDIT-G037-036M,0.02800117
SP-019,CREDIT-G037-060M,0.04623167
SP-019,CREDIT-G037-084M,0.06591935
SP-019,CREDIT-G037-120M,0.09005616
SP-019,CREDIT-G037-144M,0.10693784
SP-019,CREDIT-G037-180M,0.13166224
SP-019,CREDIT-G037-240M,0.17177381
SP-019,CREDIT-G037-300M,0.21003100
SP-019,CREDIT-G037-360M,0.24651952
SP-019,CREDIT-G038-006M,0.00480188
SP-019,CREDIT-G038-012M,0.00958070
SP-019,CREDIT-G038-024M,0.01906962
SP-019,CREDIT-G038-036M,0.02846762
SP-019,CREDIT-G038-060M,0.04699438
SP-019,CREDIT-G038-084M,0.06695636
SP-019,CREDIT-G038-120M,0.09151207
SP-019,CREDIT-G038-144M,0.10865265
SP-019,CREDIT-G038-180M,0.13374626
SP-019,CREDIT-G038-240M,0.17442183
SP-019,CREDIT-G038-300M,0.21318592
SP-019,CREDIT-G038-360M,0.25012835
SP-019,CREDIT-G039-006M,0.00488149
SP-019,CREDIT-G039-012M,0.00973916
SP-019,CREDIT-G039-024M,0.01938346
SP-019,CREDIT-G039-036M,0.02893384
SP-019,CREDIT-G039-060M,0.04775648
SP-019,CREDIT-G039-084M,0.06799220
SP-019,CREDIT-G039-120M,0.09296564
SP-019,CREDIT-G039-144M,0.11036419
SP-019,CREDIT-G039-180M,0.13582529
SP-019,CREDIT-G039-240M,0.17706141
SP-019,CREDIT-G039-300M,0.21632827
SP-019,CREDIT-G039-360M,0.25371992
SP-019,CREDIT-G040-006M,0.00496110
SP-019,CREDIT-G040-012M,0.00989758
SP-019,CREDIT-G040-024M,0.01969721
SP-019,CREDIT-G040-036M,0.02939984
SP-019,CREDIT-G040-060M,0.04851797
SP-019,CREDIT-G040-084M,0.06902688
SP-019,CREDIT-G040-120M,0.09441690
SP-019,CREDIT-G040-144M,0.11207244
SP-019,CREDIT-G040-180M,0.13789935
SP-019,CREDIT-G040-240M,0.17969256
SP-019,CREDIT-G040-300M,0.21945809
SP-019,CREDIT-G040-360M,0.25729430
SP-019,CREDIT-G041-006M,0.00504070
SP-019,CREDIT-G041-012M,0.01005599
SP-019,CREDIT-G041-024M,0.02001086
SP-019,CREDIT-G041-036M,0.02986562
SP-019,CREDIT-G041-060M,0.04927885
SP-019,CREDIT-G041-084M,0.07006038
SP-019,CREDIT-G041-120M,0.09586584
SP-019,CREDIT-G041-144M,0.11377743
SP-019,CREDIT-G041-180M,0.13996845
SP-019,CREDIT-G041-240M,0.18231533
SP-019,CREDIT-G041-300M,0.22257543
SP-019,CREDIT-G041-360M,0.26085160
SP-019,CREDIT-G042-006M,0.00512029
SP-019,CREDIT-G042-012M,0.01021437
SP-019,CREDIT-G042-024M,0.02032440
SP-019,CREDIT-G042-036M,0.03033117
SP-019,CREDIT-G042-060M,0.05003913
SP-019,CREDIT-G042-084M,0.07109271
SP-019,CREDIT-G042-120M,0.09731246
SP-019,CREDIT-G042-144M,0.11547914
SP-019,CREDIT-G042-180M,0.14203260
SP-019,CREDIT-G042-240M,0.18492972
SP-019,CREDIT-G042-300M,0.22568035
SP-019,CREDIT-G042-360M,0.26439188
SP-019,CREDIT-G043-006M,0.00519988
SP-019,CREDIT-G043-012M,0.01037272
SP-019,CREDIT-G043-024M,0.02063785
SP-019,CREDIT-G043-036M,0.03079650
SP-019,CREDIT-G043-060M,0.05079879
SP-019,CREDIT-G043-084M,0.07212388
SP-019,CREDIT-G043-120M,0.09875677
SP-019,CREDIT-G043-144M,0.11717760
SP-019,CREDIT-G043-180M,0.14409181
SP-019,CREDIT-G043-240M,0.18753578
SP-019,CREDIT-G043-300M,0.22877288
SP-019,CREDIT-G043-360M,0.26791522
SP-019,CREDIT-G044-006M,0.00527946
SP-019,CREDIT-G044-012M,0.01053105
SP-019,CREDIT-G044-024M,0.02095119
SP-019,CREDIT-G044-036M,0.03126161
SP-019,CREDIT-G044-060M,0.05155785
SP-019,CREDIT-G044-084M,0.07315388
SP-019,CREDIT-G044-120M,0.10019878
SP-019,CREDIT-G044-144M,0.11887281
SP-019,CREDIT-G044-180M,0.14614610
SP-019,CREDIT-G044-240M,0.19013353
SP-019,CREDIT-G044-300M,0.23185309
SP-019,CREDIT-G044-360M,0.27142172
SP-019,CREDIT-G045-006M,0.00535903
SP-019,CREDIT-G045-012M,0.01068935
SP-019,CREDIT-G045-024M,0.02126444
SP-019,CREDIT-G045-036M,0.03172649
SP-019,CREDIT-G045-060M,0.05231630
SP-019,CREDIT-G045-084M,0.07418271
SP-019,CREDIT-G045-120M,0.10163849
SP-019,CREDIT-G045-144M,0.12056477
SP-019,CREDIT-G045-180M,0.14819547
SP-019,CREDIT-G045-240M,0.19272298
SP-019,CREDIT-G045-300M,0.23492102
SP-019,CREDIT-G045-360M,0.27491144
SP-019,CREDIT-G046-006M,0.00543860
SP-019,CREDIT-G046-012M,0.01084763
SP-019,CREDIT-G046-024M,0.02157759
SP-019,CREDIT-G046-036M,0.03219115
SP-019,CREDIT-G046-060M,0.05307414
SP-019,CREDIT-G046-084M,0.07521038
SP-019,CREDIT-G046-120M,0.10307589
SP-019,CREDIT-G046-144M,0.12225349
SP-019,CREDIT-G046-180M,0.15023994
SP-019,CREDIT-G046-240M,0.19530418
SP-019,CREDIT-G046-300M,0.23797672
SP-019,CREDIT-G046-360M,0.27838448
SP-019,CREDIT-G047-006M,0.00551816
SP-019,CREDIT-G047-012M,0.01100588
SP-019,CREDIT-G047-024M,0.02189063
SP-019,CREDIT-G047-036M,0.03265559
SP-019,CREDIT-G047-060M,0.05383138
SP-019,CREDIT-G047-084M,0.07623689
SP-019,CREDIT-G047-120M,0.10451100
SP-019,CREDIT-G047-144M,0.12393897
SP-019,CREDIT-G047-180M,0.15227952
SP-019,CREDIT-G047-240M,0.19787715
SP-019,CREDIT-G047-300M,0.24102024
SP-019,CREDIT-G047-360M,0.28184090
SP-019,CREDIT-G048-006M,0.00559772
SP-019,CREDIT-G048-012M,0.01116411
SP-019,CREDIT-G048-024M,0.02220358
SP-019,CREDIT-G048-036M,0.03311980
SP-019,CREDIT-G048-060M,0.05458801
SP-019,CREDIT-G048-084M,0.07726224
SP-019,CREDIT-G048-120M,0.10594382
SP-019,CREDIT-G048-144M,0.12562123
SP-019,CREDIT-G048-180M,0.15431421
SP-019,CREDIT-G048-240M,0.20044191
SP-019,CREDIT-G048-300M,0.24405162
SP-019,CREDIT-G048-360M,0.28528080
SP-019,CREDIT-G049-006M,0.00567727
SP-019,CREDIT-G049-012M,0.01132231
SP-019,CREDIT-G049-024M,0.02251642
SP-019,CREDIT-G049-036M,0.03358379
SP-019,CREDIT-G049-060M,0.05534404
SP-019,CREDIT-G049-084M,0.07828643
SP-019,CREDIT-G049-120M,0.10737435
SP-019,CREDIT-G049-144M,0.12730027
SP-019,CREDIT-G049-180M,0.15634405
SP-019,CREDIT-G049-240M,0.20299849
SP-019,CREDIT-G049-300M,0.24707092
SP-019,CREDIT-G049-360M,0.28870424
SP-019,CREDIT-G050-006M,0.00575681
SP-019,CREDIT-G050-012M,0.01148048
SP-019,CREDIT-G050-024M,0.02282917
SP-019,CREDIT-G050-036M,0.03404756
SP-019,CREDIT-G050-060M,0.05609946
SP-019,CREDIT-G050-084M,0.07930946
SP-019,CREDIT-G050-120M,0.10880260
SP-019,CREDIT-G050-144M,0.12897609
SP-019,CREDIT-G050-180M,0.15836902
SP-019,CREDIT-G050-240M,0.20554692
SP-019,CREDIT-G050-300M,0.25007819
SP-019,CREDIT-G050-360M,0.29211131
SP-019,CREDIT-G051-006M,0.00583635
SP-019,CREDIT-G051-012M,0.01163863
SP-019,CREDIT-G051-024M,0.02314181
SP-019,CREDIT-G051-036M,0.03451111
SP-019,CREDIT-G051-060M,0.05685428
SP-019,CREDIT-G051-084M,0.08033133
SP-019,CREDIT-G051-120M,0.11022856
SP-019,CREDIT-G051-144M,0.13064870
SP-019,CREDIT-G051-180M,0.16038916
SP-019,CREDIT-G051-240M,0.20808721
SP-019,CREDIT-G051-300M,0.25307346
SP-019,CREDIT-G051-360M,0.29550208
SP-019,CREDIT-G052-006M,0.00591588
SP-019,CREDIT-G052-012M,0.01179676
SP-019,CREDIT-G052-024M,0.02345435
SP-019,CREDIT-G052-036M,0.03497443
SP-019,CREDIT-G052-060M,0.05760850
SP-019,CREDIT-G052-084M,0.08135205
SP-019,CREDIT-G052-120M,0.11165225
SP-019,CREDIT-G052-144M,0.13231810
SP-019,CREDIT-G052-180M,0.16240446
SP-019,CREDIT-G052-240M,0.21061941
SP-019,CREDIT-G052-300M,0.25605680
SP-019,CREDIT-G052-360M,0.29887664
SP-019,CREDIT-G053-006M,0.00599540
SP-019,CREDIT-G053-012M,0.01195486
SP-019,CREDIT-G053-024M,0.02376680
SP-019,CREDIT-G053-036M,0.03543753
SP-019,CREDIT-G053-060M,0.05836211
SP-019,CREDIT-G053-084M,0.08237161
SP-019,CREDIT-G053-120M,0.11307366
SP-019,CREDIT-G053-144M,0.13398431
SP-019,CREDIT-G053-180M,0.16441494
SP-019,CREDIT-G053-240M,0.21314352
SP-019,CREDIT-G053-300M,0.25902824
SP-019,CREDIT-G053-360M,0.30223506
SP-019,CREDIT-G054-006M,0.00607492
SP-019,CREDIT-G054-012M,0.01211293
SP-019,CREDIT-G054-024M,0.02407914
SP-019,CREDIT-G054-036M,0.03590041
SP-019,CREDIT-G054-060M,0.05911512
SP-019,CREDIT-G054-084M,0.08339002
SP-019,CREDIT-G054-120M,0.11449281
SP-019,CREDIT-G054-144M,0.13564733
SP-019,CREDIT-G054-180M,0.16642061
SP-019,CREDIT-G054-240M,0.21565959
SP-019,CREDIT-G054-300M,0.26198784
SP-019,CREDIT-G054-360M,0.30557742
SP-019,CREDIT-G055-006M,0.00615443
SP-019,CREDIT-G055-012M,0.01227098
SP-019,CREDIT-G055-024M,0.02439139
SP-019,CREDIT-G055-036M,0.03636307
SP-019,CREDIT-G055-060M,0.05986752
SP-019,CREDIT-G055-084M,0.08440728
SP-019,CREDIT-G055-120M,0.11590968
SP-019,CREDIT-G055-144M,0.13730717
SP-019,CREDIT-G055-180M,0.16842148
SP-019,CREDIT-G055-240M,0.21816763
SP-019,CREDIT-G055-300M,0.26493564
SP-019,CREDIT-G055-360M,0.30890379
SP-019,CREDIT-G056-006M,0.00623393
SP-019,CREDIT-G056-012M,0.01242901
SP-019,CREDIT-G056-024M,0.02470353
SP-019,CREDIT-G056-036M,0.03682550
SP-019,CREDIT-G056-060M,0.06061933
SP-019,CREDIT-G056-084M,0.08542339
SP-019,CREDIT-G056-120M,0.11732430
SP-019,CREDIT-G056-144M,0.13896382
SP-019,CREDIT-G056-180M,0.17041756
SP-019,CREDIT-G056-240M,0.22066767
SP-019,CREDIT-G056-300M,0.26787169
SP-019,CREDIT-G056-360M,0.31221426
SP-019,CREDIT-G057-006M,0.00631343
SP-019,CREDIT-G057-012M,0.01258700
SP-019,CREDIT-G057-024M,0.02501558
SP-019,CREDIT-G057-036M,0.03728772
SP-019,CREDIT-G057-060M,0.06137053
SP-019,CREDIT-G057-084M,0.08643834
SP-019,CREDIT-G057-120M,0.11873666
SP-019,CREDIT-G057-144M,0.14061731
SP-019,CREDIT-G057-180M,0.17240888
SP-019,CREDIT-G057-240M,0.22315974
SP-019,CREDIT-G057-300M,0.27079603
SP-019,CREDIT-G057-360M,0.31550889
SP-019,CREDIT-G058-006M,0.00639292
SP-019,CREDIT-G058-012M,0.01274498
SP-019,CREDIT-G058-024M,0.02532752
SP-019,CREDIT-G058-036M,0.03774971
SP-019,CREDIT-G058-060M,0.06212114
SP-019,CREDIT-G058-084M,0.08745215
SP-019,CREDIT-G058-120M,0.12014676
SP-019,CREDIT-G058-144M,0.14226762
SP-019,CREDIT-G058-180M,0.17439542
SP-019,CREDIT-G058-240M,0.22564386
SP-019,CREDIT-G058-300M,0.27370872
SP-019,CREDIT-G058-360M,0.31878777
SP-019,CREDIT-G059-006M,0.00647241
SP-019,CREDIT-G059-012M,0.01290293
SP-019,CREDIT-G059-024M,0.02563937
SP-019,CREDIT-G059-036M,0.03821148
SP-019,CREDIT-G059-060M,0.06287114
SP-019,CREDIT-G059-084M,0.08846482
SP-019,CREDIT-G059-120M,0.12155460
SP-019,CREDIT-G059-144M,0.14391478
SP-019,CREDIT-G059-180M,0.17637722
SP-019,CREDIT-G059-240M,0.22812006
SP-019,CREDIT-G059-300M,0.27660980
SP-019,CREDIT-G059-360M,0.32205096
SP-019,CREDIT-G060-006M,0.00655189
SP-019,CREDIT-G060-012M,0.01306085
SP-019,CREDIT-G060-024M,0.02595111
SP-019,CREDIT-G060-036M,0.03867302
SP-019,CREDIT-G060-060M,0.06362054
SP-019,CREDIT-G060-084M,0.08947634
SP-019,CREDIT-G060-120M,0.12296021
SP-019,CREDIT-G060-144M,0.14555878
SP-019,CREDIT-G060-180M,0.17835428
SP-019,CREDIT-G060-240M,0.23058836
SP-019,CREDIT-G060-300M,0.27949931
SP-019,CREDIT-G060-360M,0.32529855
SP-019,CREDIT-G061-006M,0.00663136
SP-019,CREDIT-G061-012M,0.01321875
SP-019,CREDIT-G061-024M,0.02626276
SP-019,CREDIT-G061-036M,0.03913435
SP-019,CREDIT-G061-060M,0.06436935
SP-019,CREDIT-G061-084M,0.09048671
SP-019,CREDIT-G061-120M,0.12436356
SP-019,CREDIT-G061-144M,0.14719963
SP-019,CREDIT-G061-180M,0.18032660
SP-019,CREDIT-G061-240M,0.23304879
SP-019,CREDIT-G061-300M,0.28237731
SP-019,CREDIT-G061-360M,0.32853061
SP-019,CREDIT-G062-006M,0.00671083
SP-019,CREDIT-G062-012M,0.01337662
SP-019,CREDIT-G062-024M,0.02657431
SP-019,CREDIT-G062-036M,0.03959545
SP-019,CREDIT-G062-060M,0.06511755
SP-019,CREDIT-G062-084M,0.09149594
SP-019,CREDIT-G062-120M,0.12576468
SP-019,CREDIT-G062-144M,0.14883734
SP-019,CREDIT-G062-180M,0.18229421
SP-019,CREDIT-G062-240M,0.23550137
SP-019,CREDIT-G062-300M,0.28524383
SP-019,CREDIT-G062-360M,0.33174722
SP-019,CREDIT-G063-006M,0.00679029
SP-019,CREDIT-G063-012M,0.01353447
SP-019,CREDIT-G063-024M,0.02688575
SP-019,CREDIT-G063-036M,0.04005634
SP-019,CREDIT-G063-060M,0.06586516
SP-019,CREDIT-G063-084M,0.09250403
SP-019,CREDIT-G063-120M,0.12716355
SP-019,CREDIT-G063-144M,0.15047192
SP-019,CREDIT-G063-180M,0.18425711
SP-019,CREDIT-G063-240M,0.23794612
SP-019,CREDIT-G063-300M,0.28809893
SP-019,CREDIT-G063-360M,0.33494844
SP-019,CREDIT-G064-006M,0.00686974
SP-019,CREDIT-G064-012M,0.01369229
SP-019,CREDIT-G064-024M,0.02719710
SP-019,CREDIT-G064-036M,0.04051700
SP-019,CREDIT-G064-060M,0.06661217
SP-019,CREDIT-G064-084M,0.09351098
SP-019,CREDIT-G064-120M,0.12856020
SP-019,CREDIT-G064-144M,0.15210336
SP-019,CREDIT-G064-180M,0.18621532
SP-019,CREDIT-G064-240M,0.24038308
SP-019,CREDIT-G064-300M,0.29094265
SP-019,CREDIT-G064-360M,0.33813435
SP-019,CREDIT-G065-006M,0.00694919
SP-019,CREDIT-G065-012M,0.01385008
SP-019,CREDIT-G065-024M,0.02750835
SP-019,CREDIT-G065-036M,0.04097744
SP-019,CREDIT-G065-060M,0.06735858
SP-019,CREDIT-G065-084M,0.09451679
SP-019,CREDIT-G065-120M,0.12995461
SP-019,CREDIT-G065-144M,0.15373168
SP-019,CREDIT-G065-180M,0.18816884
SP-019,CREDIT-G065-240M,0.24281227
SP-019,CREDIT-G065-300M,0.29377503
SP-019,CREDIT-G065-360M,0.34130503
SP-019,CREDIT-G066-006M,0.00702863
SP-019,CREDIT-G066-012M,0.01400786
SP-019,CREDIT-G066-024M,0.02781949
SP-019,CREDIT-G066-036M,0.04143766
SP-019,CREDIT-G066-060M,0.06810439
SP-019,CREDIT-G066-084M,0.09552146
SP-019,CREDIT-G066-120M,0.13134680
SP-019,CREDIT-G066-144M,0.15535688
SP-019,CREDIT-G066-180M,0.19011770
SP-019,CREDIT-G066-240M,0.24523371
SP-019,CREDIT-G066-300M,0.29659612
SP-019,CREDIT-G066-360M,0.34446054
SP-019,CREDIT-G067-006M,0.00710806
SP-019,CREDIT-G067-012M,0.01416560
SP-019,CREDIT-G067-024M,0.02813054
SP-019,CREDIT-G067-036M,0.04189766
SP-019,CREDIT-G067-060M,0.06884961
SP-019,CREDIT-G067-084M,0.09652500
SP-019,CREDIT-G067-120M,0.13273676
SP-019,CREDIT-G067-144M,0.15697897
SP-019,CREDIT-G067-180M,0.19206188
SP-019,CREDIT-G067-240M,0.24764743
SP-019,CREDIT-G067-300M,0.29940596
SP-019,CREDIT-G067-360M,0.34760097
SP-019,CREDIT-G068-006M,0.00718749
SP-019,CREDIT-G068-012M,0.01432332
SP-019,CREDIT-G068-024M,0.02844149
SP-019,CREDIT-G068-036M,0.04235744
SP-019,CREDIT-G068-060M,0.06959423
SP-019,CREDIT-G068-084M,0.09752740
SP-019,CREDIT-G068-120M,0.13412451
SP-019,CREDIT-G068-144M,0.15859795
SP-019,CREDIT-G068-180M,0.19400142
SP-019,CREDIT-G068-240M,0.25005345
SP-019,CREDIT-G068-300M,0.30220461
SP-019,CREDIT-G068-360M,0.35072637
SP-019,CREDIT-G069-006M,0.00726691
SP-019,CREDIT-G069-012M,0.01448102
SP-019,CREDIT-G069-024M,0.02875234
SP-019,CREDIT-G069-036M,0.04281700
SP-019,CREDIT-G069-060M,0.07033826
SP-019,CREDIT-G069-084M,0.09852867
SP-019,CREDIT-G069-120M,0.13551003
SP-019,CREDIT-G069-144M,0.16021384
SP-019,CREDIT-G069-180M,0.19593632
SP-019,CREDIT-G069-240M,0.25245180
SP-019,CREDIT-G069-300M,0.30499210
SP-019,CREDIT-G069-360M,0.35383684
SP-019,CREDIT-G070-006M,0.00734633
SP-019,CREDIT-G070-012M,0.01463869
SP-019,CREDIT-G070-024M,0.02906309
SP-019,CREDIT-G070-036M,0.04327634
SP-019,CREDIT-G070-060M,0.07108169
SP-019,CREDIT-G070-084M,0.09952880
SP-019,CREDIT-G070-120M,0.13689335
SP-019,CREDIT-G070-144M,0.16182662
SP-019,CREDIT-G070-180M,0.19786660
SP-019,CREDIT-G070-240M,0.25484250
SP-019,CREDIT-G070-300M,0.30776848
SP-019,CREDIT-G070-360M,0.35693242
SP-019,CREDIT-G071-006M,0.00742574
SP-019,CREDIT-G071-012M,0.01479633
SP-019,CREDIT-G071-024M,0.02937374
SP-019,CREDIT-G071-036M,0.04373545
SP-019,CREDIT-G071-060M,0.07182453
SP-019,CREDIT-G071-084M,0.10052781
SP-019,CREDIT-G071-120M,0.13827445
SP-019,CREDIT-G071-144M,0.16343632
SP-019,CREDIT-G071-180M,0.19979225
SP-019,CREDIT-G071-240M,0.25722557
SP-019,CREDIT-G071-300M,0.31053380
SP-019,CREDIT-G071-360M,0.36001321
SP-019,CREDIT-G072-006M,0.00750514
SP-019,CREDIT-G072-012M,0.01495395
SP-019,CREDIT-G072-024M,0.02968429
SP-019,CREDIT-G072-036M,0.04419435
SP-019,CREDIT-G072-060M,0.07256677
SP-019,CREDIT-G072-084M,0.10152568
SP-019,CREDIT-G072-120M,0.13965335
SP-019,CREDIT-G072-144M,0.16504294
SP-019,CREDIT-G072-180M,0.20171330
SP-019,CREDIT-G072-240M,0.25960104
SP-019,CREDIT-G072-300M,0.31328809
SP-019,CREDIT-G072-360M,0.36307926
SP-019,CREDIT-G073-006M,0.00758454
SP-019,CREDIT-G073-012M,0.01511155
SP-019,CREDIT-G073-024M,0.02999474
SP-019,CREDIT-G073-036M,0.04465303
SP-019,CREDIT-G073-060M,0.07330842
SP-019,CREDIT-G073-084M,0.10252242
SP-019,CREDIT-G073-120M,0.14103005
SP-019,CREDIT-G073-144M,0.16664648
SP-019,CREDIT-G073-180M,0.20362975
SP-019,CREDIT-G073-240M,0.26196894
SP-019,CREDIT-G073-300M,0.31603140
SP-019,CREDIT-G073-360M,0.36613065
SP-019,CREDIT-G074-006M,0.00766393
SP-019,CREDIT-G074-012M,0.01526912
SP-019,CREDIT-G074-024M,0.03030509
SP-019,CREDIT-G074-036M,0.04511148
SP-019,CREDIT-G074-060M,0.07404948
SP-019,CREDIT-G074-084M,0.10351804
SP-019,CREDIT-G074-120M,0.14240455
SP-019,CREDIT-G074-144M,0.16824695
SP-019,CREDIT-G074-180M,0.20554162
SP-019,CREDIT-G074-240M,0.26432928
SP-019,CREDIT-G074-300M,0.31876378
SP-019,CREDIT-G074-360M,0.36916745
SP-019,CREDIT-G075-006M,0.00774331
SP-019,CREDIT-G075-012M,0.01542666
SP-019,CREDIT-G075-024M,0.03061535
SP-019,CREDIT-G075-036M,0.04556972
SP-019,CREDIT-G075-060M,0.07478994
SP-019,CREDIT-G075-084M,0.10451253
SP-019,CREDIT-G075-120M,0.14377686
SP-019,CREDIT-G075-144M,0.16984435
SP-019,CREDIT-G075-180M,0.20744892
SP-019,CREDIT-G075-240M,0.26668210
SP-019,CREDIT-G075-300M,0.32148527
SP-019,CREDIT-G075-360M,0.37218973
SP-019,CREDIT-G076-006M,0.00782269
SP-019,CREDIT-G076-012M,0.01558418
SP-019,CREDIT-G076-024M,0.03092550
SP-019,CREDIT-G076-036M,0.04602774
SP-019,CREDIT-G076-060M,0.07552982
SP-019,CREDIT-G076-084M,0.10550590
SP-019,CREDIT-G076-120M,0.14514697
SP-019,CREDIT-G076-144M,0.17143870
SP-019,CREDIT-G076-180M,0.20935166
SP-019,CREDIT-G076-240M,0.26902742
SP-019,CREDIT-G076-300M,0.32419591
SP-019,CREDIT-G076-360M,0.37519755
SP-019,CREDIT-G077-006M,0.00790206
SP-019,CREDIT-G077-012M,0.01574168
SP-019,CREDIT-G077-024M,0.03123555
SP-019,CREDIT-G077-036M,0.04648553
SP-019,CREDIT-G077-060M,0.07626910
SP-019,CREDIT-G077-084M,0.10649814
SP-019,CREDIT-G077-120M,0.14651490
SP-019,CREDIT-G077-144M,0.17302999
SP-019,CREDIT-G077-180M,0.21124984
SP-019,CREDIT-G077-240M,0.27136525
SP-019,CREDIT-G077-300M,0.32689574
SP-019,CREDIT-G077-360M,0.37819100
SP-019,CREDIT-G078-006M,0.00798142
SP-019,CREDIT-G078-012M,0.01589914
SP-019,CREDIT-G078-024M,0.03154551
SP-019,CREDIT-G078-036M,0.04694311
SP-019,CREDIT-G078-060M,0.07700779
SP-019,CREDIT-G078-084M,0.10748926
SP-019,CREDIT-G078-120M,0.14788064
SP-019,CREDIT-G078-144M,0.17461824
SP-019,CREDIT-G078-180M,0.21314349
SP-019,CREDIT-G078-240M,0.27369563
SP-019,CREDIT-G078-300M,0.32958482
SP-019,CREDIT-G078-360M,0.38117013
SP-019,CREDIT-G079-006M,0.00806078
SP-019,CREDIT-G079-012M,0.01605659
SP-019,CREDIT-G079-024M,0.03185536
SP-019,CREDIT-G079-036M,0.04740047
SP-019,CREDIT-G079-060M,0.07774588
SP-019,CREDIT-G079-084M,0.10847925
SP-019,CREDIT-G079-120M,0.14924420
SP-019,CREDIT-G079-144M,0.17620344
SP-019,CREDIT-G079-180M,0.21503260
SP-019,CREDIT-G079-240M,0.27601858
SP-019,CREDIT-G079-300M,0.33226318
SP-019,CREDIT-G079-360M,0.38413501
SP-019,CREDIT-G080-006M,0.00814013
SP-019,CREDIT-G080-012M,0.01621401
SP-019,CREDIT-G080-024M,0.03216512
SP-019,CREDIT-G080-036M,0.04785761
SP-019,CREDIT-G080-060M,0.07848339
SP-019,CREDIT-G080-084M,0.10946813
SP-019,CREDIT-G080-120M,0.15060559
SP-019,CREDIT-G080-144M,0.17778561
SP-019,CREDIT-G080-180M,0.21691720
SP-019,CREDIT-G080-240M,0.27833412
SP-019,CREDIT-G080-300M,0.33493086
SP-019,CREDIT-G080-360M,0.38708572
SP-019,CREDIT-G081-006M,0.00821948
SP-019,CREDIT-G081-012M,0.01637140
SP-019,CREDIT-G081-024M,0.03247478
SP-019,CREDIT-G081-036M,0.04831452
SP-019,CREDIT-G081-060M,0.07922031
SP-019,CREDIT-G081-084M,0.11045589
SP-019,CREDIT-G081-120M,0.15196480
SP-019,CREDIT-G081-144M,0.17936475
SP-019,CREDIT-G081-180M,0.21879729
SP-019,CREDIT-G081-240M,0.28064227
SP-019,CREDIT-G081-300M,0.33758791
SP-019,CREDIT-G081-360M,0.39002231
SP-019,CREDIT-G082-006M,0.00829882
SP-019,CREDIT-G082-012M,0.01652877
SP-019,CREDIT-G082-024M,0.03278434
SP-019,CREDIT-G082-036M,0.04877122
SP-019,CREDIT-G082-060M,0.07995664
SP-019,CREDIT-G082-084M,0.11144253
SP-019,CREDIT-G082-120M,0.15332183
SP-019,CREDIT-G082-144M,0.18094086
SP-019,CREDIT-G082-180M,0.22067288
SP-019,CREDIT-G082-240M,0.28294307
SP-019,CREDIT-G082-300M,0.34023437
SP-019,CREDIT-G082-360M,0.39294487
SP-019,CREDIT-G083-006M,0.00837815
SP-019,CREDIT-G083-012M,0.01668611
SP-019,CREDIT-G083-024M,0.03309380
SP-019,CREDIT-G083-036M,0.04922770
SP-019,CREDIT-G083-060M,0.08069238
SP-019,CREDIT-G083-084M,0.11242806
SP-019,CREDIT-G083-120M,0.15467671
SP-019,CREDIT-G083-144M,0.18251396
SP-019,CREDIT-G083-180M,0.22254399
SP-019,CREDIT-G083-240M,0.28523653
SP-019,CREDIT-G083-300M,0.34287028
SP-019,CREDIT-G083-360M,0.39585345
SP-019,CREDIT-G084-006M,0.00845748
SP-019,CREDIT-G084-012M,0.01684343
SP-019,CREDIT-G084-024M,0.03340316
SP-019,CREDIT-G084-036M,0.04968397
SP-019,CREDIT-G084-060M,0.08142753
SP-019,CREDIT-G084-084M,0.11341247
SP-019,CREDIT-G084-120M,0.15602942
SP-019,CREDIT-G084-144M,0.18408404
SP-019,CREDIT-G084-180M,0.22441062
SP-019,CREDIT-G084-240M,0.28752267
SP-019,CREDIT-G084-300M,0.34549569
SP-019,CREDIT-G084-360M,0.39874813
SP-019,CREDIT-G085-006M,0.00853680
SP-019,CREDIT-G085-012M,0.01700072
SP-019,CREDIT-G085-024M,0.03371242
SP-019,CREDIT-G085-036M,0.05014001
SP-019,CREDIT-G085-060M,0.08216210
SP-019,CREDIT-G085-084M,0.11439576
SP-019,CREDIT-G085-120M,0.15737996
SP-019,CREDIT-G085-144M,0.18565112
SP-019,CREDIT-G085-180M,0.22627279
SP-019,CREDIT-G085-240M,0.28980152
SP-019,CREDIT-G085-300M,0.34811063
SP-019,CREDIT-G085-360M,0.40162896
SP-019,CREDIT-G086-006M,0.00861611
SP-019,CREDIT-G086-012M,0.01715799
SP-019,CREDIT-G086-024M,0.03402158
SP-019,CREDIT-G086-036M,0.05059583
SP-019,CREDIT-G086-060M,0.08289607
SP-019,CREDIT-G086-084M,0.11537795
SP-019,CREDIT-G086-120M,0.15872836
SP-019,CREDIT-G086-144M,0.18721519
SP-019,CREDIT-G086-180M,0.22813050
SP-019,CREDIT-G086-240M,0.29207311
SP-019,CREDIT-G086-300M,0.35071515
SP-019,CREDIT-G086-360M,0.40449602
SP-019,CREDIT-G087-006M,0.00869542
SP-019,CREDIT-G087-012M,0.01731523
SP-019,CREDIT-G087-024M,0.03433064
SP-019,CREDIT-G087-036M,0.05105144
SP-019,CREDIT-G087-060M,0.08362946
SP-019,CREDIT-G087-084M,0.11635902
SP-019,CREDIT-G087-120M,0.16007459
SP-019,CREDIT-G087-144M,0.18877628
SP-019,CREDIT-G087-180M,0.22998377
SP-019,CREDIT-G087-240M,0.29433745
SP-019,CREDIT-G087-300M,0.35330929
SP-019,CREDIT-G087-360M,0.40734937
SP-019,CREDIT-G088-006M,0.00877472
SP-019,CREDIT-G088-012M,0.01747245
SP-019,CREDIT-G088-024M,0.03463961
SP-019,CREDIT-G088-036M,0.05150682
SP-019,CREDIT-G088-060M,0.08436227
SP-019,CREDIT-G088-084M,0.11733898
SP-019,CREDIT-G088-120M,0.16141868
SP-019,CREDIT-G088-144M,0.19033437
SP-019,CREDIT-G088-180M,0.23183261
SP-019,CREDIT-G088-240M,0.29659457
SP-019,CREDIT-G088-300M,0.35589309
SP-019,CREDIT-G088-360M,0.41018908
SP-019,CREDIT-G089-006M,0.00885402
SP-019,CREDIT-G089-012M,0.01762964
SP-019,CREDIT-G089-024M,0.03494848
SP-019,CREDIT-G089-036M,0.05196199
SP-019,CREDIT-G089-060M,0.08509448
SP-019,CREDIT-G089-084M,0.11831784
SP-019,CREDIT-G089-120M,0.16276063
SP-019,CREDIT-G089-144M,0.19188948
SP-019,CREDIT-G089-180M,0.23367703
SP-019,CREDIT-G089-240M,0.29884450
SP-019,CREDIT-G089-300M,0.35846660
SP-019,CREDIT-G089-360M,0.41301521
SP-019,CREDIT-G090-006M,0.00893330
SP-019,CREDIT-G090-012M,0.01778681
SP-019,CREDIT-G090-024M,0.03525724
SP-019,CREDIT-G090-036M,0.05241694
SP-019,CREDIT-G090-060M,0.08582612
SP-019,CREDIT-G090-084M,0.11929558
SP-019,CREDIT-G090-120M,0.16410043
SP-019,CREDIT-G090-144M,0.19344161
SP-019,CREDIT-G090-180M,0.23551703
SP-019,CREDIT-G090-240M,0.30108724
SP-019,CREDIT-G090-300M,0.36102984
SP-019,CREDIT-G090-360M,0.41582782
SP-019,CREDIT-G091-006M,0.00901259
SP-019,CREDIT-G091-012M,0.01794395
SP-019,CREDIT-G091-024M,0.03556591
SP-019,CREDIT-G091-036M,0.05287167
SP-019,CREDIT-G091-060M,0.08655716
SP-019,CREDIT-G091-084M,0.12027222
SP-019,CREDIT-G091-120M,0.16543809
SP-019,CREDIT-G091-144M,0.19499077
SP-019,CREDIT-G091-180M,0.23735264
SP-019,CREDIT-G091-240M,0.30332284
SP-019,CREDIT-G091-300M,0.36358288
SP-019,CREDIT-G091-360M,0.41862699
SP-019,CREDIT-G092-006M,0.00909186
SP-019,CREDIT-G092-012M,0.01810106
SP-019,CREDIT-G092-024M,0.03587448
SP-019,CREDIT-G092-036M,0.05332618
SP-019,CREDIT-G092-060M,0.08728762
SP-019,CREDIT-G092-084M,0.12124776
SP-019,CREDIT-G092-120M,0.16677361
SP-019,CREDIT-G092-144M,0.19653696
SP-019,CREDIT-G092-180M,0.23918385
SP-019,CREDIT-G092-240M,0.30555131
SP-019,CREDIT-G092-300M,0.36612573
SP-019,CREDIT-G092-360M,0.42141278
SP-019,CREDIT-G093-006M,0.00917113
SP-019,CREDIT-G093-012M,0.01825815
SP-019,CREDIT-G093-024M,0.03618295
SP-019,CREDIT-G093-036M,0.05378048
SP-019,CREDIT-G093-060M,0.08801750
SP-019,CREDIT-G093-084M,0.12222219
SP-019,CREDIT-G093-120M,0.16810700
SP-019,CREDIT-G093-144M,0.19808019
SP-019,CREDIT-G093-180M,0.24101069
SP-019,CREDIT-G093-240M,0.30777267
SP-019,CREDIT-G093-300M,0.36865846
SP-019,CREDIT-G093-360M,0.42418524
SP-019,CREDIT-G094-006M,0.00925039
SP-019,CREDIT-G094-012M,0.01841522
SP-019,CREDIT-G094-024M,0.03649132
SP-019,CREDIT-G094-036M,0.05423455
SP-019,CREDIT-G094-060M,0.08874680
SP-019,CREDIT-G094-084M,0.12319552
SP-019,CREDIT-G094-120M,0.16943827
SP-019,CREDIT-G094-144M,0.19962046
SP-019,CREDIT-G094-180M,0.24283316
SP-019,CREDIT-G094-240M,0.30998695
SP-019,CREDIT-G094-300M,0.37118108
SP-019,CREDIT-G094-360M,0.42694446
SP-019,CREDIT-G095-006M,0.00932965
SP-019,CREDIT-G095-012M,0.01857226
SP-019,CREDIT-G095-024M,0.03679960
SP-019,CREDIT-G095-036M,0.05468841
SP-019,CREDIT-G095-060M,0.08947551
SP-019,CREDIT-G095-084M,0.12416774
SP-019,CREDIT-G095-120M,0.17076740
SP-019,CREDIT-G095-144M,0.20115779
SP-019,CREDIT-G095-180M,0.24465126
SP-019,CREDIT-G095-240M,0.31219417
SP-019,CREDIT-G095-300M,0.37369366
SP-019,CREDIT-G095-360M,0.42969047
SP-019,CREDIT-G096-006M,0.00940890
SP-019,CREDIT-G096-012M,0.01872928
SP-019,CREDIT-G096-024M,0.03710777
SP-019,CREDIT-G096-036M,0.05514205
SP-019,CREDIT-G096-060M,0.09020364
SP-019,CREDIT-G096-084M,0.12513887
SP-019,CREDIT-G096-120M,0.17209442
SP-019,CREDIT-G096-144M,0.20269217
SP-019,CREDIT-G096-180M,0.24646502
SP-019,CREDIT-G096-240M,0.31439435
SP-019,CREDIT-G096-300M,0.37619622
SP-019,CREDIT-G096-360M,0.43242336
SP-019,CREDIT-G097-006M,0.00948815
SP-019,CREDIT-G097-012M,0.01888627
SP-019,CREDIT-G097-024M,0.03741585
SP-019,CREDIT-G097-036M,0.05559547
SP-019,CREDIT-G097-060M,0.09093118
SP-019,CREDIT-G097-084M,0.12610890
SP-019,CREDIT-G097-120M,0.17341931
SP-019,CREDIT-G097-144M,0.20422362
SP-019,CREDIT-G097-180M,0.24827445
SP-019,CREDIT-G097-240M,0.31658751
SP-019,CREDIT-G097-300M,0.37868881
SP-019,CREDIT-G097-360M,0.43514319
SP-019,CREDIT-G098-006M,0.00956738
SP-019,CREDIT-G098-012M,0.01904323
SP-019,CREDIT-G098-024M,0.03772383
SP-019,CREDIT-G098-036M,0.05604868
SP-019,CREDIT-G098-060M,0.09165815
SP-019,CREDIT-G098-084M,0.12707783
SP-019,CREDIT-G098-120M,0.17474209
SP-019,CREDIT-G098-144M,0.20575213
SP-019,CREDIT-G098-180M,0.25007954
SP-019,CREDIT-G098-240M,0.31877368
SP-019,CREDIT-G098-300M,0.38117147
SP-019,CREDIT-G098-360M,0.43785000
SP-019,CREDIT-G099-006M,0.00964662
SP-019,CREDIT-G099-012M,0.01920017
SP-019,CREDIT-G099-024M,0.03803170
SP-019,CREDIT-G099-036M,0.05650167
SP-019,CREDIT-G099-060M,0.09238453
SP-019,CREDIT-G099-084M,0.12804566
SP-019,CREDIT-G099-120M,0.17606276
SP-019,CREDIT-G099-144M,0.20727772
SP-019,CREDIT-G099-180M,0.25188032
SP-019,CREDIT-G099-240M,0.32095288
SP-019,CREDIT-G099-300M,0.38364423
SP-019,CREDIT-G099-360M,0.44054388
SP-019,CREDIT-G100-006M,0.00972584
SP-019,CREDIT-G100-012M,0.01935709
SP-019,CREDIT-G100-024M,0.03833949
SP-019,CREDIT-G100-036M,0.05695444
SP-019,CREDIT-G100-060M,0.09311033
SP-019,CREDIT-G100-084M,0.12901240
SP-019,CREDIT-G100-120M,0.17738132
SP-019,CREDIT-G100-144M,0.20880038
SP-019,CREDIT-G100-180M,0.25367679
SP-019,CREDIT-G100-240M,0.32312513
SP-019,CREDIT-G100-300M,0.38610713
SP-019,CREDIT-G100-360M,0.44322488
SP-019,FX-USDEUR-1D,0.93431101
SP-019,FX-USDEUR-1M,0.93520457
SP-019,FX-USDEUR-3M,0.93698571
SP-019,FX-USDGBP-1D,0.79385316
SP-019,FX-USDGBP-1M,0.79368115
SP-019,FX-USDGBP-3M,0.79337258
SP-019,FX-USDJPY-1D,150.82040966
SP-019,FX-USDJPY-1M,151.28003414
SP-019,FX-USDJPY-3M,152.19887719
SP-019,FX-USDCHF-1D,0.90270222
SP-019,FX-USDCHF-1M,0.90511109
SP-019,FX-USDCHF-3M,0.90995115
SP-019,FX-USDCAD-1D,1.36192789
SP-019,FX-USDCAD-1M,1.36243899
SP-019,FX-USDCAD-3M,1.36353698
SP-019,FX-USDAUD-1D,1.52887285
SP-019,FX-USDAUD-1M,1.52893035
SP-019,FX-USDAUD-3M,1.52918527
SP-019,FX-USDNZD-1D,1.65427187
SP-019,FX-USDNZD-1M,1.65310939
SP-019,FX-USDNZD-3M,1.65095272
SP-019,FX-USDSEK-1D,10.62376323
SP-019,FX-USDSEK-1M,10.63634743
SP-019,FX-USDSEK-3M,10.66178649
SP-019,FX-USDNOK-1D,10.73102613
SP-019,FX-USDNOK-1M,10.73403911
SP-019,FX-USDNOK-3M,10.74075026
SP-019,FX-USDDKK-1D,6.95874921
SP-019,FX-USDDKK-1M,6.96586918
SP-019,FX-USDDKK-3M,6.98020240
SP-019,FX-USDPLN-1D,4.03936240
SP-019,FX-USDPLN-1M,4.03592933
SP-019,FX-USDPLN-3M,4.02937658
SP-019,FX-USDCZK-1D,23.48235066
SP-019,FX-USDCZK-1M,23.47282683
SP-019,FX-USDCZK-3M,23.45523002
SP-019,FX-USDHUF-1D,360.89234834
SP-019,FX-USDHUF-1M,360.17803323
SP-019,FX-USDHUF-3M,358.78509024
SP-019,FX-USDSGD-1D,1.36279270
SP-019,FX-USDSGD-1M,1.36392933
SP-019,FX-USDSGD-3M,1.36624237
SP-019,FX-USDHKD-1D,7.83395080
SP-019,FX-USDHKD-1M,7.83542061
SP-019,FX-USDHKD-3M,7.83857725
SP-019,FX-USDKRW-1D,1366.47640749
SP-019,FX-USDKRW-1M,1367.58182034
SP-019,FX-USDKRW-3M,1369.74880277
SP-019,FX-USDCNY-1D,7.23862586
SP-019,FX-USDCNY-1M,7.25052377
SP-019,FX-USDCNY-3M,7.27432787
SP-019,FX-USDINR-1D,84.17618771
SP-019,FX-USDINR-1M,84.01868086
SP-019,FX-USDINR-3M,83.71002316
SP-019,FX-USDBRL-1D,5.05561141
SP-019,FX-USDBRL-1M,5.02901625
SP-019,FX-USDBRL-3M,4.97593578
SP-019,FX-EURGBP-1D,0.84966693
SP-019,FX-EURGBP-1M,0.84867116
SP-019,FX-EURGBP-3M,0.84672858
SP-019,FX-EURJPY-1D,161.42420299
SP-019,FX-EURJPY-1M,161.76143575
SP-019,FX-EURJPY-3M,162.43457646
SP-019,FX-EURCHF-1D,0.96616888
SP-019,FX-EURCHF-1M,0.96782150
SP-019,FX-EURCHF-3M,0.97114731
SP-019,FX-EURCAD-1D,1.45768152
SP-019,FX-EURCAD-1M,1.45683526
SP-019,FX-EURCAD-3M,1.45523775
SP-019,FX-EURAUD-1D,1.63636395
SP-019,FX-EURAUD-1M,1.63486193
SP-019,FX-EURAUD-3M,1.63202625
SP-019,FX-EURNZD-1D,1.77057945
SP-019,FX-EURNZD-1M,1.76764469
SP-019,FX-EURNZD-3M,1.76198281
SP-019,FX-EURSEK-1D,11.37069258
SP-019,FX-EURSEK-1M,11.37328426
SP-019,FX-EURSEK-3M,11.37881438
SP-019,FX-EURNOK-1D,11.48549685
SP-019,FX-EURNOK-1M,11.47774448
SP-019,FX-EURNOK-3M,11.46308863
SP-019,FX-EURDKK-1D,7.44800089
SP-019,FX-EURDKK-1M,7.44849779
SP-019,FX-EURDKK-3M,7.44963590
SP-019,FX-EURPLN-1D,4.32335953
SP-019,FX-EURPLN-1M,4.31555774
SP-019,FX-EURPLN-3M,4.30036076
SP-019,FX-EURCZK-1D,25.13333407
SP-019,FX-EURCZK-1M,25.09913612
SP-019,FX-EURCZK-3M,25.03264429
SP-019,FX-EURHUF-1D,386.26575691
SP-019,FX-EURHUF-1M,385.13288360
SP-019,FX-EURHUF-3M,382.91415319
SP-019,FX-EURSGD-1D,1.45860713
SP-019,FX-EURSGD-1M,1.45842885
SP-019,FX-EURSGD-3M,1.45812508
SP-019,FX-EURHKD-1D,8.38473564
SP-019,FX-EURHKD-1M,8.37829589
SP-019,FX-EURHKD-3M,8.36573830
SP-019,FX-EURKRW-1D,1462.54983311
SP-019,FX-EURKRW-1M,1462.33440528
SP-019,FX-EURKRW-3M,1461.86733273
SP-019,FX-EURCNY-1D,7.74755494
SP-019,FX-EURCNY-1M,7.75287461
SP-019,FX-EURCNY-3M,7.76354194
SP-019,FX-EURINR-1D,90.09439798
SP-019,FX-EURINR-1M,89.83989541
SP-019,FX-EURINR-3M,89.33970085
SP-019,FX-EURBRL-1D,5.41105839
SP-019,FX-EURBRL-1M,5.37745046
SP-019,FX-EURBRL-3M,5.31057807
SP-019,FX-GBPJPY-1D,189.98527267
SP-019,FX-GBPJPY-1M,190.60555324
SP-019,FX-GBPJPY-3M,191.83783371
SP-019,FX-GBPCHF-1D,1.13711484
SP-019,FX-GBPCHF-1M,1.14039636
SP-019,FX-GBPCHF-3M,1.14694051
SP-019,FX-GBPCAD-1D,1.71559169
SP-019,FX-GBPCAD-1M,1.71660748
SP-019,FX-GBPCAD-3M,1.71865906
SP-019,FX-GBPAUD-1D,1.92588872
SP-019,FX-GBPAUD-1M,1.92637857
SP-019,FX-GBPAUD-3M,1.92744911
SP-019,FX-GBPNZD-1D,2.08385120
SP-019,FX-GBPNZD-1M,2.08283817
SP-019,FX-GBPNZD-3M,2.08092989
SP-019,FX-GBPSEK-1D,13.38252932
SP-019,FX-GBPSEK-1M,13.40128522
SP-019,FX-GBPSEK-3M,13.43856184
SP-019,FX-GBPNOK-1D,13.51764612
SP-019,FX-GBPNOK-1M,13.52437203
SP-019,FX-GBPNOK-3M,13.53809108
SP-019,FX-GBPDKK-1D,8.76578886
SP-019,FX-GBPDKK-1M,8.77665950
SP-019,FX-GBPDKK-3M,8.79813919
SP-019,FX-GBPPLN-1D,5.08829918
SP-019,FX-GBPPLN-1M,5.08507648
SP-019,FX-GBPPLN-3M,5.07879486
SP-019,FX-GBPCZK-1D,29.58021931
SP-019,FX-GBPCZK-1M,29.57463072
SP-019,FX-GBPCZK-3M,29.56395343
SP-019,FX-GBPHUF-1D,454.60844033
SP-019,FX-GBPHUF-1M,453.80696586
SP-019,FX-GBPHUF-3M,452.22774143
SP-019,FX-GBPSGD-1D,1.71668107
SP-019,FX-GBPSGD-1M,1.71848523
SP-019,FX-GBPSGD-3M,1.72206905
SP-019,FX-GBPHKD-1D,9.86826174
SP-019,FX-GBPHKD-1M,9.87225240
SP-019,FX-GBPHKD-3M,9.88007078
SP-019,FX-GBPKRW-1D,1721.32136137
SP-019,FX-GBPKRW-1M,1723.08719354
SP-019,FX-GBPKRW-3M,1726.48870943
SP-019,FX-GBPCNY-1D,9.11834353
SP-019,FX-GBPCNY-1M,9.13531057
SP-019,FX-GBPCNY-3M,9.16886725
SP-019,FX-GBPINR-1D,106.03495913
SP-019,FX-GBPINR-1M,105.85948925
SP-019,FX-GBPINR-3M,105.51161612
SP-019,FX-GBPBRL-1D,6.36844652
SP-019,FX-GBPBRL-1M,6.33631814
SP-019,FX-GBPBRL-3M,6.27187767
SP-019,FX-JPYCHF-1D,0.00598528
SP-019,FX-JPYCHF-1M,0.00598302
SP-019,FX-JPYCHF-3M,0.00597870
SP-019,FX-JPYCAD-1D,0.00903013
SP-019,FX-JPYCAD-1M,0.00900607
SP-019,FX-JPYCAD-3M,0.00895892
SP-019,FX-JPYAUD-1D,0.01013704
SP-019,FX-JPYAUD-1M,0.01010662
SP-019,FX-JPYAUD-3M,0.01004728
SP-019,FX-JPYNZD-1D,0.01096849
SP-019,FX-JPYNZD-1M,0.01092748
SP-019,FX-JPYNZD-3M,0.01084734
SP-019,FX-JPYSEK-1D,0.07043982
SP-019,FX-JPYSEK-1M,0.07030900
SP-019,FX-JPYSEK-3M,0.07005168
SP-019,FX-JPYNOK-1D,0.07115102
SP-019,FX-JPYNOK-1M,0.07095476
SP-019,FX-JPYNOK-3M,0.07057050
SP-019,FX-JPYDKK-1D,0.04613931
SP-019,FX-JPYDKK-1M,0.04604619
SP-019,FX-JPYDKK-3M,0.04586238
SP-019,FX-JPYPLN-1D,0.02678260
SP-019,FX-JPYPLN-1M,0.02667853
SP-019,FX-JPYPLN-3M,0.02647442
SP-019,FX-JPYCZK-1D,0.15569743
SP-019,FX-JPYCZK-1M,0.15516143
SP-019,FX-JPYCZK-3M,0.15410909
SP-019,FX-JPYHUF-1D,2.39286148
SP-019,FX-JPYHUF-1M,2.38086959
SP-019,FX-JPYHUF-3M,2.35734387
SP-019,FX-JPYSGD-1D,0.00903586
SP-019,FX-JPYSGD-1M,0.00901592
SP-019,FX-JPYSGD-3M,0.00897669
SP-019,FX-JPYHKD-1D,0.05194225
SP-019,FX-JPYHKD-1M,0.05179415
SP-019,FX-JPYHKD-3M,0.05150220
SP-019,FX-JPYKRW-1D,9.06028840
SP-019,FX-JPYKRW-1M,9.04006816
SP-019,FX-JPYKRW-3M,8.99973001
SP-019,FX-JPYCNY-1D,0.04799500
SP-019,FX-JPYCNY-1M,0.04792783
SP-019,FX-JPYCNY-3M,0.04779489
SP-019,FX-JPYINR-1D,0.55812199
SP-019,FX-JPYINR-1M,0.55538513
SP-019,FX-JPYINR-3M,0.55000421
SP-019,FX-JPYBRL-1D,0.03352074
SP-019,FX-JPYBRL-1M,0.03324309
SP-019,FX-JPYBRL-3M,0.03269364
SP-019,FX-CHFCAD-1D,1.50872333
SP-019,FX-CHFCAD-1M,1.50527267
SP-019,FX-CHFCAD-3M,1.49847271
SP-019,FX-CHFAUD-1D,1.69366246
SP-019,FX-CHFAUD-1M,1.68921844
SP-019,FX-CHFAUD-3M,1.68051358
SP-019,FX-CHFNZD-1D,1.83257761
SP-019,FX-CHFNZD-1M,1.82641601
SP-019,FX-CHFNZD-3M,1.81433114
SP-019,FX-CHFSEK-1D,11.76884587
SP-019,FX-CHFSEK-1M,11.75142754
SP-019,FX-CHFSEK-3M,11.71687781
SP-019,FX-CHFNOK-1D,11.88767009
SP-019,FX-CHFNOK-1M,11.85936089
SP-019,FX-CHFNOK-3M,11.80365584
SP-019,FX-CHFDKK-1D,7.70879820
SP-019,FX-CHFDKK-1M,7.69614827
SP-019,FX-CHFDKK-3M,7.67096383
SP-019,FX-CHFPLN-1D,4.47474519
SP-019,FX-CHFPLN-1M,4.45904305
SP-019,FX-CHFPLN-3M,4.42812404
SP-019,FX-CHFCZK-1D,26.01339652
SP-019,FX-CHFCZK-1M,25.93364173
SP-019,FX-CHFCZK-3M,25.77636162
SP-019,FX-CHFHUF-1D,399.79114075
SP-019,FX-CHFHUF-1M,397.93792801
SP-019,FX-CHFHUF-3M,394.29049395
SP-019,FX-CHFSGD-1D,1.50968135
SP-019,FX-CHFSGD-1M,1.50691925
SP-019,FX-CHFSGD-3M,1.50144583
SP-019,FX-CHFHKD-1D,8.67833341
SP-019,FX-CHFHKD-1M,8.65686065
SP-019,FX-CHFHKD-3M,8.61428353
SP-019,FX-CHFKRW-1D,1513.76210737
SP-019,FX-CHFKRW-1M,1510.95465507
SP-019,FX-CHFKRW-3M,1505.29926332
SP-019,FX-CHFCNY-1D,8.01884136
SP-019,FX-CHFCNY-1M,8.01064513
SP-019,FX-CHFCNY-3M,7.99419599
SP-019,FX-CHFINR-1D,93.24912058
SP-019,FX-CHFINR-1M,92.82692638
SP-019,FX-CHFINR-3M,91.99397433
SP-019,FX-CHFBRL-1D,5.60053064
SP-019,FX-CHFBRL-1M,5.55624197
SP-019,FX-CHFBRL-3M,5.46835481
SP-019,FX-CADAUD-1D,1.12257988
SP-019,FX-CADAUD-1M,1.12220097
SP-019,FX-CADAUD-3M,1.12148427
SP-019,FX-CADNZD-1D,1.21465452
SP-019,FX-CADNZD-1M,1.21334563
SP-019,FX-CADNZD-3M,1.21078691
SP-019,FX-CADSEK-1D,7.80053285
SP-019,FX-CADSEK-1M,7.80684310
SP-019,FX-CADSEK-3M,7.81921332
SP-019,FX-CADNOK-1D,7.87929098
SP-019,FX-CADNOK-1M,7.87854662
SP-019,FX-CADNOK-3M,7.87712430
SP-019,FX-CADDKK-1D,5.10948433
SP-019,FX-CADDKK-1M,5.11279347
SP-019,FX-CADDKK-3M,5.11918820
SP-019,FX-CADPLN-1D,2.96591503
SP-019,FX-CADPLN-1M,2.96228261
SP-019,FX-CADPLN-3M,2.95509154
SP-019,FX-CADCZK-1D,17.24199266
SP-019,FX-CADCZK-1M,17.22853427
SP-019,FX-CADCZK-3M,17.20175575
SP-019,FX-CADHUF-1D,264.98638529
SP-019,FX-CADHUF-1M,264.36268763
SP-019,FX-CADHUF-3M,263.12824403
SP-019,FX-CADSGD-1D,1.00063499
SP-019,FX-CADSGD-1M,1.00109388
SP-019,FX-CADSGD-3M,1.00198410
SP-019,FX-CADHKD-1D,5.75210395
SP-019,FX-CADHKD-1M,5.75102494
SP-019,FX-CADHKD-3M,5.74870897
SP-019,FX-CADKRW-1D,1003.33976453
SP-019,FX-CADKRW-1M,1003.77472312
SP-019,FX-CADKRW-3M,1004.55567146
SP-019,FX-CADCNY-1D,5.31498467
SP-019,FX-CADCNY-1M,5.32172363
SP-019,FX-CADCNY-3M,5.33489593
SP-019,FX-CADINR-1D,61.80664071
SP-019,FX-CADINR-1M,61.66784821
SP-019,FX-CADINR-3M,61.39182481
SP-019,FX-CADBRL-1D,3.71209919
SP-019,FX-CADBRL-1M,3.69118638
SP-019,FX-CADBRL-3M,3.64928554
SP-019,FX-AUDNZD-1D,1.08202057
SP-019,FX-AUDNZD-1M,1.08121955
SP-019,FX-AUDNZD-3M,1.07962897
SP-019,FX-AUDSEK-1D,6.94875524
SP-019,FX-AUDSEK-1M,6.95672463
SP-019,FX-AUDSEK-3M,6.97220061
SP-019,FX-AUDNOK-1D,7.01891339
SP-019,FX-AUDNOK-1M,7.02062007
SP-019,FX-AUDNOK-3M,7.02383841
SP-019,FX-AUDDKK-1D,4.55155522
SP-019,FX-AUDDKK-1M,4.55604088
SP-019,FX-AUDDKK-3M,4.56465447
SP-019,FX-AUDPLN-1D,2.64205254
SP-019,FX-AUDPLN-1M,2.63970777
SP-019,FX-AUDPLN-3M,2.63498260
SP-019,FX-AUDCZK-1D,15.35925675
SP-019,FX-AUDCZK-1M,15.35245004
SP-019,FX-AUDCZK-3M,15.33838341
SP-019,FX-AUDHUF-1D,236.05125043
SP-019,FX-AUDHUF-1M,235.57517379
SP-019,FX-AUDHUF-3M,234.62499707
SP-019,FX-AUDSGD-1D,0.89137085
SP-019,FX-AUDSGD-1M,0.89208075
SP-019,FX-AUDSGD-3M,0.89344463
SP-019,FX-AUDHKD-1D,5.12400412
SP-019,FX-AUDHKD-1M,5.12477276
SP-019,FX-AUDHKD-3M,5.12598270
SP-019,FX-AUDKRW-1D,893.78028143
SP-019,FX-AUDKRW-1M,894.46966574
SP-019,FX-AUDKRW-3M,895.73763678
SP-019,FX-AUDCNY-1D,4.73461600
SP-019,FX-AUDCNY-1M,4.74221979
SP-019,FX-AUDCNY-3M,4.75699577
SP-019,FX-AUDINR-1D,55.05767705
SP-019,FX-AUDINR-1M,54.95258877
SP-019,FX-AUDINR-3M,54.74158340
SP-019,FX-AUDBRL-1D,3.30675727
SP-019,FX-AUDBRL-1M,3.28923828
SP-019,FX-AUDBRL-3M,3.25397835
SP-019,FX-NZDSEK-1D,6.42201771
SP-019,FX-NZDSEK-1M,6.43414615
SP-019,FX-NZDSEK-3M,6.45795993
SP-019,FX-NZDNOK-1D,6.48685766
SP-019,FX-NZDNOK-1M,6.49324186
SP-019,FX-NZDNOK-3M,6.50578914
SP-019,FX-NZDDKK-1D,4.20653301
SP-019,FX-NZDDKK-1M,4.21379808
SP-019,FX-NZDDKK-3M,4.22798444
SP-019,FX-NZDPLN-1D,2.44177664
SP-019,FX-NZDPLN-1M,2.44141697
SP-019,FX-NZDPLN-3M,2.44063718
SP-019,FX-NZDCZK-1D,14.19497673
SP-019,FX-NZDCZK-1M,14.19919755
SP-019,FX-NZDCZK-3M,14.20708770
SP-019,FX-NZDHUF-1D,218.15782246
SP-019,FX-NZDHUF-1M,217.87912826
SP-019,FX-NZDHUF-3M,217.32002788
SP-019,FX-NZDSGD-1D,0.82380214
SP-019,FX-NZDSGD-1M,0.82506901
SP-019,FX-NZDSGD-3M,0.82754785
SP-019,FX-NZDHKD-1D,4.73558848
SP-019,FX-NZDHKD-1M,4.73980769
SP-019,FX-NZDHKD-3M,4.74791142
SP-019,FX-NZDKRW-1D,826.02892211
SP-019,FX-NZDKRW-1M,827.27847715
SP-019,FX-NZDKRW-3M,829.67173416
SP-019,FX-NZDCNY-1D,4.37571720
SP-019,FX-NZDCNY-1M,4.38599152
SP-019,FX-NZDCNY-3M,4.40613944
SP-019,FX-NZDINR-1D,50.88413179
SP-019,FX-NZDINR-1M,50.82463464
SP-019,FX-NZDINR-3M,50.70407066
SP-019,FX-NZDBRL-1D,3.05609466
SP-019,FX-NZDBRL-1M,3.04215575
SP-019,FX-NZDBRL-3M,3.01397837
SP-019,FX-SEKNOK-1D,1.01009651
SP-019,FX-SEKNOK-1M,1.00918470
SP-019,FX-SEKNOK-3M,1.00740624
SP-019,FX-SEKDKK-1D,0.65501735
SP-019,FX-SEKDKK-1M,0.65491178
SP-019,FX-SEKDKK-3M,0.65469351
SP-019,FX-SEKPLN-1D,0.38021954
SP-019,FX-SEKPLN-1M,0.37944693
SP-019,FX-SEKPLN-3M,0.37792696
SP-019,FX-SEKCZK-1D,2.21036088
SP-019,FX-SEKCZK-1M,2.20685033
SP-019,FX-SEKCZK-3M,2.19993432
SP-019,FX-SEKHUF-1D,33.97029286
SP-019,FX-SEKHUF-1M,33.86294361
SP-019,FX-SEKHUF-3M,33.65149833
SP-019,FX-SEKSGD-1D,0.12827777
SP-019,FX-SEKSGD-1M,0.12823287
SP-019,FX-SEKSGD-3M,0.12814385
SP-019,FX-SEKHKD-1D,0.73739885
SP-019,FX-SEKHKD-1M,0.73666460
SP-019,FX-SEKHKD-3M,0.73520298
SP-019,FX-SEKKRW-1D,128.62451632
SP-019,FX-SEKKRW-1M,128.57626450
SP-019,FX-SEKKRW-3M,128.47272867
SP-019,FX-SEKCNY-1D,0.68136175
SP-019,FX-SEKCNY-1M,0.68167421
SP-019,FX-SEKCNY-3M,0.68228039
SP-019,FX-SEKINR-1D,7.92338702
SP-019,FX-SEKINR-1M,7.89920425
SP-019,FX-SEKINR-3M,7.85140682
SP-019,FX-SEKBRL-1D,0.47587764
SP-019,FX-SEKBRL-1M,0.47281421
SP-019,FX-SEKBRL-3M,0.46670751
SP-019,FX-NOKDKK-1D,0.64847007
SP-019,FX-NOKDKK-1M,0.64895135
SP-019,FX-NOKDKK-3M,0.64988034
SP-019,FX-NOKPLN-1D,0.37641903
SP-019,FX-NOKPLN-1M,0.37599354
SP-019,FX-NOKPLN-3M,0.37514852
SP-019,FX-NOKCZK-1D,2.18826703
SP-019,FX-NOKCZK-1M,2.18676554
SP-019,FX-NOKCZK-3M,2.18376086
SP-019,FX-NOKHUF-1D,33.63073988
SP-019,FX-NOKHUF-1M,33.55475321
SP-019,FX-NOKHUF-3M,33.40409950
SP-019,FX-NOKSGD-1D,0.12699556
SP-019,FX-NOKSGD-1M,0.12706581
SP-019,FX-NOKSGD-3M,0.12720176
SP-019,FX-NOKHKD-1D,0.73002812
SP-019,FX-NOKHKD-1M,0.72996013
SP-019,FX-NOKHKD-3M,0.72979792
SP-019,FX-NOKKRW-1D,127.33883893
SP-019,FX-NOKKRW-1M,127.40607767
SP-019,FX-NOKKRW-3M,127.52822383
SP-019,FX-NOKCNY-1D,0.67455114
SP-019,FX-NOKCNY-1M,0.67547022
SP-019,FX-NOKCNY-3M,0.67726441
SP-019,FX-NOKINR-1D,7.84418812
SP-019,FX-NOKINR-1M,7.82731272
SP-019,FX-NOKINR-3M,7.79368491
SP-019,FX-NOKBRL-1D,0.47112097
SP-019,FX-NOKBRL-1M,0.46851108
SP-019,FX-NOKBRL-3M,0.46327637
SP-019,FX-DKKPLN-1D,0.58047248
SP-019,FX-DKKPLN-1M,0.57938632
SP-019,FX-DKKPLN-3M,0.57725784
SP-019,FX-DKKCZK-1D,3.37450739
SP-019,FX-DKKCZK-1M,3.36969102
SP-019,FX-DKKCZK-3M,3.36025070
SP-019,FX-DKKHUF-1D,51.86166901
SP-019,FX-DKKHUF-1M,51.70611506
SP-019,FX-DKKHUF-3M,51.40038496
SP-019,FX-DKKSGD-1D,0.19583874
SP-019,FX-DKKSGD-1M,0.19580174
SP-019,FX-DKKSGD-3M,0.19573105
SP-019,FX-DKKHKD-1D,1.12576996
SP-019,FX-DKKHKD-1M,1.12483028
SP-019,FX-DKKHKD-3M,1.12297277
SP-019,FX-DKKKRW-1D,196.36810666
SP-019,FX-DKKKRW-1M,196.32608441
SP-019,FX-DKKKRW-3M,196.23339339
SP-019,FX-DKKCNY-1D,1.04021939
SP-019,FX-DKKCNY-1M,1.04086419
SP-019,FX-DKKCNY-3M,1.04213710
SP-019,FX-DKKINR-1D,12.09645371
SP-019,FX-DKKINR-1M,12.06147843
SP-019,FX-DKKINR-3M,11.99249225
SP-019,FX-DKKBRL-1D,0.72651151
SP-019,FX-DKKBRL-1M,0.72195100
SP-019,FX-DKKBRL-3M,0.71286411
SP-019,FX-PLNCZK-1D,5.81338051
SP-019,FX-PLNCZK-1M,5.81596577
SP-019,FX-PLNCZK-3M,5.82105682
SP-019,FX-PLNHUF-1D,89.34388962
SP-019,FX-PLNHUF-1M,89.24289892
SP-019,FX-PLNHUF-3M,89.04233271
SP-019,FX-PLNSGD-1D,0.33737817
SP-019,FX-PLNSGD-1M,0.33794678
SP-019,FX-PLNSGD-3M,0.33907041
SP-019,FX-PLNHKD-1D,1.93940281
SP-019,FX-PLNHKD-1M,1.94141670
SP-019,FX-PLNHKD-3M,1.94535732
SP-019,FX-PLNKRW-1D,338.29012413
SP-019,FX-PLNKRW-1M,338.85177577
SP-019,FX-PLNKRW-3M,339.94062726
SP-019,FX-PLNCNY-1D,1.79202189
SP-019,FX-PLNCNY-1M,1.79649423
SP-019,FX-PLNCNY-3M,1.80532341
SP-019,FX-PLNINR-1D,20.83897887
SP-019,FX-PLNINR-1M,20.81767890
SP-019,FX-PLNINR-3M,20.77493167
SP-019,FX-PLNBRL-1D,1.25158649
SP-019,FX-PLNBRL-1M,1.24606152
SP-019,FX-PLNBRL-3M,1.23491455
SP-019,FX-CZKHUF-1D,15.36866362
SP-019,FX-CZKHUF-1M,15.34446770
SP-019,FX-CZKHUF-3M,15.29659227
SP-019,FX-CZKSGD-1D,0.05803476
SP-019,FX-CZKSGD-1M,0.05810674
SP-019,FX-CZKSGD-3M,0.05824894
SP-019,FX-CZKHKD-1D,0.33361016
SP-019,FX-CZKHKD-1M,0.33380814
SP-019,FX-CZKHKD-3M,0.33419315
SP-019,FX-CZKKRW-1D,58.19163622
SP-019,FX-CZKKRW-1M,58.26234011
SP-019,FX-CZKKRW-3M,58.39843828
SP-019,FX-CZKCNY-1D,0.30825815
SP-019,FX-CZKCNY-1M,0.30889010
SP-019,FX-CZKCNY-3M,0.31013671
SP-019,FX-CZKINR-1D,3.58465764
SP-019,FX-CZKINR-1M,3.57940190
SP-019,FX-CZKINR-3M,3.56892783
SP-019,FX-CZKBRL-1D,0.21529409
SP-019,FX-CZKBRL-1M,0.21424843
SP-019,FX-CZKBRL-3M,0.21214611
SP-019,FX-HUFSGD-1D,0.00377618
SP-019,FX-HUFSGD-1M,0.00378682
SP-019,FX-HUFSGD-3M,0.00380797
SP-019,FX-HUFHKD-1D,0.02170717
SP-019,FX-HUFHKD-1M,0.02175430
SP-019,FX-HUFHKD-3M,0.02184756
SP-019,FX-HUFKRW-1D,3.78638232
SP-019,FX-HUFKRW-1M,3.79696065
SP-019,FX-HUFKRW-3M,3.81774171
SP-019,FX-HUFCNY-1D,0.02005758
SP-019,FX-HUFCNY-1M,0.02013039
SP-019,FX-HUFCNY-3M,0.02027489
SP-019,FX-HUFINR-1D,0.23324459
SP-019,FX-HUFINR-1M,0.23326986
SP-019,FX-HUFINR-3M,0.23331522
SP-019,FX-HUFBRL-1D,0.01400864
SP-019,FX-HUFBRL-1M,0.01396258
SP-019,FX-HUFBRL-3M,0.01386885
SP-019,FX-SGDHKD-1D,5.74845374
SP-019,FX-SGDHKD-1M,5.74474091
SP-019,FX-SGDHKD-3M,5.73732555
SP-019,FX-SGDKRW-1D,1002.70305797
SP-019,FX-SGDKRW-1M,1002.67791810
SP-019,FX-SGDKRW-3M,1002.56648119
SP-019,FX-SGDCNY-1D,5.31161185
SP-019,FX-SGDCNY-1M,5.31590869
SP-019,FX-SGDCNY-3M,5.32433194
SP-019,FX-SGDINR-1D,61.76741901
SP-019,FX-SGDINR-1M,61.60046496
SP-019,FX-SGDINR-3M,61.27025860
SP-019,FX-SGDBRL-1D,3.70974354
SP-019,FX-SGDBRL-1M,3.68715309
SP-019,FX-SGDBRL-3M,3.64205934
SP-019,FX-HKDKRW-1D,174.43004725
SP-019,FX-HKDKRW-1M,174.53840554
SP-019,FX-HKDKRW-3M,174.74456899
SP-019,FX-HKDCNY-1D,0.92400706
SP-019,FX-HKDCNY-1M,0.92535221
SP-019,FX-HKDCNY-3M,0.92801635
SP-019,FX-HKDINR-1D,10.74504932
SP-019,FX-HKDINR-1M,10.72293180
SP-019,FX-HKDINR-3M,10.67923687
SP-019,FX-HKDBRL-1D,0.64534633
SP-019,FX-HKDBRL-1M,0.64183105
SP-019,FX-HKDBRL-3M,0.63480089
SP-019,FX-KRWCNY-1D,0.00529729
SP-019,FX-KRWCNY-1M,0.00530171
SP-019,FX-KRWCNY-3M,0.00531070
SP-019,FX-KRWINR-1D,0.06160091
SP-019,FX-KRWINR-1M,0.06143594
SP-019,FX-KRWINR-3M,0.06111341
SP-019,FX-KRWBRL-1D,0.00369974
SP-019,FX-KRWBRL-1M,0.00367731
SP-019,FX-KRWBRL-3M,0.00363274
SP-019,FX-CNYINR-1D,11.62875239
SP-019,FX-CNYINR-1M,11.58794640
SP-019,FX-CNYINR-3M,11.50759557
SP-019,FX-CNYBRL-1D,0.69842143
SP-019,FX-CNYBRL-1M,0.69360730
SP-019,FX-CNYBRL-3M,0.68404062
SP-019,FX-INRBRL-1D,0.06005988
SP-019,FX-INRBRL-1M,0.05985593
SP-019,FX-INRBRL-3M,0.05944253
SP-019,OPTION-EQA-030D-K050,48.92800000
SP-019,OPTION-EQA-030D-K060,39.14240000
SP-019,OPTION-EQA-030D-K070,29.35680000
SP-019,OPTION-EQA-030D-K080,19.57120936
SP-019,OPTION-EQA-030D-K090,9.82384152
SP-019,OPTION-EQA-030D-K100,2.02186514
SP-019,OPTION-EQA-030D-K110,0.06675363
SP-019,OPTION-EQA-030D-K120,0.00025928
SP-019,OPTION-EQA-030D-K130,0.00000013
SP-019,OPTION-EQA-030D-K140,0.00000000
SP-019,OPTION-EQA-030D-K150,0.00000000
SP-019,OPTION-EQA-090D-K050,48.92800000
SP-019,OPTION-EQA-090D-K060,39.14240001
SP-019,OPTION-EQA-090D-K070,29.35688103
SP-019,OPTION-EQA-090D-K080,19.58972092
SP-019,OPTION-EQA-090D-K090,10.29506309
SP-019,OPTION-EQA-090D-K100,3.52277709
SP-019,OPTION-EQA-090D-K110,0.68328013
SP-019,OPTION-EQA-090D-K120,0.07341659
SP-019,OPTION-EQA-090D-K130,0.00455432
SP-019,OPTION-EQA-090D-K140,0.00017040
SP-019,OPTION-EQA-090D-K150,0.00000373
SP-019,OPTION-EQA-180D-K050,48.92800010
SP-019,OPTION-EQA-180D-K060,39.14250497
SP-019,OPTION-EQA-180D-K070,29.36674624
SP-019,OPTION-EQA-180D-K080,19.76878965
SP-019,OPTION-EQA-180D-K090,11.18702890
SP-019,OPTION-EQA-180D-K100,5.01959050
SP-019,OPTION-EQA-180D-K110,1.74028520
SP-019,OPTION-EQA-180D-K120,0.46884973
SP-019,OPTION-EQA-180D-K130,0.10020202
SP-019,OPTION-EQA-180D-K140,0.01737379
SP-019,OPTION-EQA-180D-K150,0.00247722
SP-019,OPTION-EQA-360D-K050,48.92834591
SP-019,OPTION-EQA-360D-K060,39.15602141
SP-019,OPTION-EQA-360D-K070,29.51975209
SP-019,OPTION-EQA-360D-K080,20.47867582
SP-019,OPTION-EQA-360D-K090,12.82183452
SP-019,OPTION-EQA-360D-K100,7.18184744
SP-019,OPTION-EQA-360D-K110,3.60325022
SP-019,OPTION-EQA-360D-K120,1.63219250
SP-019,OPTION-EQA-360D-K130,0.67428739
SP-019,OPTION-EQA-360D-K140,0.25655117
SP-019,OPTION-EQA-360D-K150,0.09059309
SP-019,OPTION-EQA-720D-K050,48.95838382
SP-019,OPTION-EQA-720D-K060,39.36862872
SP-019,OPTION-EQA-720D-K070,30.29076390
SP-019,OPTION-EQA-720D-K080,22.20015057
SP-019,OPTION-EQA-720D-K090,15.49068705
SP-019,OPTION-EQA-720D-K100,10.31748126
SP-019,OPTION-EQA-720D-K110,6.58604624
SP-019,OPTION-EQA-720D-K120,4.04875410
SP-019,OPTION-EQA-720D-K130,2.40770429
SP-019,OPTION-EQA-720D-K140,1.39050341
SP-019,OPTION-EQA-720D-K150,0.78231437
SP-019,OPTION-EQB-030D-K050,50.59600000
SP-019,OPTION-EQB-030D-K060,40.47680000
SP-019,OPTION-EQB-030D-K070,30.35760000
SP-019,OPTION-EQB-030D-K080,20.23842833
SP-019,OPTION-EQB-030D-K090,10.17447490
SP-019,OPTION-EQB-030D-K100,2.20648791
SP-019,OPTION-EQB-030D-K110,0.09310678
SP-019,OPTION-EQB-030D-K120,0.00059485
SP-019,OPTION-EQB-030D-K130,0.00000065
SP-019,OPTION-EQB-030D-K140,0.00000000
SP-019,OPTION-EQB-030D-K150,0.00000000
SP-019,OPTION-EQB-090D-K050,50.59600000
SP-019,OPTION-EQB-090D-K060,40.47680008
SP-019,OPTION-EQB-090D-K070,30.35780842
SP-019,OPTION-EQB-090D-K080,20.26796398
SP-019,OPTION-EQB-090D-K090,10.74618457
SP-019,OPTION-EQB-090D-K100,3.84311786
SP-019,OPTION-EQB-090D-K110,0.82984373
SP-019,OPTION-EQB-090D-K120,0.10665430
SP-019,OPTION-EQB-090D-K130,0.00847919
SP-019,OPTION-EQB-090D-K140,0.00043555
SP-019,OPTION-EQB-090D-K150,0.00001446
SP-019,OPTION-EQB-180D-K050,50.59600047
SP-019,OPTION-EQB-180D-K060,40.47706818
SP-019,OPTION-EQB-180D-K070,30.37468238
SP-019,OPTION-EQB-180D-K080,20.50501478
SP-019,OPTION-EQB-180D-K090,11.76419935
SP-019,OPTION-EQB-180D-K100,5.47358984
SP-019,OPTION-EQB-180D-K110,2.02783712
SP-019,OPTION-EQB-180D-K120,0.60255942
SP-019,OPTION-EQB-180D-K130,0.14637398
SP-019,OPTION-EQB-180D-K140,0.02967610
SP-019,OPTION-EQB-180D-K150,0.00509505
SP-019,OPTION-EQB-360D-K050,50.59680358
SP-019,OPTION-EQB-360D-K060,40.49996289
SP-019,OPTION-EQB-360D-K070,30.58507920
SP-019,OPTION-EQB-360D-K080,21.35686519
SP-019,OPTION-EQB-360D-K090,13.58357215
SP-019,OPTION-EQB-360D-K100,7.82581623
SP-019,OPTION-EQB-360D-K110,4.09440416
SP-019,OPTION-EQB-360D-K120,1.96047628
SP-019,OPTION-EQB-360D-K130,0.86704042
SP-019,OPTION-EQB-360D-K140,0.35733064
SP-019,OPTION-EQB-360D-K150,0.13821650
SP-019,OPTION-EQB-720D-K050,50.64497696
SP-019,OPTION-EQB-720D-K060,40.78970022
SP-019,OPTION-EQB-720D-K070,31.52652838
SP-019,OPTION-EQB-720D-K080,23.31778055
SP-019,OPTION-EQB-720D-K090,16.51346085
SP-019,OPTION-EQB-720D-K100,11.23098119
SP-019,OPTION-EQB-720D-K110,7.36443382
SP-019,OPTION-EQB-720D-K120,4.67661052
SP-019,OPTION-EQB-720D-K130,2.88754744
SP-019,OPTION-EQB-720D-K140,1.73957994
SP-019,OPTION-EQB-720D-K150,1.02538617
SP-019,OPTION-EQC-030D-K050,52.26400000
SP-019,OPTION-EQC-030D-K060,41.81120000
SP-019,OPTION-EQC-030D-K070,31.35840000
SP-019,OPTION-EQC-030D-K080,20.90567426
SP-019,OPTION-EQC-030D-K090,10.52959585
SP-019,OPTION-EQC-030D-K100,2.39873427
SP-019,OPTION-EQC-030D-K110,0.12541003
SP-019,OPTION-EQC-030D-K120,0.00122745
SP-019,OPTION-EQC-030D-K130,0.00000252
SP-019,OPTION-EQC-030D-K140,0.00000000
SP-019,OPTION-EQC-030D-K150,0.00000000
SP-019,OPTION-EQC-090D-K050,52.26400000
SP-019,OPTION-EQC-090D-K060,41.81120037
SP-019,OPTION-EQC-090D-K070,31.35887545
SP-019,OPTION-EQC-090D-K080,20.95035739
SP-019,OPTION-EQC-090D-K090,11.21064310
SP-019,OPTION-EQC-090D-K100,4.17663722
SP-019,OPTION-EQC-090D-K110,0.99145017
SP-019,OPTION-EQC-090D-K120,0.14879177
SP-019,OPTION-EQC-090D-K130,0.01463152
SP-019,OPTION-EQC-090D-K140,0.00098291
SP-019,OPTION-EQC-090D-K150,0.00004579
SP-019,OPTION-EQC-180D-K050,52.26400184
SP-019,OPTION-EQC-180D-K060,41.81180876
SP-019,OPTION-EQC-180D-K070,31.38595591
SP-019,OPTION-EQC-180D-K080,21.25475822
SP-019,OPTION-EQC-180D-K090,12.36057612
SP-019,OPTION-EQC-180D-K100,5.94617082
SP-019,OPTION-EQC-180D-K110,2.33656897
SP-019,OPTION-EQC-180D-K120,0.75624366
SP-019,OPTION-EQC-180D-K130,0.20518633
SP-019,OPTION-EQC-180D-K140,0.04756282
SP-019,OPTION-EQC-180D-K150,0.00955683
SP-019,OPTION-EQC-360D-K050,52.26568286
SP-019,OPTION-EQC-360D-K060,41.84826778
SP-019,OPTION-EQC-360D-K070,31.66530850
SP-019,OPTION-EQC-360D-K080,22.25953209
SP-019,OPTION-EQC-360D-K090,14.37158930
SP-019,OPTION-EQC-360D-K100,8.49590280
SP-019,OPTION-EQC-360D-K110,4.61444677
SP-019,OPTION-EQC-360D-K120,2.31994469
SP-019,OPTION-EQC-360D-K130,1.08876404
SP-019,OPTION-EQC-360D-K140,0.48079669
SP-019,OPTION-EQC-360D-K150,0.20110202
SP-019,OPTION-EQC-720D-K050,52.33889052
SP-019,OPTION-EQC-720D-K060,42.23013178
SP-019,OPTION-EQC-720D-K070,32.79280369
SP-019,OPTION-EQC-720D-K080,24.47073570
SP-019,OPTION-EQC-720D-K090,17.57198761
SP-019,OPTION-EQC-720D-K100,12.18095236
SP-019,OPTION-EQC-720D-K110,8.18219477
SP-019,OPTION-EQC-720D-K120,5.34753697
SP-019,OPTION-EQC-720D-K130,3.41261711
SP-019,OPTION-EQC-720D-K140,2.13311274
SP-019,OPTION-EQC-720D-K150,1.30921825
SP-019,OPTION-EQD-030D-K050,53.93200000
SP-019,OPTION-EQD-030D-K060,43.14560000
SP-019,OPTION-EQD-030D-K070,32.35920000
SP-019,OPTION-EQD-030D-K080,21.57297291
SP-019,OPTION-EQD-030D-K090,10.88962814
SP-019,OPTION-EQD-030D-K100,2.59860353
SP-019,OPTION-EQD-030D-K110,0.16406240
SP-019,OPTION-EQD-030D-K120,0.00232171
SP-019,OPTION-EQD-030D-K130,0.00000821
SP-019,OPTION-EQD-030D-K140,0.00000001
SP-019,OPTION-EQD-030D-K150,0.00000000
SP-019,OPTION-EQD-090D-K050,53.93200000
SP-019,OPTION-EQD-090D-K060,43.14560140
SP-019,OPTION-EQD-090D-K070,32.36018250
SP-019,OPTION-EQD-090D-K080,21.63763903
SP-019,OPTION-EQD-090D-K090,11.68846083
SP-019,OPTION-EQD-090D-K100,4.52333151
SP-019,OPTION-EQD-090D-K110,1.16805236
SP-019,OPTION-EQD-090D-K120,0.20068716
SP-019,OPTION-EQD-090D-K130,0.02371687
SP-019,OPTION-EQD-090D-K140,0.00200484
SP-019,OPTION-EQD-090D-K150,0.00012388
SP-019,OPTION-EQD-180D-K050,53.93200610
SP-019,OPTION-EQD-180D-K060,43.14685344
SP-019,OPTION-EQD-180D-K070,32.40139526
SP-019,OPTION-EQD-180D-K080,22.01869262
SP-019,OPTION-EQD-180D-K090,12.97600302
SP-019,OPTION-EQD-180D-K100,6.43732306
SP-019,OPTION-EQD-180D-K110,2.66629406
SP-019,OPTION-EQD-180D-K120,0.93028539
SP-019,OPTION-EQD-180D-K130,0.27791485
SP-019,OPTION-EQD-180D-K140,0.07232954
SP-019,OPTION-EQD-180D-K150,0.01662927
SP-019,OPTION-EQD-360D-K050,53.93523421
SP-019,OPTION-EQD-360D-K060,43.20199510
SP-019,OPTION-EQD-360D-K070,32.76156094
SP-019,OPTION-EQD-360D-K080,23.18677267
SP-019,OPTION-EQD-360D-K090,15.18568108
SP-019,OPTION-EQD-360D-K100,9.19207775
SP-019,OPTION-EQD-360D-K110,5.16316432
SP-019,OPTION-EQD-360D-K120,2.71043316
SP-019,OPTION-EQD-360D-K130,1.34003977
SP-019,OPTION-EQD-360D-K140,0.62848074
SP-019,OPTION-EQD-360D-K150,0.28130059
SP-019,OPTION-EQD-720D-K050,54.04156933
SP-019,OPTION-EQD-720D-K060,43.69131213
SP-019,OPTION-EQD-720D-K070,34.08994486
SP-019,OPTION-EQD-720D-K080,25.65872175
SP-019,OPTION-EQD-720D-K090,18.66604335
SP-019,OPTION-EQD-720D-K100,13.16731146
SP-019,OPTION-EQD-720D-K110,9.03909928
SP-019,OPTION-EQD-720D-K120,6.06111972
SP-019,OPTION-EQD-720D-K130,3.98265641
SP-019,OPTION-EQD-720D-K140,2.57145572
SP-019,OPTION-EQD-720D-K150,1.63505622
SP-019,OPTION-EQE-030D-K050,55.60000000
SP-019,OPTION-EQE-030D-K060,44.48000000
SP-019,OPTION-EQE-030D-K070,33.36000001
SP-019,OPTION-EQE-030D-K080,22.24036492
SP-019,OPTION-EQE-030D-K090,11.25494313
SP-019,OPTION-EQE-030D-K100,2.80609496
SP-019,OPTION-EQE-030D-K110,0.20939933
SP-019,OPTION-EQE-030D-K120,0.00408564
SP-019,OPTION-EQE-030D-K130,0.00002308
SP-019,OPTION-EQE-030D-K140,0.00000004
SP-019,OPTION-EQE-030D-K150,0.00000000
SP-019,OPTION-EQE-090D-K050,55.60000000
SP-019,OPTION-EQE-090D-K060,44.48000447
SP-019,OPTION-EQE-090D-K070,33.36186994
SP-019,OPTION-EQE-090D-K080,22.33051734
SP-019,OPTION-EQE-090D-K090,12.17963537
SP-019,OPTION-EQE-090D-K100,4.88319692
SP-019,OPTION-EQE-090D-K110,1.35959123
SP-019,OPTION-EQE-090D-K120,0.26309248
SP-019,OPTION-EQE-090D-K130,0.03649260
SP-019,OPTION-EQE-090D-K140,0.00376274
SP-019,OPTION-EQE-090D-K150,0.00029551
SP-019,OPTION-EQE-180D-K050,55.60001752
SP-019,OPTION-EQE-180D-K060,44.48237935
SP-019,OPTION-EQE-180D-K070,33.42184872
SP-019,OPTION-EQE-180D-K080,22.79737056
SP-019,OPTION-EQE-180D-K090,13.61033710
SP-019,OPTION-EQE-180D-K100,6.94703576
SP-019,OPTION-EQE-180D-K110,3.01684603
SP-019,OPTION-EQE-180D-K120,1.12496337
SP-019,OPTION-EQE-180D-K130,0.36568426
SP-019,OPTION-EQE-180D-K140,0.10527546
SP-019,OPTION-EQE-180D-K150,0.02719546
SP-019,OPTION-EQE-360D-K050,55.60578498
SP-019,OPTION-EQE-360D-K060,44.56222737
SP-019,OPTION-EQE-360D-K070,33.87480122
SP-019,OPTION-EQE-360D-K080,24.13862578
SP-019,OPTION-EQE-360D-K090,16.02566735
SP-019,OPTION-EQE-360D-K100,9.91431039
SP-019,OPTION-EQE-360D-K110,5.74036992
SP-019,OPTION-EQE-360D-K120,3.13176532
SP-019,OPTION-EQE-360D-K130,1.62129277
SP-019,OPTION-EQE-360D-K140,0.80167258
SP-019,OPTION-EQE-360D-K150,0.38069030
SP-019,OPTION-EQE-720D-K050,55.75443800
SP-019,OPTION-EQE-720D-K060,45.17443365
SP-019,OPTION-EQE-720D-K070,35.41818894
SP-019,OPTION-EQE-720D-K080,26.88145720
SP-019,OPTION-EQE-720D-K090,19.79542408
SP-019,OPTION-EQE-720D-K100,14.18997168
SP-019,OPTION-EQE-720D-K110,9.93493742
SP-019,OPTION-EQE-720D-K120,6.81698145
SP-019,OPTION-EQE-720D-K130,4.59738512
SP-019,OPTION-EQE-720D-K140,3.05480940
SP-019,OPTION-EQE-720D-K150,2.00385823
SP-019,OPTION-EQF-030D-K050,57.26800000
SP-019,OPTION-EQF-030D-K060,45.81440000
SP-019,OPTION-EQF-030D-K070,34.36080005
SP-019,OPTION-EQF-030D-K080,22.90790929
SP-019,OPTION-EQF-030D-K090,11.62586272
SP-019,OPTION-EQF-030D-K100,3.02120778
SP-019,OPTION-EQF-030D-K110,0.26170047
SP-019,OPTION-EQF-030D-K120,0.00676769
SP-019,OPTION-EQF-030D-K130,0.00005745
SP-019,OPTION-EQF-030D-K140,0.00000018
SP-019,OPTION-EQF-030D-K150,0.00000000
SP-019,OPTION-EQF-090D-K050,57.26800000
SP-019,OPTION-EQF-090D-K060,45.81441251
SP-019,OPTION-EQF-090D-K070,34.36412130
SP-019,OPTION-EQF-090D-K080,23.02965894
SP-019,OPTION-EQF-090D-K090,12.68414791
SP-019,OPTION-EQF-090D-K100,5.25622948
SP-019,OPTION-EQF-090D-K110,1.56600156
SP-019,OPTION-EQF-090D-K120,0.33665922
SP-019,OPTION-EQF-090D-K130,0.05374380
SP-019,OPTION-EQF-090D-K140,0.00658909
SP-019,OPTION-EQF-090D-K150,0.00063612
SP-019,OPTION-EQF-180D-K050,57.26804465
SP-019,OPTION-EQF-180D-K060,45.81861813
SP-019,OPTION-EQF-180D-K070,34.44816139
SP-019,OPTION-EQF-180D-K080,23.59124265
SP-019,OPTION-EQF-180D-K090,14.26344815
SP-019,OPTION-EQF-180D-K100,7.47529764
SP-019,OPTION-EQF-180D-K110,3.38807660
SP-019,OPTION-EQF-180D-K120,1.34047592
SP-019,OPTION-EQF-180D-K130,0.46947418
SP-019,OPTION-EQF-180D-K140,0.14766949
SP-019,OPTION-EQF-180D-K150,0.04222851
SP-019,OPTION-EQF-360D-K050,57.27773935
SP-019,OPTION-EQF-360D-K060,45.93004200
SP-019,OPTION-EQF-360D-K070,35.00585180
SP-019,OPTION-EQF-360D-K080,25.11508925
SP-019,OPTION-EQF-360D-K090,16.89138835
SP-019,OPTION-EQF-360D-K100,10.66256880
SP-019,OPTION-EQF-360D-K110,6.34589848
SP-019,OPTION-EQF-360D-K120,3.58376111
SP-019,OPTION-EQF-360D-K130,1.93282634
SP-019,OPTION-EQF-360D-K140,1.00144828
SP-019,OPTION-EQF-360D-K150,0.50096377
SP-019,OPTION-EQF-720D-K050,57.47887074
SP-019,OPTION-EQF-720D-K060,46.68051010
SP-019,OPTION-EQF-720D-K070,36.77768206
SP-019,OPTION-EQF-720D-K080,28.13867420
SP-019,OPTION-EQF-720D-K090,20.95994141
SP-019,OPTION-EQF-720D-K100,15.24884276
SP-019,OPTION-EQF-720D-K110,10.86951451
SP-019,OPTION-EQF-720D-K120,7.61477624
SP-019,OPTION-EQF-720D-K130,5.25651196
SP-019,OPTION-EQF-720D-K140,3.58325973
SP-019,OPTION-EQF-720D-K150,2.41634889
SP-019,OPTION-EQG-030D-K050,58.93600000
SP-019,OPTION-EQG-030D-K060,47.14880000
SP-019,OPTION-EQG-030D-K070,35.36160019
SP-019,OPTION-EQG-030D-K080,23.57568599
SP-019,OPTION-EQG-030D-K090,12.00266361
SP-019,OPTION-EQG-030D-K100,3.24394121
SP-019,OPTION-EQG-030D-K110,0.32119745
SP-019,OPTION-EQG-030D-K120,0.01065142
SP-019,OPTION-EQG-030D-K130,0.00012920
SP-019,OPTION-EQG-030D-K140,0.00000063
SP-019,OPTION-EQG-030D-K150,0.00000000
SP-019,OPTION-EQG-090D-K050,58.93600001
SP-019,OPTION-EQG-090D-K060,47.14883127
SP-019,OPTION-EQG-090D-K070,35.36716375
SP-019,OPTION-EQG-090D-K080,23.73568122
SP-019,OPTION-EQG-090D-K090,13.20196893
SP-019,OPTION-EQG-090D-K100,5.64242504
SP-019,OPTION-EQG-090D-K110,1.78721579
SP-019,OPTION-EQG-090D-K120,0.42194686
SP-019,OPTION-EQG-090D-K130,0.07626182
SP-019,OPTION-EQG-090D-K140,0.01088473
SP-019,OPTION-EQG-090D-K150,0.00125738
SP-019,OPTION-EQG-180D-K050,58.93610290
SP-019,OPTION-EQG-180D-K060,47.15585671
SP-019,OPTION-EQG-180D-K070,35.48115705
SP-019,OPTION-EQG-180D-K080,24.40067402
SP-019,OPTION-EQG-180D-K090,14.93521783
SP-019,OPTION-EQG-180D-K100,8.02209698
SP-019,OPTION-EQG-180D-K110,3.77985329
SP-019,OPTION-EQG-180D-K120,1.57695965
SP-019,OPTION-EQG-180D-K130,0.59012994
SP-019,OPTION-EQG-180D-K140,0.20072537
SP-019,OPTION-EQG-180D-K150,0.06276321
SP-019,OPTION-EQG-360D-K050,58.95157362
SP-019,OPTION-EQG-360D-K060,47.30648877
SP-019,OPTION-EQG-360D-K070,36.15540867
SP-019,OPTION-EQG-360D-K080,26.11613185
SP-019,OPTION-EQG-360D-K090,17.78270113
SP-019,OPTION-EQG-360D-K100,11.43681977
SP-019,OPTION-EQG-360D-K110,6.97960269
SP-019,OPTION-EQG-360D-K120,4.06624184
SP-019,OPTION-EQG-360D-K130,2.27484930
SP-019,OPTION-EQG-360D-K140,1.22869853
SP-019,OPTION-EQG-360D-K150,0.64362747
SP-019,OPTION-EQG-720D-K050,59.21616989
SP-019,OPTION-EQG-720D-K060,48.21039594
SP-019,OPTION-EQG-720D-K070,38.16850036
SP-019,OPTION-EQG-720D-K080,29.43011833
SP-019,OPTION-EQG-720D-K090,22.15941908
SP-019,OPTION-EQG-720D-K100,16.34383101
SP-019,OPTION-EQG-720D-K110,11.84264758
SP-019,OPTION-EQG-720D-K120,8.45418484
SP-019,OPTION-EQG-720D-K130,5.95974238
SP-019,OPTION-EQG-720D-K140,4.15680741
SP-019,OPTION-EQG-720D-K150,2.87306441
SP-019,OPTION-EQH-030D-K050,60.60400000
SP-019,OPTION-EQH-030D-K060,48.48320000
SP-019,OPTION-EQH-030D-K070,36.36240060
SP-019,OPTION-EQH-030D-K080,24.24379746
SP-019,OPTION-EQH-030D-K090,12.38558218
SP-019,OPTION-EQH-030D-K100,3.47429441
SP-019,OPTION-EQH-030D-K110,0.38808113
SP-019,OPTION-EQH-030D-K120,0.01604876
SP-019,OPTION-EQH-030D-K130,0.00026669
SP-019,OPTION-EQH-030D-K140,0.00000196
SP-019,OPTION-EQH-030D-K150,0.00000001
SP-019,OPTION-EQH-090D-K050,60.60400004
SP-019,OPTION-EQH-090D-K060,48.48327102
SP-019,OPTION-EQH-090D-K070,36.37126595
SP-019,OPTION-EQH-090D-K080,24.44914893
SP-019,OPTION-EQH-090D-K090,13.73306229
SP-019,OPTION-EQH-090D-K100,6.04177931
SP-019,OPTION-EQH-090D-K110,2.02316651
SP-019,OPTION-EQH-090D-K120,0.51943261
SP-019,OPTION-EQH-090D-K130,0.10482666
SP-019,OPTION-EQH-090D-K140,0.01711210
SP-019,OPTION-EQH-090D-K150,0.00231360
SP-019,OPTION-EQH-180D-K050,60.60421763
SP-019,OPTION-EQH-180D-K060,48.49443485
SP-019,OPTION-EQH-180D-K070,36.52162466
SP-019,OPTION-EQH-180D-K080,25.22595869
SP-019,OPTION-EQH-180D-K090,15.62553857
SP-019,OPTION-EQH-180D-K100,8.58742160
SP-019,OPTION-EQH-180D-K110,4.19205745
SP-019,OPTION-EQH-180D-K120,1.83450400
SP-019,OPTION-EQH-180D-K130,0.72837559
SP-019,OPTION-EQH-180D-K140,0.26558490
SP-019,OPTION-EQH-180D-K150,0.08986873
SP-019,OPTION-EQH-360D-K050,60.62782779
SP-019,OPTION-EQH-360D-K060,48.69257298
SP-019,OPTION-EQH-360D-K070,37.32405695
SP-019,OPTION-EQH-360D-K080,27.14170196
SP-019,OPTION-EQH-360D-K090,18.69947666
SP-019,OPTION-EQH-360D-K100,12.23702885
SP-019,OPTION-EQH-360D-K110,7.64134972
SP-019,OPTION-EQH-360D-K120,4.57903322
SP-019,OPTION-EQH-360D-K130,2.64749746
SP-019,OPTION-EQH-360D-K140,1.48415531
SP-019,OPTION-EQH-360D-K150,0.81000891
SP-019,OPTION-EQH-720D-K050,60.96755199
SP-019,OPTION-EQH-720D-K060,49.76480566
SP-019,OPTION-EQH-720D-K070,39.59066618
SP-019,OPTION-EQH-720D-K080,30.75554782
SP-019,OPTION-EQH-720D-K090,23.39369020
SP-019,OPTION-EQH-720D-K100,17.47483928
SP-019,OPTION-EQH-720D-K110,12.85416259
SP-019,OPTION-EQH-720D-K120,9.33491067
SP-019,OPTION-EQH-720D-K130,6.70678346
SP-019,OPTION-EQH-720D-K140,4.77538989
SP-019,OPTION-EQH-720D-K150,3.37438960
SP-019,OPTION-EQI-030D-K050,62.27200000
SP-019,OPTION-EQI-030D-K060,49.81760000
SP-019,OPTION-EQI-030D-K070,37.36320169
SP-019,OPTION-EQI-030D-K080,24.91236888
SP-019,OPTION-EQI-030D-K090,12.77481932
SP-019,OPTION-EQI-030D-K100,3.71226653
SP-019,OPTION-EQI-030D-K110,0.46250804
SP-019,OPTION-EQI-030D-K120,0.02329252
SP-019,OPTION-EQI-030D-K130,0.00051170
SP-019,OPTION-EQI-030D-K140,0.00000539
SP-019,OPTION-EQI-030D-K150,0.00000003
SP-019,OPTION-EQI-090D-K050,62.27200015
SP-019,OPTION-EQI-090D-K060,49.81774863
SP-019,OPTION-EQI-090D-K070,37.37673395
SP-019,OPTION-EQI-090D-K080,25.17057359
SP-019,OPTION-EQI-090D-K090,14.27738797
SP-019,OPTION-EQI-090D-K100,6.45428781
SP-019,OPTION-EQI-090D-K110,2.27378796
SP-019,OPTION-EQI-090D-K120,0.62952131
SP-019,OPTION-EQI-090D-K130,0.14019328
SP-019,OPTION-EQI-090D-K140,0.02578589
SP-019,OPTION-EQI-090D-K150,0.00400600
SP-019,OPTION-EQI-180D-K050,62.27242764
SP-019,OPTION-EQI-180D-K060,49.83474016
SP-019,OPTION-EQI-180D-K070,37.57030927
SP-019,OPTION-EQI-180D-K080,26.06733194
SP-019,OPTION-EQI-180D-K090,16.33431251
SP-019,OPTION-EQI-180D-K100,9.17125888
SP-019,OPTION-EQI-180D-K110,4.62458241
SP-019,OPTION-EQI-180D-K120,2.11316252
SP-019,OPTION-EQI-180D-K130,0.88482767
SP-019,OPTION-EQI-180D-K140,0.34330802
SP-019,OPTION-EQI-180D-K150,0.12462413
SP-019,OPTION-EQI-360D-K050,62.30709486
SP-019,OPTION-EQI-360D-K060,50.08924401
SP-019,OPTION-EQI-360D-K070,38.51228574
SP-019,OPTION-EQI-360D-K080,28.19173392
SP-019,OPTION-EQI-360D-K090,19.64159741
SP-019,OPTION-EQI-360D-K100,13.06316033
SP-019,OPTION-EQI-360D-K110,8.33101864
SP-019,OPTION-EQI-360D-K120,5.12196703
SP-019,OPTION-EQI-360D-K130,3.05085034
SP-019,OPTION-EQI-360D-K140,1.76841604
SP-019,OPTION-EQI-360D-K150,1.00126852
SP-019,OPTION-EQI-720D-K050,62.73414007
SP-019,OPTION-EQI-720D-K060,51.34433200
SP-019,OPTION-EQI-720D-K070,41.04416051
SP-019,OPTION-EQI-720D-K080,32.11473247
SP-019,OPTION-EQI-720D-K090,24.66259510
SP-019,OPTION-EQI-720D-K100,18.64176705
SP-019,OPTION-EQI-720D-K110,13.90389224
SP-019,OPTION-EQI-720D-K120,10.25667620
SP-019,OPTION-EQI-720D-K130,7.49734678
SP-019,OPTION-EQI-720D-K140,5.43889777
SP-019,OPTION-EQI-720D-K150,3.92058784
SP-019,OPTION-EQJ-030D-K050,63.94000000
SP-019,OPTION-EQJ-030D-K060,51.15200000
SP-019,OPTION-EQJ-030D-K070,38.36400432
SP-019,OPTION-EQJ-030D-K080,25.58154736
SP-019,OPTION-EQJ-030D-K090,13.17054512
SP-019,OPTION-EQJ-030D-K100,3.95785668
SP-019,OPTION-EQJ-030D-K110,0.54460609
SP-019,OPTION-EQJ-030D-K120,0.03272903
SP-019,OPTION-EQJ-030D-K130,0.00092219
SP-019,OPTION-EQJ-030D-K140,0.00001333
SP-019,OPTION-EQJ-030D-K150,0.00000010
SP-019,OPTION-EQJ-090D-K050,63.94000045
SP-019,OPTION-EQJ-090D-K060,51.15228988
SP-019,OPTION-EQJ-090D-K070,38.38390568
SP-019,OPTION-EQJ-090D-K080,25.90041490
SP-019,OPTION-EQJ-090D-K090,14.83490409
SP-019,OPTION-EQJ-090D-K100,6.87994594
SP-019,OPTION-EQJ-090D-K110,2.53901697
SP-019,OPTION-EQJ-090D-K120,0.75255492
SP-019,OPTION-EQJ-090D-K130,0.18308181
SP-019,OPTION-EQJ-090D-K140,0.03746198
SP-019,OPTION-EQJ-090D-K150,0.00658475
SP-019,OPTION-EQJ-180D-K050,63.94078862
SP-019,OPTION-EQJ-180D-K060,51.17720128
SP-019,OPTION-EQJ-180D-K070,38.62790634
SP-019,OPTION-EQJ-180D-K080,26.92498071
SP-019,OPTION-EQJ-180D-K090,17.06145041
SP-019,OPTION-EQJ-180D-K100,9.77359573
SP-019,OPTION-EQJ-180D-K110,5.07733183
SP-019,OPTION-EQJ-180D-K120,2.41296151
SP-019,OPTION-EQJ-180D-K130,1.06000857
SP-019,OPTION-EQJ-180D-K140,0.43486823
SP-019,OPTION-EQJ-180D-K150,0.16809770
SP-019,OPTION-EQJ-360D-K050,63.99000893
SP-019,OPTION-EQJ-360D-K060,51.49738817
SP-019,OPTION-EQJ-360D-K070,39.72050161
SP-019,OPTION-EQJ-360D-K080,29.26615260
SP-019,OPTION-EQJ-360D-K090,20.60895540
SP-019,OPTION-EQJ-360D-K100,13.91517724
SP-019,OPTION-EQJ-360D-K110,9.04849829
SP-019,OPTION-EQJ-360D-K120,5.69488193
SP-019,OPTION-EQJ-360D-K130,3.48494421
SP-019,OPTION-EQJ-360D-K140,2.08196476
SP-019,OPTION-EQJ-360D-K150,1.21841392
SP-019,OPTION-EQJ-720D-K050,64.51696064
SP-019,OPTION-EQJ-720D-K060,52.94946252
SP-019,OPTION-EQJ-720D-K070,42.52893254
SP-019,OPTION-EQJ-720D-K080,33.50745245
SP-019,OPTION-EQJ-720D-K090,25.96597959
SP-019,OPTION-EQJ-720D-K100,19.84451040
SP-019,OPTION-EQJ-720D-K110,14.99167425
SP-019,OPTION-EQJ-720D-K120,11.21921993
SP-019,OPTION-EQJ-720D-K130,8.33115000
SP-019,OPTION-EQJ-720D-K140,6.14718721
SP-019,OPTION-EQJ-720D-K150,4.51182530
SP-019,OTHER-BRENT-001D,44.44006425
SP-019,OTHER-BRENT-005D,44.51903371
SP-019,OTHER-BRENT-010D,44.61774553
SP-019,OTHER-BRENT-020D,44.81516919
SP-019,OTHER-BRENT-030D,45.01259284
SP-019,OTHER-BRENT-060D,45.60486380
SP-019,OTHER-BRENT-090D,46.19713476
SP-019,OTHER-BRENT-120D,46.78940572
SP-019,OTHER-BRENT-180D,47.97394763
SP-019,OTHER-BRENT-360D,51.52757338
SP-019,OTHER-WTI-001D,46.78708417
SP-019,OTHER-WTI-005D,46.86601641
SP-019,OTHER-WTI-010D,46.96468171
SP-019,OTHER-WTI-020D,47.16201230
SP-019,OTHER-WTI-030D,47.35934290
SP-019,OTHER-WTI-060D,47.95133469
SP-019,OTHER-WTI-090D,48.54332647
SP-019,OTHER-WTI-120D,49.13531826
SP-019,OTHER-WTI-180D,50.31930183
SP-019,OTHER-WTI-360D,53.87125255
SP-019,OTHER-GAS_EU-001D,49.13188165
SP-019,OTHER-GAS_EU-005D,49.21077668
SP-019,OTHER-GAS_EU-010D,49.30939547
SP-019,OTHER-GAS_EU-020D,49.50663305
SP-019,OTHER-GAS_EU-030D,49.70387064
SP-019,OTHER-GAS_EU-060D,50.29558338
SP-019,OTHER-GAS_EU-090D,50.88729613
SP-019,OTHER-GAS_EU-120D,51.47900887
SP-019,OTHER-GAS_EU-180D,52.66243436
SP-019,OTHER-GAS_EU-360D,56.21271084
SP-019,OTHER-GAS_US-001D,51.47445825
SP-019,OTHER-GAS_US-005D,51.55331609
SP-019,OTHER-GAS_US-010D,51.65188840
SP-019,OTHER-GAS_US-020D,51.84903301
SP-019,OTHER-GAS_US-030D,52.04617762
SP-019,OTHER-GAS_US-060D,52.63761146
SP-019,OTHER-GAS_US-090D,53.22904530
SP-019,OTHER-GAS_US-120D,53.82047913
SP-019,OTHER-GAS_US-180D,55.00334681
SP-019,OTHER-GAS_US-360D,58.55194983
SP-019,OTHER-GOLD-001D,53.81481554
SP-019,OTHER-GOLD-005D,53.89363621
SP-019,OTHER-GOLD-010D,53.99216206
SP-019,OTHER-GOLD-020D,54.18921374
SP-019,OTHER-GOLD-030D,54.38626543
SP-019,OTHER-GOLD-060D,54.97742049
SP-019,OTHER-GOLD-090D,55.56857555
SP-019,OTHER-GOLD-120D,56.15973061
SP-019,OTHER-GOLD-180D,57.34204073
SP-019,OTHER-GOLD-360D,60.88897108
SP-019,OTHER-SILVER-001D,56.28548342
SP-019,OTHER-SILVER-005D,56.36445288
SP-019,OTHER-SILVER-010D,56.46316470
SP-019,OTHER-SILVER-020D,56.66058836
SP-019,OTHER-SILVER-030D,56.85801201
SP-019,OTHER-SILVER-060D,57.45028297
SP-019,OTHER-SILVER-090D,58.04255393
SP-019,OTHER-SILVER-120D,58.63482488
SP-019,OTHER-SILVER-180D,59.81936680
SP-019,OTHER-SILVER-360D,63.37299255
SP-019,OTHER-COPPER-001D,58.62691990
SP-019,OTHER-COPPER-005D,58.70585214
SP-019,OTHER-COPPER-010D,58.80451743
SP-019,OTHER-COPPER-020D,59.00184803
SP-019,OTHER-COPPER-030D,59.19917863
SP-019,OTHER-COPPER-060D,59.79117041
SP-019,OTHER-COPPER-090D,60.38316220
SP-019,OTHER-COPPER-120D,60.97515398
SP-019,OTHER-COPPER-180D,62.15913756
SP-019,OTHER-COPPER-360D,65.71108827
SP-019,OTHER-ALUMINIUM-001D,60.96613656
SP-019,OTHER-ALUMINIUM-005D,61.04503160
SP-019,OTHER-ALUMINIUM-010D,61.14365039
SP-019,OTHER-ALUMINIUM-020D,61.34088797
SP-019,OTHER-ALUMINIUM-030D,61.53812555
SP-019,OTHER-ALUMINIUM-060D,62.12983830
SP-019,OTHER-ALUMINIUM-090D,62.72155104
SP-019,OTHER-ALUMINIUM-120D,63.31326379
SP-019,OTHER-ALUMINIUM-180D,64.49668928
SP-019,OTHER-ALUMINIUM-360D,68.04696575
SP-019,OTHER-WHEAT-001D,63.30313498
SP-019,OTHER-WHEAT-005D,63.38199282
SP-019,OTHER-WHEAT-010D,63.48056513
SP-019,OTHER-WHEAT-020D,63.67770974
SP-019,OTHER-WHEAT-030D,63.87485435
SP-019,OTHER-WHEAT-060D,64.46628819
SP-019,OTHER-WHEAT-090D,65.05772203
SP-019,OTHER-WHEAT-120D,65.64915586
SP-019,OTHER-WHEAT-180D,66.83202354
SP-019,OTHER-WHEAT-360D,70.38062656
SP-019,OTHER-CORN-001D,65.63791672
SP-019,OTHER-CORN-005D,65.71673740
SP-019,OTHER-CORN-010D,65.81526324
SP-019,OTHER-CORN-020D,66.01231492
SP-019,OTHER-CORN-030D,66.20936661
SP-019,OTHER-CORN-060D,66.80052167
SP-019,OTHER-CORN-090D,67.39167673
SP-019,OTHER-CORN-120D,67.98283179
SP-019,OTHER-CORN-180D,69.16514191
SP-019,OTHER-CORN-360D,72.71207226
SP-019,OTHER-SOY-001D,68.13090258
SP-019,OTHER-SOY-005D,68.20987205
SP-019,OTHER-SOY-010D,68.30858387
SP-019,OTHER-SOY-020D,68.50600752
SP-019,OTHER-SOY-030D,68.70343118
SP-019,OTHER-SOY-060D,69.29570214
SP-019,OTHER-SOY-090D,69.88797309
SP-019,OTHER-SOY-120D,70.48024405
SP-019,OTHER-SOY-180D,71.66478597
SP-019,OTHER-SOY-360D,75.21841172
SP-019,OTHER-CARBON_EU-001D,70.46675562
SP-019,OTHER-CARBON_EU-005D,70.54568786
SP-019,OTHER-CARBON_EU-010D,70.64435316
SP-019,OTHER-CARBON_EU-020D,70.84168376
SP-019,OTHER-CARBON_EU-030D,71.03901435
SP-019,OTHER-CARBON_EU-060D,71.63100614
SP-019,OTHER-CARBON_EU-090D,72.22299792
SP-019,OTHER-CARBON_EU-120D,72.81498971
SP-019,OTHER-CARBON_EU-180D,73.99897328
SP-019,OTHER-CARBON_EU-360D,77.55092400
SP-019,OTHER-CARBON_UK-001D,72.80039148
SP-019,OTHER-CARBON_UK-005D,72.87928651
SP-019,OTHER-CARBON_UK-010D,72.97790530
SP-019,OTHER-CARBON_UK-020D,73.17514288
SP-019,OTHER-CARBON_UK-030D,73.37238046
SP-019,OTHER-CARBON_UK-060D,73.96409321
SP-019,OTHER-CARBON_UK-090D,74.55580595
SP-019,OTHER-CARBON_UK-120D,75.14751870
SP-019,OTHER-CARBON_UK-180D,76.33094419
SP-019,OTHER-CARBON_UK-360D,79.88122067
SP-019,OTHER-EQ_EM-001D,75.13181171
SP-019,OTHER-EQ_EM-005D,75.21066956
SP-019,OTHER-EQ_EM-010D,75.30924186
SP-019,OTHER-EQ_EM-020D,75.50638647
SP-019,OTHER-EQ_EM-030D,75.70353109
SP-019,OTHER-EQ_EM-060D,76.29496492
SP-019,OTHER-EQ_EM-090D,76.88639876
SP-019,OTHER-EQ_EM-120D,77.47783260
SP-019,OTHER-EQ_EM-180D,78.66070027
SP-019,OTHER-EQ_EM-360D,82.20930329
SP-019,OTHER-EQ_DM-001D,77.46101790
SP-019,OTHER-EQ_DM-005D,77.53983858
SP-019,OTHER-EQ_DM-010D,77.63836442
SP-019,OTHER-EQ_DM-020D,77.83541611
SP-019,OTHER-EQ_DM-030D,78.03246779
SP-019,OTHER-EQ_DM-060D,78.62362285
SP-019,OTHER-EQ_DM-090D,79.21477791
SP-019,OTHER-EQ_DM-120D,79.80593297
SP-019,OTHER-EQ_DM-180D,80.98824309
SP-019,OTHER-EQ_DM-360D,84.53517344
SP-019,OTHER-REIT_US-001D,79.97632175
SP-019,OTHER-REIT_US-005D,80.05529121
SP-019,OTHER-REIT_US-010D,80.15400304
SP-019,OTHER-REIT_US-020D,80.35142669
SP-019,OTHER-REIT_US-030D,80.54885035
SP-019,OTHER-REIT_US-060D,81.14112130
SP-019,OTHER-REIT_US-090D,81.73339226
SP-019,OTHER-REIT_US-120D,82.32566322
SP-019,OTHER-REIT_US-180D,83.51020514
SP-019,OTHER-REIT_US-360D,87.06383089
SP-019,OTHER-REIT_EU-001D,82.30659135
SP-019,OTHER-REIT_EU-005D,82.38552359
SP-019,OTHER-REIT_EU-010D,82.48418888
SP-019,OTHER-REIT_EU-020D,82.68151948
SP-019,OTHER-REIT_EU-030D,82.87885008
SP-019,OTHER-REIT_EU-060D,83.47084186
SP-019,OTHER-REIT_EU-090D,84.06283365
SP-019,OTHER-REIT_EU-120D,84.65482543
SP-019,OTHER-REIT_EU-180D,85.83880901
SP-019,OTHER-REIT_EU-360D,89.39075972
SP-019,OTHER-FREIGHT-001D,84.63464639
SP-019,OTHER-FREIGHT-005D,84.71354142
SP-019,OTHER-FREIGHT-010D,84.81216021
SP-019,OTHER-FREIGHT-020D,85.00939779
SP-019,OTHER-FREIGHT-030D,85.20663538
SP-019,OTHER-FREIGHT-060D,85.79834812
SP-019,OTHER-FREIGHT-090D,86.39006087
SP-019,OTHER-FREIGHT-120D,86.98177361
SP-019,OTHER-FREIGHT-180D,88.16519910
SP-019,OTHER-FREIGHT-360D,91.71547558
SP-019,OTHER-POWER_DE-001D,86.96048844
SP-019,OTHER-POWER_DE-005D,87.03934629
SP-019,OTHER-POWER_DE-010D,87.13791859
SP-019,OTHER-POWER_DE-020D,87.33506321
SP-019,OTHER-POWER_DE-030D,87.53220782
SP-019,OTHER-POWER_DE-060D,88.12364166
SP-019,OTHER-POWER_DE-090D,88.71507549
SP-019,OTHER-POWER_DE-120D,89.30650933
SP-019,OTHER-POWER_DE-180D,90.48937700
SP-019,OTHER-POWER_DE-360D,94.03798002
SP-019,OTHER-POWER_UK-001D,89.28411908
SP-019,OTHER-POWER_UK-005D,89.36293976
SP-019,OTHER-POWER_UK-010D,89.46146560
SP-019,OTHER-POWER_UK-020D,89.65851729
SP-019,OTHER-POWER_UK-030D,89.85556897
SP-019,OTHER-POWER_UK-060D,90.44672403
SP-019,OTHER-POWER_UK-090D,91.03787909
SP-019,OTHER-POWER_UK-120D,91.62903415
SP-019,OTHER-POWER_UK-180D,92.81134427
SP-019,OTHER-POWER_UK-360D,96.35827462
SP-027,RATE-USD-OIS-001M,0.00799377
SP-027,RATE-USD-OIS-002M,0.00796372
SP-027,RATE-USD-OIS-003M,0.00794671
SP-027,RATE-USD-OIS-005M,0.00793282
SP-027,RATE-USD-OIS-007M,0.00793234
SP-027,RATE-USD-OIS-010M,0.00794315
SP-027,RATE-USD-OIS-015M,0.00797441
SP-027,RATE-USD-OIS-020M,0.00801210
SP-027,RATE-USD-OIS-030M,0.00809253
SP-027,RATE-USD-OIS-060M,0.00832627
SP-027,RATE-USD-OIS-090M,0.00853643
SP-027,RATE-USD-OIS-120M,0.00872709
SP-027,RATE-USD-OIS-180M,0.00906634
SP-027,RATE-USD-OIS-240M,0.00936607
SP-027,RATE-USD-OIS-360M,0.00988853
SP-027,RATE-USD-GOVT-001M,0.01001969
SP-027,RATE-USD-GOVT-002M,0.00998964
SP-027,RATE-USD-GOVT-003M,0.00997263
SP-027,RATE-USD-GOVT-005M,0.00995874
SP-027,RATE-USD-GOVT-007M,0.00995826
SP-027,RATE-USD-GOVT-010M,0.00996907
SP-027,RATE-USD-GOVT-015M,0.01000033
SP-027,RATE-USD-GOVT-020M,0.01003802
SP-027,RATE-USD-GOVT-030M,0.01011845
SP-027,RATE-USD-GOVT-060M,0.01035219
SP-027,RATE-USD-GOVT-090M,0.01056235
SP-027,RATE-USD-GOVT-120M,0.01075301
SP-027,RATE-USD-GOVT-180M,0.01109226
SP-027,RATE-USD-GOVT-240M,0.01139199
SP-027,RATE-USD-GOVT-360M,0.01191445
SP-027,RATE-USD-SWAP-001M,0.01204561
SP-027,RATE-USD-SWAP-002M,0.01201556
SP-027,RATE-USD-SWAP-003M,0.01199855
SP-027,RATE-USD-SWAP-005M,0.01198466
SP-027,RATE-USD-SWAP-007M,0.01198418
SP-027,RATE-USD-SWAP-010M,0.01199499
SP-027,RATE-USD-SWAP-015M,0.01202625
SP-027,RATE-USD-SWAP-020M,0.01206394
SP-027,RATE-USD-SWAP-030M,0.01214437
SP-027,RATE-USD-SWAP-060M,0.01237811
SP-027,RATE-USD-SWAP-090M,0.01258827
SP-027,RATE-USD-SWAP-120M,0.01277893
SP-027,RATE-USD-SWAP-180M,0.01311818
SP-027,RATE-USD-SWAP-240M,0.01341791
SP-027,RATE-USD-SWAP-360M,0.01394037
SP-027,RATE-USD-INFLATION-001M,0.01407153
SP-027,RATE-USD-INFLATION-002M,0.01404148
SP-027,RATE-USD-INFLATION-003M,0.01402447
SP-027,RATE-USD-INFLATION-005M,0.01401058
SP-027,RATE-USD-INFLATION-007M,0.01401010
SP-027,RATE-USD-INFLATION-010M,0.01402091
SP-027,RATE-USD-INFLATION-015M,0.01405217
SP-027,RATE-USD-INFLATION-020M,0.01408986
SP-027,RATE-USD-INFLATION-030M,0.01417029
SP-027,RATE-USD-INFLATION-060M,0.01440403
SP-027,RATE-USD-INFLATION-090M,0.01461419
SP-027,RATE-USD-INFLATION-120M,0.01480485
SP-027,RATE-USD-INFLATION-180M,0.01514410
SP-027,RATE-USD-INFLATION-240M,0.01544383
SP-027,RATE-USD-INFLATION-360M,0.01596629
SP-027,RATE-EUR-OIS-001M,0.00949377
SP-027,RATE-EUR-OIS-002M,0.00946372
SP-027,RATE-EUR-OIS-003M,0.00944671
SP-027,RATE-EUR-OIS-005M,0.00943282
SP-027,RATE-EUR-OIS-007M,0.00943234
SP-027,RATE-EUR-OIS-010M,0.00944315
SP-027,RATE-EUR-OIS-015M,0.00947441
SP-027,RATE-EUR-OIS-020M,0.00951210
SP-027,RATE-EUR-OIS-030M,0.00959253
SP-027,RATE-EUR-OIS-060M,0.00982627
SP-027,RATE-EUR-OIS-090M,0.01003643
SP-027,RATE-EUR-OIS-120M,0.01022709
SP-027,RATE-EUR-OIS-180M,0.01056634
SP-027,RATE-EUR-OIS-240M,0.01086607
SP-027,RATE-EUR-OIS-360M,0.01138853
SP-027,RATE-EUR-GOVT-001M,0.01151969
SP-027,RATE-EUR-GOVT-002M,0.01148964
SP-027,RATE-EUR-GOVT-003M,0.01147263
SP-027,RATE-EUR-GOVT-005M,0.01145874
SP-027,RATE-EUR-GOVT-007M,0.01145826
SP-027,RATE-EUR-GOVT-010M,0.01146907
SP-027,RATE-EUR-GOVT-015M,0.01150033
SP-027,RATE-EUR-GOVT-020M,0.01153802
SP-027,RATE-EUR-GOVT-030M,0.01161845
SP-027,RATE-EUR-GOVT-060M,0.01185219
SP-027,RATE-EUR-GOVT-090M,0.01206235
SP-027,RATE-EUR-GOVT-120M,0.01225301
SP-027,RATE-EUR-GOVT-180M,0.01259226
SP-027,RATE-EUR-GOVT-240M,0.01289199
SP-027,RATE-EUR-GOVT-360M,0.01341445
SP-027,RATE-EUR-SWAP-001M,0.01354561
SP-027,RATE-EUR-SWAP-002M,0.01351556
SP-027,RATE-EUR-SWAP-003M,0.01349855
SP-027,RATE-EUR-SWAP-005M,0.01348466
SP-027,RATE-EUR-SWAP-007M,0.01348418
SP-027,RATE-EUR-SWAP-010M,0.01349499
SP-027,RATE-EUR-SWAP-015M,0.01352625
SP-027,RATE-EUR-SWAP-020M,0.01356394
SP-027,RATE-EUR-SWAP-030M,0.01364437
SP-027,RATE-EUR-SWAP-060M,0.01387811
SP-027,RATE-EUR-SWAP-090M,0.01408827
SP-027,RATE-EUR-SWAP-120M,0.01427893
SP-027,RATE-EUR-SWAP-180M,0.01461818
SP-027,RATE-EUR-SWAP-240M,0.01491791
SP-027,RATE-EUR-SWAP-360M,0.01544037
SP-027,RATE-EUR-INFLATION-001M,0.01557153
SP-027,RATE-EUR-INFLATION-002M,0.01554148
SP-027,RATE-EUR-INFLATION-003M,0.01552447
SP-027,RATE-EUR-INFLATION-005M,0.01551058
SP-027,RATE-EUR-INFLATION-007M,0.01551010
SP-027,RATE-EUR-INFLATION-010M,0.01552091
SP-027,RATE-EUR-INFLATION-015M,0.01555217
SP-027,RATE-EUR-INFLATION-020M,0.01558986
SP-027,RATE-EUR-INFLATION-030M,0.01567029
SP-027,RATE-EUR-INFLATION-060M,0.01590403
SP-027,RATE-EUR-INFLATION-090M,0.01611419
SP-027,RATE-EUR-INFLATION-120M,0.01630485
SP-027,RATE-EUR-INFLATION-180M,0.01664410
SP-027,RATE-EUR-INFLATION-240M,0.01694383
SP-027,RATE-EUR-INFLATION-360M,0.01746629
SP-027,RATE-GBP-OIS-001M,0.01099377
SP-027,RATE-GBP-OIS-002M,0.01096372
SP-027,RATE-GBP-OIS-003M,0.01094671
SP-027,RATE-GBP-OIS-005M,0.01093282
SP-027,RATE-GBP-OIS-007M,0.01093234
SP-027,RATE-GBP-OIS-010M,0.01094315
SP-027,RATE-GBP-OIS-015M,0.01097441
SP-027,RATE-GBP-OIS-020M,0.01101210
SP-027,RATE-GBP-OIS-030M,0.01109253
SP-027,RATE-GBP-OIS-060M,0.01132627
SP-027,RATE-GBP-OIS-090M,0.01153643
SP-027,RATE-GBP-OIS-120M,0.01172709
SP-027,RATE-GBP-OIS-180M,0.01206634
SP-027,RATE-GBP-OIS-240M,0.01236607
SP-027,RATE-GBP-OIS-360M,0.01288853
SP-027,RATE-GBP-GOVT-001M,0.01301969
SP-027,RATE-GBP-GOVT-002M,0.01298964
SP-027,RATE-GBP-GOVT-003M,0.01297263
SP-027,RATE-GBP-GOVT-005M,0.01295874
SP-027,RATE-GBP-GOVT-007M,0.01295826
SP-027,RATE-GBP-GOVT-010M,0.01296907
SP-027,RATE-GBP-GOVT-015M,0.01300033
SP-027,RATE-GBP-GOVT-020M,0.01303802
SP-027,RATE-GBP-GOVT-030M,0.01311845
SP-027,RATE-GBP-GOVT-060M,0.01335219
SP-027,RATE-GBP-GOVT-090M,0.01356235
SP-027,RATE-GBP-GOVT-120M,0.01375301
SP-027,RATE-GBP-GOVT-180M,0.01409226
SP-027,RATE-GBP-GOVT-240M,0.01439199
SP-027,RATE-GBP-GOVT-360M,0.01491445
SP-027,RATE-GBP-SWAP-001M,0.01504561
SP-027,RATE-GBP-SWAP-002M,0.01501556
SP-027,RATE-GBP-SWAP-003M,0.01499855
SP-027,RATE-GBP-SWAP-005M,0.01498466
SP-027,RATE-GBP-SWAP-007M,0.01498418
SP-027,RATE-GBP-SWAP-010M,0.01499499
SP-027,RATE-GBP-SWAP-015M,0.01502625
SP-027,RATE-GBP-SWAP-020M,0.01506394
SP-027,RATE-GBP-SWAP-030M,0.01514437
SP-027,RATE-GBP-SWAP-060M,0.01537811
SP-027,RATE-GBP-SWAP-090M,0.01558827
SP-027,RATE-GBP-SWAP-120M,0.01577893
SP-027,RATE-GBP-SWAP-180M,0.01611818
SP-027,RATE-GBP-SWAP-240M,0.01641791
SP-027,RATE-GBP-SWAP-360M,0.01694037
SP-027,RATE-GBP-INFLATION-001M,0.01707153
SP-027,RATE-GBP-INFLATION-002M,0.01704148
SP-027,RATE-GBP-INFLATION-003M,0.01702447
SP-027,RATE-GBP-INFLATION-005M,0.01701058
SP-027,RATE-GBP-INFLATION-007M,0.01701010
SP-027,RATE-GBP-INFLATION-010M,0.01702091
SP-027,RATE-GBP-INFLATION-015M,0.01705217
SP-027,RATE-GBP-INFLATION-020M,0.01708986
SP-027,RATE-GBP-INFLATION-030M,0.01717029
SP-027,RATE-GBP-INFLATION-060M,0.01740403
SP-027,RATE-GBP-INFLATION-090M,0.01761419
SP-027,RATE-GBP-INFLATION-120M,0.01780485
SP-027,RATE-GBP-INFLATION-180M,0.01814410
SP-027,RATE-GBP-INFLATION-240M,0.01844383
SP-027,RATE-GBP-INFLATION-360M,0.01896629
SP-027,RATE-JPY-OIS-001M,0.01249377
SP-027,RATE-JPY-OIS-002M,0.01246372
SP-027,RATE-JPY-OIS-003M,0.01244671
SP-027,RATE-JPY-OIS-005M,0.01243282
SP-027,RATE-JPY-OIS-007M,0.01243234
SP-027,RATE-JPY-OIS-010M,0.01244315
SP-027,RATE-JPY-OIS-015M,0.01247441
SP-027,RATE-JPY-OIS-020M,0.01251210
SP-027,RATE-JPY-OIS-030M,0.01259253
SP-027,RATE-JPY-OIS-060M,0.01282627
SP-027,RATE-JPY-OIS-090M,0.01303643
SP-027,RATE-JPY-OIS-120M,0.01322709
SP-027,RATE-JPY-OIS-180M,0.01356634
SP-027,RATE-JPY-OIS-240M,0.01386607
SP-027,RATE-JPY-OIS-360M,0.01438853
SP-027,RATE-JPY-GOVT-001M,0.01451969
SP-027,RATE-JPY-GOVT-002M,0.01448964
SP-027,RATE-JPY-GOVT-003M,0.01447263
SP-027,RATE-JPY-GOVT-005M,0.01445874
SP-027,RATE-JPY-GOVT-007M,0.01445826
SP-027,RATE-JPY-GOVT-010M,0.01446907
SP-027,RATE-JPY-GOVT-015M,0.01450033
SP-027,RATE-JPY-GOVT-020M,0.01453802
SP-027,RATE-JPY-GOVT-030M,0.01461845
SP-027,RATE-JPY-GOVT-060M,0.01485219
SP-027,RATE-JPY-GOVT-090M,0.01506235
SP-027,RATE-JPY-GOVT-120M,0.01525301
SP-027,RATE-JPY-GOVT-180M,0.01559226
SP-027,RATE-JPY-GOVT-240M,0.01589199
SP-027,RATE-JPY-GOVT-360M,0.01641445
SP-027,RATE-JPY-SWAP-001M,0.01654561
SP-027,RATE-JPY-SWAP-002M,0.01651556
SP-027,RATE-JPY-SWAP-003M,0.01649855
SP-027,RATE-JPY-SWAP-005M,0.01648466
SP-027,RATE-JPY-SWAP-007M,0.01648418
SP-027,RATE-JPY-SWAP-010M,0.01649499
SP-027,RATE-JPY-SWAP-015M,0.01652625
SP-027,RATE-JPY-SWAP-020M,0.01656394
SP-027,RATE-JPY-SWAP-030M,0.01664437
SP-027,RATE-JPY-SWAP-060M,0.01687811
SP-027,RATE-JPY-SWAP-090M,0.01708827
SP-027,RATE-JPY-SWAP-120M,0.01727893
SP-027,RATE-JPY-SWAP-180M,0.01761818
SP-027,RATE-JPY-SWAP-240M,0.01791791
SP-027,RATE-JPY-SWAP-360M,0.01844037
SP-027,RATE-JPY-INFLATION-001M,0.01857153
SP-027,RATE-JPY-INFLATION-002M,0.01854148
SP-027,RATE-JPY-INFLATION-003M,0.01852447
SP-027,RATE-JPY-INFLATION-005M,0.01851058
SP-027,RATE-JPY-INFLATION-007M,0.01851010
SP-027,RATE-JPY-INFLATION-010M,0.01852091
SP-027,RATE-JPY-INFLATION-015M,0.01855217
SP-027,RATE-JPY-INFLATION-020M,0.01858986
SP-027,RATE-JPY-INFLATION-030M,0.01867029
SP-027,RATE-JPY-INFLATION-060M,0.01890403
SP-027,RATE-JPY-INFLATION-090M,0.01911419
SP-027,RATE-JPY-INFLATION-120M,0.01930485
SP-027,RATE-JPY-INFLATION-180M,0.01964410
SP-027,RATE-JPY-INFLATION-240M,0.01994383
SP-027,RATE-JPY-INFLATION-360M,0.02046629
SP-027,RATE-CHF-OIS-001M,0.01399377
SP-027,RATE-CHF-OIS-002M,0.01396372
SP-027,RATE-CHF-OIS-003M,0.01394671
SP-027,RATE-CHF-OIS-005M,0.01393282
SP-027,RATE-CHF-OIS-007M,0.01393234
SP-027,RATE-CHF-OIS-010M,0.01394315
SP-027,RATE-CHF-OIS-015M,0.01397441
SP-027,RATE-CHF-OIS-020M,0.01401210
SP-027,RATE-CHF-OIS-030M,0.01409253
SP-027,RATE-CHF-OIS-060M,0.01432627
SP-027,RATE-CHF-OIS-090M,0.01453643
SP-027,RATE-CHF-OIS-120M,0.01472709
SP-027,RATE-CHF-OIS-180M,0.01506634
SP-027,RATE-CHF-OIS-240M,0.01536607
SP-027,RATE-CHF-OIS-360M,0.01588853
SP-027,RATE-CHF-GOVT-001M,0.01601969
SP-027,RATE-CHF-GOVT-002M,0.01598964
SP-027,RATE-CHF-GOVT-003M,0.01597263
SP-027,RATE-CHF-GOVT-005M,0.01595874
SP-027,RATE-CHF-GOVT-007M,0.01595826
SP-027,RATE-CHF-GOVT-010M,0.01596907
SP-027,RATE-CHF-GOVT-015M,0.01600033
SP-027,RATE-CHF-GOVT-020M,0.01603802
SP-027,RATE-CHF-GOVT-030M,0.01611845
SP-027,RATE-CHF-GOVT-060M,0.01635219
SP-027,RATE-CHF-GOVT-090M,0.01656235
SP-027,RATE-CHF-GOVT-120M,0.01675301
SP-027,RATE-CHF-GOVT-180M,0.01709226
SP-027,RATE-CHF-GOVT-240M,0.01739199
SP-027,RATE-CHF-GOVT-360M,0.01791445
SP-027,RATE-CHF-SWAP-001M,0.01804561
SP-027,RATE-CHF-SWAP-002M,0.01801556
SP-027,RATE-CHF-SWAP-003M,0.01799855
SP-027,RATE-CHF-SWAP-005M,0.01798466
SP-027,RATE-CHF-SWAP-007M,0.01798418
SP-027,RATE-CHF-SWAP-010M,0.01799499
SP-027,RATE-CHF-SWAP-015M,0.01802625
SP-027,RATE-CHF-SWAP-020M,0.01806394
SP-027,RATE-CHF-SWAP-030M,0.01814437
SP-027,RATE-CHF-SWAP-060M,0.01837811
SP-027,RATE-CHF-SWAP-090M,0.01858827
SP-027,RATE-CHF-SWAP-120M,0.01877893
SP-027,RATE-CHF-SWAP-180M,0.01911818
SP-027,RATE-CHF-SWAP-240M,0.01941791
SP-027,RATE-CHF-SWAP-360M,0.01994037
SP-027,RATE-CHF-INFLATION-001M,0.02007153
SP-027,RATE-CHF-INFLATION-002M,0.02004148
SP-027,RATE-CHF-INFLATION-003M,0.02002447
SP-027,RATE-CHF-INFLATION-005M,0.02001058
SP-027,RATE-CHF-INFLATION-007M,0.02001010
SP-027,RATE-CHF-INFLATION-010M,0.02002091
SP-027,RATE-CHF-INFLATION-015M,0.02005217
SP-027,RATE-CHF-INFLATION-020M,0.02008986
SP-027,RATE-CHF-INFLATION-030M,0.02017029
SP-027,RATE-CHF-INFLATION-060M,0.02040403
SP-027,RATE-CHF-INFLATION-090M,0.02061419
SP-027,RATE-CHF-INFLATION-120M,0.02080485
SP-027,RATE-CHF-INFLATION-180M,0.02114410
SP-027,RATE-CHF-INFLATION-240M,0.02144383
SP-027,RATE-CHF-INFLATION-360M,0.02196629
SP-027,RATE-CAD-OIS-001M,0.01549377
SP-027,RATE-CAD-OIS-002M,0.01546372
SP-027,RATE-CAD-OIS-003M,0.01544671
SP-027,RATE-CAD-OIS-005M,0.01543282
SP-027,RATE-CAD-OIS-007M,0.01543234
SP-027,RATE-CAD-OIS-010M,0.01544315
SP-027,RATE-CAD-OIS-015M,0.01547441
SP-027,RATE-CAD-OIS-020M,0.01551210
SP-027,RATE-CAD-OIS-030M,0.01559253
SP-027,RATE-CAD-OIS-060M,0.01582627
SP-027,RATE-CAD-OIS-090M,0.01603643
SP-027,RATE-CAD-OIS-120M,0.01622709
SP-027,RATE-CAD-OIS-180M,0.01656634
SP-027,RATE-CAD-OIS-240M,0.01686607
SP-027,RATE-CAD-OIS-360M,0.01738853
SP-027,RATE-CAD-GOVT-001M,0.01751969
SP-027,RATE-CAD-GOVT-002M,0.01748964
SP-027,RATE-CAD-GOVT-003M,0.01747263
SP-027,RATE-CAD-GOVT-005M,0.01745874
SP-027,RATE-CAD-GOVT-007M,0.01745826
SP-027,RATE-CAD-GOVT-010M,0.01746907
SP-027,RATE-CAD-GOVT-015M,0.01750033
SP-027,RATE-CAD-GOVT-020M,0.01753802
SP-027,RATE-CAD-GOVT-030M,0.01761845
SP-027,RATE-CAD-GOVT-060M,0.01785219
SP-027,RATE-CAD-GOVT-090M,0.01806235
SP-027,RATE-CAD-GOVT-120M,0.01825301
SP-027,RATE-CAD-GOVT-180M,0.01859226
SP-027,RATE-CAD-GOVT-240M,0.01889199
SP-027,RATE-CAD-GOVT-360M,0.01941445
SP-027,RATE-CAD-SWAP-001M,0.01954561
SP-027,RATE-CAD-SWAP-002M,0.01951556
SP-027,RATE-CAD-SWAP-003M,0.01949855
SP-027,RATE-CAD-SWAP-005M,0.01948466
SP-027,RATE-CAD-SWAP-007M,0.01948418
SP-027,RATE-CAD-SWAP-010M,0.01949499
SP-027,RATE-CAD-SWAP-015M,0.01952625
SP-027,RATE-CAD-SWAP-020M,0.01956394
SP-027,RATE-CAD-SWAP-030M,0.01964437
SP-027,RATE-CAD-SWAP-060M,0.01987811
SP-027,RATE-CAD-SWAP-090M,0.02008827
SP-027,RATE-CAD-SWAP-120M,0.02027893
SP-027,RATE-CAD-SWAP-180M,0.02061818
SP-027,RATE-CAD-SWAP-240M,0.02091791
SP-027,RATE-CAD-SWAP-360M,0.02144037
SP-027,RATE-CAD-INFLATION-001M,0.02157153
SP-027,RATE-CAD-INFLATION-002M,0.02154148
SP-027,RATE-CAD-INFLATION-003M,0.02152447
SP-027,RATE-CAD-INFLATION-005M,0.02151058
SP-027,RATE-CAD-INFLATION-007M,0.02151010
SP-027,RATE-CAD-INFLATION-010M,0.02152091
SP-027,RATE-CAD-INFLATION-015M,0.02155217
SP-027,RATE-CAD-INFLATION-020M,0.02158986
SP-027,RATE-CAD-INFLATION-030M,0.02167029
SP-027,RATE-CAD-INFLATION-060M,0.02190403
SP-027,RATE-CAD-INFLATION-090M,0.02211419
SP-027,RATE-CAD-INFLATION-120M,0.02230485
SP-027,RATE-CAD-INFLATION-180M,0.02264410
SP-027,RATE-CAD-INFLATION-240M,0.02294383
SP-027,RATE-CAD-INFLATION-360M,0.02346629
SP-027,RATE-AUD-OIS-001M,0.01699377
SP-027,RATE-AUD-OIS-002M,0.01696372
SP-027,RATE-AUD-OIS-003M,0.01694671
SP-027,RATE-AUD-OIS-005M,0.01693282
SP-027,RATE-AUD-OIS-007M,0.01693234
SP-027,RATE-AUD-OIS-010M,0.01694315
SP-027,RATE-AUD-OIS-015M,0.01697441
SP-027,RATE-AUD-OIS-020M,0.01701210
SP-027,RATE-AUD-OIS-030M,0.01709253
SP-027,RATE-AUD-OIS-060M,0.01732627
SP-027,RATE-AUD-OIS-090M,0.01753643
SP-027,RATE-AUD-OIS-120M,0.01772709
SP-027,RATE-AUD-OIS-180M,0.01806634
SP-027,RATE-AUD-OIS-240M,0.01836607
SP-027,RATE-AUD-OIS-360M,0.01888853
SP-027,RATE-AUD-GOVT-001M,0.01901969
SP-027,RATE-AUD-GOVT-002M,0.01898964
SP-027,RATE-AUD-GOVT-003M,0.01897263
SP-027,RATE-AUD-GOVT-005M,0.01895874
SP-027,RATE-AUD-GOVT-007M,0.01895826
SP-027,RATE-AUD-GOVT-010M,0.01896907
SP-027,RATE-AUD-GOVT-015M,0.01900033
SP-027,RATE-AUD-GOVT-020M,0.01903802
SP-027,RATE-AUD-GOVT-030M,0.01911845
SP-027,RATE-AUD-GOVT-060M,0.01935219
SP-027,RATE-AUD-GOVT-090M,0.01956235
SP-027,RATE-AUD-GOVT-120M,0.01975301
SP-027,RATE-AUD-GOVT-180M,0.02009226
SP-027,RATE-AUD-GOVT-240M,0.02039199
SP-027,RATE-AUD-GOVT-360M,0.02091445
SP-027,RATE-AUD-SWAP-001M,0.02104561
SP-027,RATE-AUD-SWAP-002M,0.02101556
SP-027,RATE-AUD-SWAP-003M,0.02099855
SP-027,RATE-AUD-SWAP-005M,0.02098466
SP-027,RATE-AUD-SWAP-007M,0.02098418
SP-027,RATE-AUD-SWAP-010M,0.02099499
SP-027,RATE-AUD-SWAP-015M,0.02102625
SP-027,RATE-AUD-SWAP-020M,0.02106394
SP-027,RATE-AUD-SWAP-030M,0.02114437
SP-027,RATE-AUD-SWAP-060M,0.02137811
SP-027,RATE-AUD-SWAP-090M,0.02158827
SP-027,RATE-AUD-SWAP-120M,0.02177893
SP-027,RATE-AUD-SWAP-180M,0.02211818
SP-027,RATE-AUD-SWAP-240M,0.02241791
SP-027,RATE-AUD-SWAP-360M,0.02294037
SP-027,RATE-AUD-INFLATION-001M,0.02307153
SP-027,RATE-AUD-INFLATION-002M,0.02304148
SP-027,RATE-AUD-INFLATION-003M,0.02302447
SP-027,RATE-AUD-INFLATION-005M,0.02301058
SP-027,RATE-AUD-INFLATION-007M,0.02301010
SP-027,RATE-AUD-INFLATION-010M,0.02302091
SP-027,RATE-AUD-INFLATION-015M,0.02305217
SP-027,RATE-AUD-INFLATION-020M,0.02308986
SP-027,RATE-AUD-INFLATION-030M,0.02317029
SP-027,RATE-AUD-INFLATION-060M,0.02340403
SP-027,RATE-AUD-INFLATION-090M,0.02361419
SP-027,RATE-AUD-INFLATION-120M,0.02380485
SP-027,RATE-AUD-INFLATION-180M,0.02414410
SP-027,RATE-AUD-INFLATION-240M,0.02444383
SP-027,RATE-AUD-INFLATION-360M,0.02496629
SP-027,RATE-NZD-OIS-001M,0.01849377
SP-027,RATE-NZD-OIS-002M,0.01846372
SP-027,RATE-NZD-OIS-003M,0.01844671
SP-027,RATE-NZD-OIS-005M,0.01843282
SP-027,RATE-NZD-OIS-007M,0.01843234
SP-027,RATE-NZD-OIS-010M,0.01844315
SP-027,RATE-NZD-OIS-015M,0.01847441
SP-027,RATE-NZD-OIS-020M,0.01851210
SP-027,RATE-NZD-OIS-030M,0.01859253
SP-027,RATE-NZD-OIS-060M,0.01882627
SP-027,RATE-NZD-OIS-090M,0.01903643
SP-027,RATE-NZD-OIS-120M,0.01922709
SP-027,RATE-NZD-OIS-180M,0.01956634
SP-027,RATE-NZD-OIS-240M,0.01986607
SP-027,RATE-NZD-OIS-360M,0.02038853
SP-027,RATE-NZD-GOVT-001M,0.02051969
SP-027,RATE-NZD-GOVT-002M,0.02048964
SP-027,RATE-NZD-GOVT-003M,0.02047263
SP-027,RATE-NZD-GOVT-005M,0.02045874
SP-027,RATE-NZD-GOVT-007M,0.02045826
SP-027,RATE-NZD-GOVT-010M,0.02046907
SP-027,RATE-NZD-GOVT-015M,0.02050033
SP-027,RATE-NZD-GOVT-020M,0.02053802
SP-027,RATE-NZD-GOVT-030M,0.02061845
SP-027,RATE-NZD-GOVT-060M,0.02085219
SP-027,RATE-NZD-GOVT-090M,0.02106235
SP-027,RATE-NZD-GOVT-120M,0.02125301
SP-027,RATE-NZD-GOVT-180M,0.02159226
SP-027,RATE-NZD-GOVT-240M,0.02189199
SP-027,RATE-NZD-GOVT-360M,0.02241445
SP-027,RATE-NZD-SWAP-001M,0.02254561
SP-027,RATE-NZD-SWAP-002M,0.02251556
SP-027,RATE-NZD-SWAP-003M,0.02249855
SP-027,RATE-NZD-SWAP-005M,0.02248466
SP-027,RATE-NZD-SWAP-007M,0.02248418
SP-027,RATE-NZD-SWAP-010M,0.02249499
SP-027,RATE-NZD-SWAP-015M,0.02252625
SP-027,RATE-NZD-SWAP-020M,0.02256394
SP-027,RATE-NZD-SWAP-030M,0.02264437
SP-027,RATE-NZD-SWAP-060M,0.02287811
SP-027,RATE-NZD-SWAP-090M,0.02308827
SP-027,RATE-NZD-SWAP-120M,0.02327893
SP-027,RATE-NZD-SWAP-180M,0.02361818
SP-027,RATE-NZD-SWAP-240M,0.02391791
SP-027,RATE-NZD-SWAP-360M,0.02444037
SP-027,RATE-NZD-INFLATION-001M,0.02457153
SP-027,RATE-NZD-INFLATION-002M,0.02454148
SP-027,RATE-NZD-INFLATION-003M,0.02452447
SP-027,RATE-NZD-INFLATION-005M,0.02451058
SP-027,RATE-NZD-INFLATION-007M,0.02451010
SP-027,RATE-NZD-INFLATION-010M,0.02452091
SP-027,RATE-NZD-INFLATION-015M,0.02455217
SP-027,RATE-NZD-INFLATION-020M,0.02458986
SP-027,RATE-NZD-INFLATION-030M,0.02467029
SP-027,RATE-NZD-INFLATION-060M,0.02490403
SP-027,RATE-NZD-INFLATION-090M,0.02511419
SP-027,RATE-NZD-INFLATION-120M,0.02530485
SP-027,RATE-NZD-INFLATION-180M,0.02564410
SP-027,RATE-NZD-INFLATION-240M,0.02594383
SP-027,RATE-NZD-INFLATION-360M,0.02646629
SP-027,RATE-SEK-OIS-001M,0.01999377
SP-027,RATE-SEK-OIS-002M,0.01996372
SP-027,RATE-SEK-OIS-003M,0.01994671
SP-027,RATE-SEK-OIS-005M,0.01993282
SP-027,RATE-SEK-OIS-007M,0.01993234
SP-027,RATE-SEK-OIS-010M,0.01994315
SP-027,RATE-SEK-OIS-015M,0.01997441
SP-027,RATE-SEK-OIS-020M,0.02001210
SP-027,RATE-SEK-OIS-030M,0.02009253
SP-027,RATE-SEK-OIS-060M,0.02032627
SP-027,RATE-SEK-OIS-090M,0.02053643
SP-027,RATE-SEK-OIS-120M,0.02072709
SP-027,RATE-SEK-OIS-180M,0.02106634
SP-027,RATE-SEK-OIS-240M,0.02136607
SP-027,RATE-SEK-OIS-360M,0.02188853
SP-027,RATE-SEK-GOVT-001M,0.02201969
SP-027,RATE-SEK-GOVT-002M,0.02198964
SP-027,RATE-SEK-GOVT-003M,0.02197263
SP-027,RATE-SEK-GOVT-005M,0.02195874
SP-027,RATE-SEK-GOVT-007M,0.02195826
SP-027,RATE-SEK-GOVT-010M,0.02196907
SP-027,RATE-SEK-GOVT-015M,0.02200033
SP-027,RATE-SEK-GOVT-020M,0.02203802
SP-027,RATE-SEK-GOVT-030M,0.02211845
SP-027,RATE-SEK-GOVT-060M,0.02235219
SP-027,RATE-SEK-GOVT-090M,0.02256235
SP-027,RATE-SEK-GOVT-120M,0.02275301
SP-027,RATE-SEK-GOVT-180M,0.02309226
SP-027,RATE-SEK-GOVT-240M,0.02339199
SP-027,RATE-SEK-GOVT-360M,0.02391445
SP-027,RATE-SEK-SWAP-001M,0.02404561
SP-027,RATE-SEK-SWAP-002M,0.02401556
SP-027,RATE-SEK-SWAP-003M,0.02399855
SP-027,RATE-SEK-SWAP-005M,0.02398466
SP-027,RATE-SEK-SWAP-007M,0.02398418
SP-027,RATE-SEK-SWAP-010M,0.02399499
SP-027,RATE-SEK-SWAP-015M,0.02402625
SP-027,RATE-SEK-SWAP-020M,0.02406394
SP-027,RATE-SEK-SWAP-030M,0.02414437
SP-027,RATE-SEK-SWAP-060M,0.02437811
SP-027,RATE-SEK-SWAP-090M,0.02458827
SP-027,RATE-SEK-SWAP-120M,0.02477893
SP-027,RATE-SEK-SWAP-180M,0.02511818
SP-027,RATE-SEK-SWAP-240M,0.02541791
SP-027,RATE-SEK-SWAP-360M,0.02594037
SP-027,RATE-SEK-INFLATION-001M,0.02607153
SP-027,RATE-SEK-INFLATION-002M,0.02604148
SP-027,RATE-SEK-INFLATION-003M,0.02602447
SP-027,RATE-SEK-INFLATION-005M,0.02601058
SP-027,RATE-SEK-INFLATION-007M,0.02601010
SP-027,RATE-SEK-INFLATION-010M,0.02602091
SP-027,RATE-SEK-INFLATION-015M,0.02605217
SP-027,RATE-SEK-INFLATION-020M,0.02608986
SP-027,RATE-SEK-INFLATION-030M,0.02617029
SP-027,RATE-SEK-INFLATION-060M,0.02640403
SP-027,RATE-SEK-INFLATION-090M,0.02661419
SP-027,RATE-SEK-INFLATION-120M,0.02680485
SP-027,RATE-SEK-INFLATION-180M,0.02714410
SP-027,RATE-SEK-INFLATION-240M,0.02744383
SP-027,RATE-SEK-INFLATION-360M,0.02796629
SP-027,RATE-NOK-OIS-001M,0.02149377
SP-027,RATE-NOK-OIS-002M,0.02146372
SP-027,RATE-NOK-OIS-003M,0.02144671
SP-027,RATE-NOK-OIS-005M,0.02143282
SP-027,RATE-NOK-OIS-007M,0.02143234
SP-027,RATE-NOK-OIS-010M,0.02144315
SP-027,RATE-NOK-OIS-015M,0.02147441
SP-027,RATE-NOK-OIS-020M,0.02151210
SP-027,RATE-NOK-OIS-030M,0.02159253
SP-027,RATE-NOK-OIS-060M,0.02182627
SP-027,RATE-NOK-OIS-090M,0.02203643
SP-027,RATE-NOK-OIS-120M,0.02222709
SP-027,RATE-NOK-OIS-180M,0.02256634
SP-027,RATE-NOK-OIS-240M,0.02286607
SP-027,RATE-NOK-OIS-360M,0.02338853
SP-027,RATE-NOK-GOVT-001M,0.02351969
SP-027,RATE-NOK-GOVT-002M,0.02348964
SP-027,RATE-NOK-GOVT-003M,0.02347263
SP-027,RATE-NOK-GOVT-005M,0.02345874
SP-027,RATE-NOK-GOVT-007M,0.02345826
SP-027,RATE-NOK-GOVT-010M,0.02346907
SP-027,RATE-NOK-GOVT-015M,0.02350033
SP-027,RATE-NOK-GOVT-020M,0.02353802
SP-027,RATE-NOK-GOVT-030M,0.02361845
SP-027,RATE-NOK-GOVT-060M,0.02385219
SP-027,RATE-NOK-GOVT-090M,0.02406235
SP-027,RATE-NOK-GOVT-120M,0.02425301
SP-027,RATE-NOK-GOVT-180M,0.02459226
SP-027,RATE-NOK-GOVT-240M,0.02489199
SP-027,RATE-NOK-GOVT-360M,0.02541445
SP-027,RATE-NOK-SWAP-001M,0.02554561
SP-027,RATE-NOK-SWAP-002M,0.02551556
SP-027,RATE-NOK-SWAP-003M,0.02549855
SP-027,RATE-NOK-SWAP-005M,0.02548466
SP-027,RATE-NOK-SWAP-007M,0.02548418
SP-027,RATE-NOK-SWAP-010M,0.02549499
SP-027,RATE-NOK-SWAP-015M,0.02552625
SP-027,RATE-NOK-SWAP-020M,0.02556394
SP-027,RATE-NOK-SWAP-030M,0.02564437
SP-027,RATE-NOK-SWAP-060M,0.02587811
SP-027,RATE-NOK-SWAP-090M,0.02608827
SP-027,RATE-NOK-SWAP-120M,0.02627893
SP-027,RATE-NOK-SWAP-180M,0.02661818
SP-027,RATE-NOK-SWAP-240M,0.02691791
SP-027,RATE-NOK-SWAP-360M,0.02744037
SP-027,RATE-NOK-INFLATION-001M,0.02757153
SP-027,RATE-NOK-INFLATION-002M,0.02754148
SP-027,RATE-NOK-INFLATION-003M,0.02752447
SP-027,RATE-NOK-INFLATION-005M,0.02751058
SP-027,RATE-NOK-INFLATION-007M,0.02751010
SP-027,RATE-NOK-INFLATION-010M,0.02752091
SP-027,RATE-NOK-INFLATION-015M,0.02755217
SP-027,RATE-NOK-INFLATION-020M,0.02758986
SP-027,RATE-NOK-INFLATION-030M,0.02767029
SP-027,RATE-NOK-INFLATION-060M,0.02790403
SP-027,RATE-NOK-INFLATION-090M,0.02811419
SP-027,RATE-NOK-INFLATION-120M,0.02830485
SP-027,RATE-NOK-INFLATION-180M,0.02864410
SP-027,RATE-NOK-INFLATION-240M,0.02894383
SP-027,RATE-NOK-INFLATION-360M,0.02946629
SP-027,RATE-DKK-OIS-001M,0.02299377
SP-027,RATE-DKK-OIS-002M,0.02296372
SP-027,RATE-DKK-OIS-003M,0.02294671
SP-027,RATE-DKK-OIS-005M,0.02293282
SP-027,RATE-DKK-OIS-007M,0.02293234
SP-027,RATE-DKK-OIS-010M,0.02294315
SP-027,RATE-DKK-OIS-015M,0.02297441
SP-027,RATE-DKK-OIS-020M,0.02301210
SP-027,RATE-DKK-OIS-030M,0.02309253
SP-027,RATE-DKK-OIS-060M,0.02332627
SP-027,RATE-DKK-OIS-090M,0.02353643
SP-027,RATE-DKK-OIS-120M,0.02372709
SP-027,RATE-DKK-OIS-180M,0.02406634
SP-027,RATE-DKK-OIS-240M,0.02436607
SP-027,RATE-DKK-OIS-360M,0.02488853
SP-027,RATE-DKK-GOVT-001M,0.02501969
SP-027,RATE-DKK-GOVT-002M,0.02498964
SP-027,RATE-DKK-GOVT-003M,0.02497263
SP-027,RATE-DKK-GOVT-005M,0.02495874
SP-027,RATE-DKK-GOVT-007M,0.02495826
SP-027,RATE-DKK-GOVT-010M,0.02496907
SP-027,RATE-DKK-GOVT-015M,0.02500033
SP-027,RATE-DKK-GOVT-020M,0.02503802
SP-027,RATE-DKK-GOVT-030M,0.02511845
SP-027,RATE-DKK-GOVT-060M,0.02535219
SP-027,RATE-DKK-GOVT-090M,0.02556235
SP-027,RATE-DKK-GOVT-120M,0.02575301
SP-027,RATE-DKK-GOVT-180M,0.02609226
SP-027,RATE-DKK-GOVT-240M,0.02639199
SP-027,RATE-DKK-GOVT-360M,0.02691445
SP-027,RATE-DKK-SWAP-001M,0.02704561
SP-027,RATE-DKK-SWAP-002M,0.02701556
SP-027,RATE-DKK-SWAP-003M,0.02699855
SP-027,RATE-DKK-SWAP-005M,0.02698466
SP-027,RATE-DKK-SWAP-007M,0.02698418
SP-027,RATE-DKK-SWAP-010M,0.02699499
SP-027,RATE-DKK-SWAP-015M,0.02702625
SP-027,RATE-DKK-SWAP-020M,0.02706394
SP-027,RATE-DKK-SWAP-030M,0.02714437
SP-027,RATE-DKK-SWAP-060M,0.02737811
SP-027,RATE-DKK-SWAP-090M,0.02758827
SP-027,RATE-DKK-SWAP-120M,0.02777893
SP-027,RATE-DKK-SWAP-180M,0.02811818
SP-027,RATE-DKK-SWAP-240M,0.02841791
SP-027,RATE-DKK-SWAP-360M,0.02894037
SP-027,RATE-DKK-INFLATION-001M,0.02907153
SP-027,RATE-DKK-INFLATION-002M,0.02904148
SP-027,RATE-DKK-INFLATION-003M,0.02902447
SP-027,RATE-DKK-INFLATION-005M,0.02901058
SP-027,RATE-DKK-INFLATION-007M,0.02901010
SP-027,RATE-DKK-INFLATION-010M,0.02902091
SP-027,RATE-DKK-INFLATION-015M,0.02905217
SP-027,RATE-DKK-INFLATION-020M,0.02908986
SP-027,RATE-DKK-INFLATION-030M,0.02917029
SP-027,RATE-DKK-INFLATION-060M,0.02940403
SP-027,RATE-DKK-INFLATION-090M,0.02961419
SP-027,RATE-DKK-INFLATION-120M,0.02980485
SP-027,RATE-DKK-INFLATION-180M,0.03014410
SP-027,RATE-DKK-INFLATION-240M,0.03044383
SP-027,RATE-DKK-INFLATION-360M,0.03096629
SP-027,RATE-PLN-OIS-001M,0.02449377
SP-027,RATE-PLN-OIS-002M,0.02446372
SP-027,RATE-PLN-OIS-003M,0.02444671
SP-027,RATE-PLN-OIS-005M,0.02443282
SP-027,RATE-PLN-OIS-007M,0.02443234
SP-027,RATE-PLN-OIS-010M,0.02444315
SP-027,RATE-PLN-OIS-015M,0.02447441
SP-027,RATE-PLN-OIS-020M,0.02451210
SP-027,RATE-PLN-OIS-030M,0.02459253
SP-027,RATE-PLN-OIS-060M,0.02482627
SP-027,RATE-PLN-OIS-090M,0.02503643
SP-027,RATE-PLN-OIS-120M,0.02522709
SP-027,RATE-PLN-OIS-180M,0.02556634
SP-027,RATE-PLN-OIS-240M,0.02586607
SP-027,RATE-PLN-OIS-360M,0.02638853
SP-027,RATE-PLN-GOVT-001M,0.02651969
SP-027,RATE-PLN-GOVT-002M,0.02648964
SP-027,RATE-PLN-GOVT-003M,0.02647263
SP-027,RATE-PLN-GOVT-005M,0.02645874
SP-027,RATE-PLN-GOVT-007M,0.02645826
SP-027,RATE-PLN-GOVT-010M,0.02646907
SP-027,RATE-PLN-GOVT-015M,0.02650033
SP-027,RATE-PLN-GOVT-020M,0.02653802
SP-027,RATE-PLN-GOVT-030M,0.02661845
SP-027,RATE-PLN-GOVT-060M,0.02685219
SP-027,RATE-PLN-GOVT-090M,0.02706235
SP-027,RATE-PLN-GOVT-120M,0.02725301
SP-027,RATE-PLN-GOVT-180M,0.02759226
SP-027,RATE-PLN-GOVT-240M,0.02789199
SP-027,RATE-PLN-GOVT-360M,0.02841445
SP-027,RATE-PLN-SWAP-001M,0.02854561
SP-027,RATE-PLN-SWAP-002M,0.02851556
SP-027,RATE-PLN-SWAP-003M,0.02849855
SP-027,RATE-PLN-SWAP-005M,0.02848466
SP-027,RATE-PLN-SWAP-007M,0.02848418
SP-027,RATE-PLN-SWAP-010M,0.02849499
SP-027,RATE-PLN-SWAP-015M,0.02852625
SP-027,RATE-PLN-SWAP-020M,0.02856394
SP-027,RATE-PLN-SWAP-030M,0.02864437
SP-027,RATE-PLN-SWAP-060M,0.02887811
SP-027,RATE-PLN-SWAP-090M,0.02908827
SP-027,RATE-PLN-SWAP-120M,0.02927893
SP-027,RATE-PLN-SWAP-180M,0.02961818
SP-027,RATE-PLN-SWAP-240M,0.02991791
SP-027,RATE-PLN-SWAP-360M,0.03044037
SP-027,RATE-PLN-INFLATION-001M,0.03057153
SP-027,RATE-PLN-INFLATION-002M,0.03054148
SP-027,RATE-PLN-INFLATION-003M,0.03052447
SP-027,RATE-PLN-INFLATION-005M,0.03051058
SP-027,RATE-PLN-INFLATION-007M,0.03051010
SP-027,RATE-PLN-INFLATION-010M,0.03052091
SP-027,RATE-PLN-INFLATION-015M,0.03055217
SP-027,RATE-PLN-INFLATION-020M,0.03058986
SP-027,RATE-PLN-INFLATION-030M,0.03067029
SP-027,RATE-PLN-INFLATION-060M,0.03090403
SP-027,RATE-PLN-INFLATION-090M,0.03111419
SP-027,RATE-PLN-INFLATION-120M,0.03130485
SP-027,RATE-PLN-INFLATION-180M,0.03164410
SP-027,RATE-PLN-INFLATION-240M,0.03194383
SP-027,RATE-PLN-INFLATION-360M,0.03246629
SP-027,RATE-CZK-OIS-001M,0.02599377
SP-027,RATE-CZK-OIS-002M,0.02596372
SP-027,RATE-CZK-OIS-003M,0.02594671
SP-027,RATE-CZK-OIS-005M,0.02593282
SP-027,RATE-CZK-OIS-007M,0.02593234
SP-027,RATE-CZK-OIS-010M,0.02594315
SP-027,RATE-CZK-OIS-015M,0.02597441
SP-027,RATE-CZK-OIS-020M,0.02601210
SP-027,RATE-CZK-OIS-030M,0.02609253
SP-027,RATE-CZK-OIS-060M,0.02632627
SP-027,RATE-CZK-OIS-090M,0.02653643
SP-027,RATE-CZK-OIS-120M,0.02672709
SP-027,RATE-CZK-OIS-180M,0.02706634
SP-027,RATE-CZK-OIS-240M,0.02736607
SP-027,RATE-CZK-OIS-360M,0.02788853
SP-027,RATE-CZK-GOVT-001M,0.02801969
SP-027,RATE-CZK-GOVT-002M,0.02798964
SP-027,RATE-CZK-GOVT-003M,0.02797263
SP-027,RATE-CZK-GOVT-005M,0.02795874
SP-027,RATE-CZK-GOVT-007M,0.02795826
SP-027,RATE-CZK-GOVT-010M,0.02796907
SP-027,RATE-CZK-GOVT-015M,0.02800033
SP-027,RATE-CZK-GOVT-020M,0.02803802
SP-027,RATE-CZK-GOVT-030M,0.02811845
SP-027,RATE-CZK-GOVT-060M,0.02835219
SP-027,RATE-CZK-GOVT-090M,0.02856235
SP-027,RATE-CZK-GOVT-120M,0.02875301
SP-027,RATE-CZK-GOVT-180M,0.02909226
SP-027,RATE-CZK-GOVT-240M,0.02939199
SP-027,RATE-CZK-GOVT-360M,0.02991445
SP-027,RATE-CZK-SWAP-001M,0.03004561
SP-027,RATE-CZK-SWAP-002M,0.03001556
SP-027,RATE-CZK-SWAP-003M,0.02999855
SP-027,RATE-CZK-SWAP-005M,0.02998466
SP-027,RATE-CZK-SWAP-007M,0.02998418
SP-027,RATE-CZK-SWAP-010M,0.02999499
SP-027,RATE-CZK-SWAP-015M,0.03002625
SP-027,RATE-CZK-SWAP-020M,0.03006394
SP-027,RATE-CZK-SWAP-030M,0.03014437
SP-027,RATE-CZK-SWAP-060M,0.03037811
SP-027,RATE-CZK-SWAP-090M,0.03058827
SP-027,RATE-CZK-SWAP-120M,0.03077893
SP-027,RATE-CZK-SWAP-180M,0.03111818
SP-027,RATE-CZK-SWAP-240M,0.03141791
SP-027,RATE-CZK-SWAP-360M,0.03194037
SP-027,RATE-CZK-INFLATION-001M,0.03207153
SP-027,RATE-CZK-INFLATION-002M,0.03204148
SP-027,RATE-CZK-INFLATION-003M,0.03202447
SP-027,RATE-CZK-INFLATION-005M,0.03201058
SP-027,RATE-CZK-INFLATION-007M,0.03201010
SP-027,RATE-CZK-INFLATION-010M,0.03202091
SP-027,RATE-CZK-INFLATION-015M,0.03205217
SP-027,RATE-CZK-INFLATION-020M,0.03208986
SP-027,RATE-CZK-INFLATION-030M,0.03217029
SP-027,RATE-CZK-INFLATION-060M,0.03240403
SP-027,RATE-CZK-INFLATION-090M,0.03261419
SP-027,RATE-CZK-INFLATION-120M,0.03280485
SP-027,RATE-CZK-INFLATION-180M,0.03314410
SP-027,RATE-CZK-INFLATION-240M,0.03344383
SP-027,RATE-CZK-INFLATION-360M,0.03396629
SP-027,RATE-HUF-OIS-001M,0.02749377
SP-027,RATE-HUF-OIS-002M,0.02746372
SP-027,RATE-HUF-OIS-003M,0.02744671
SP-027,RATE-HUF-OIS-005M,0.02743282
SP-027,RATE-HUF-OIS-007M,0.02743234
SP-027,RATE-HUF-OIS-010M,0.02744315
SP-027,RATE-HUF-OIS-015M,0.02747441
SP-027,RATE-HUF-OIS-020M,0.02751210
SP-027,RATE-HUF-OIS-030M,0.02759253
SP-027,RATE-HUF-OIS-060M,0.02782627
SP-027,RATE-HUF-OIS-090M,0.02803643
SP-027,RATE-HUF-OIS-120M,0.02822709
SP-027,RATE-HUF-OIS-180M,0.02856634
SP-027,RATE-HUF-OIS-240M,0.02886607
SP-027,RATE-HUF-OIS-360M,0.02938853
SP-027,RATE-HUF-GOVT-001M,0.02951969
SP-027,RATE-HUF-GOVT-002M,0.02948964
SP-027,RATE-HUF-GOVT-003M,0.02947263
SP-027,RATE-HUF-GOVT-005M,0.02945874
SP-027,RATE-HUF-GOVT-007M,0.02945826
SP-027,RATE-HUF-GOVT-010M,0.02946907
SP-027,RATE-HUF-GOVT-015M,0.02950033
SP-027,RATE-HUF-GOVT-020M,0.02953802
SP-027,RATE-HUF-GOVT-030M,0.02961845
SP-027,RATE-HUF-GOVT-060M,0.02985219
SP-027,RATE-HUF-GOVT-090M,0.03006235
SP-027,RATE-HUF-GOVT-120M,0.03025301
SP-027,RATE-HUF-GOVT-180M,0.03059226
SP-027,RATE-HUF-GOVT-240M,0.03089199
SP-027,RATE-HUF-GOVT-360M,0.03141445
SP-027,RATE-HUF-SWAP-001M,0.03154561
SP-027,RATE-HUF-SWAP-002M,0.03151556
SP-027,RATE-HUF-SWAP-003M,0.03149855
SP-027,RATE-HUF-SWAP-005M,0.03148466
SP-027,RATE-HUF-SWAP-007M,0.03148418
SP-027,RATE-HUF-SWAP-010M,0.03149499
SP-027,RATE-HUF-SWAP-015M,0.03152625
SP-027,RATE-HUF-SWAP-020M,0.03156394
SP-027,RATE-HUF-SWAP-030M,0.03164437
SP-027,RATE-HUF-SWAP-060M,0.03187811
SP-027,RATE-HUF-SWAP-090M,0.03208827
SP-027,RATE-HUF-SWAP-120M,0.03227893
SP-027,RATE-HUF-SWAP-180M,0.03261818
SP-027,RATE-HUF-SWAP-240M,0.03291791
SP-027,RATE-HUF-SWAP-360M,0.03344037
SP-027,RATE-HUF-INFLATION-001M,0.03357153
SP-027,RATE-HUF-INFLATION-002M,0.03354148
SP-027,RATE-HUF-INFLATION-003M,0.03352447
SP-027,RATE-HUF-INFLATION-005M,0.03351058
SP-027,RATE-HUF-INFLATION-007M,0.03351010
SP-027,RATE-HUF-INFLATION-010M,0.03352091
SP-027,RATE-HUF-INFLATION-015M,0.03355217
SP-027,RATE-HUF-INFLATION-020M,0.03358986
SP-027,RATE-HUF-INFLATION-030M,0.03367029
SP-027,RATE-HUF-INFLATION-060M,0.03390403
SP-027,RATE-HUF-INFLATION-090M,0.03411419
SP-027,RATE-HUF-INFLATION-120M,0.03430485
SP-027,RATE-HUF-INFLATION-180M,0.03464410
SP-027,RATE-HUF-INFLATION-240M,0.03494383
SP-027,RATE-HUF-INFLATION-360M,0.03546629
SP-027,RATE-SGD-OIS-001M,0.02899377
SP-027,RATE-SGD-OIS-002M,0.02896372
SP-027,RATE-SGD-OIS-003M,0.02894671
SP-027,RATE-SGD-OIS-005M,0.02893282
SP-027,RATE-SGD-OIS-007M,0.02893234
SP-027,RATE-SGD-OIS-010M,0.02894315
SP-027,RATE-SGD-OIS-015M,0.02897441
SP-027,RATE-SGD-OIS-020M,0.02901210
SP-027,RATE-SGD-OIS-030M,0.02909253
SP-027,RATE-SGD-OIS-060M,0.02932627
SP-027,RATE-SGD-OIS-090M,0.02953643
SP-027,RATE-SGD-OIS-120M,0.02972709
SP-027,RATE-SGD-OIS-180M,0.03006634
SP-027,RATE-SGD-OIS-240M,0.03036607
SP-027,RATE-SGD-OIS-360M,0.03088853
SP-027,RATE-SGD-GOVT-001M,0.03101969
SP-027,RATE-SGD-GOVT-002M,0.03098964
SP-027,RATE-SGD-GOVT-003M,0.03097263
SP-027,RATE-SGD-GOVT-005M,0.03095874
SP-027,RATE-SGD-GOVT-007M,0.03095826
SP-027,RATE-SGD-GOVT-010M,0.03096907
SP-027,RATE-SGD-GOVT-015M,0.03100033
SP-027,RATE-SGD-GOVT-020M,0.03103802
SP-027,RATE-SGD-GOVT-030M,0.03111845
SP-027,RATE-SGD-GOVT-060M,0.03135219
SP-027,RATE-SGD-GOVT-090M,0.03156235
SP-027,RATE-SGD-GOVT-120M,0.03175301
SP-027,RATE-SGD-GOVT-180M,0.03209226
SP-027,RATE-SGD-GOVT-240M,0.03239199
SP-027,RATE-SGD-GOVT-360M,0.03291445
SP-027,RATE-SGD-SWAP-001M,0.03304561
SP-027,RATE-SGD-SWAP-002M,0.03301556
SP-027,RATE-SGD-SWAP-003M,0.03299855
SP-027,RATE-SGD-SWAP-005M,0.03298466
SP-027,RATE-SGD-SWAP-007M,0.03298418
SP-027,RATE-SGD-SWAP-010M,0.03299499
SP-027,RATE-SGD-SWAP-015M,0.03302625
SP-027,RATE-SGD-SWAP-020M,0.03306394
SP-027,RATE-SGD-SWAP-030M,0.03314437
SP-027,RATE-SGD-SWAP-060M,0.03337811
SP-027,RATE-SGD-SWAP-090M,0.03358827
SP-027,RATE-SGD-SWAP-120M,0.03377893
SP-027,RATE-SGD-SWAP-180M,0.03411818
SP-027,RATE-SGD-SWAP-240M,0.03441791
SP-027,RATE-SGD-SWAP-360M,0.03494037
SP-027,RATE-SGD-INFLATION-001M,0.03507153
SP-027,RATE-SGD-INFLATION-002M,0.03504148
SP-027,RATE-SGD-INFLATION-003M,0.03502447
SP-027,RATE-SGD-INFLATION-005M,0.03501058
SP-027,RATE-SGD-INFLATION-007M,0.03501010
SP-027,RATE-SGD-INFLATION-010M,0.03502091
SP-027,RATE-SGD-INFLATION-015M,0.03505217
SP-027,RATE-SGD-INFLATION-020M,0.03508986
SP-027,RATE-SGD-INFLATION-030M,0.03517029
SP-027,RATE-SGD-INFLATION-060M,0.03540403
SP-027,RATE-SGD-INFLATION-090M,0.03561419
SP-027,RATE-SGD-INFLATION-120M,0.03580485
SP-027,RATE-SGD-INFLATION-180M,0.03614410
SP-027,RATE-SGD-INFLATION-240M,0.03644383
SP-027,RATE-SGD-INFLATION-360M,0.03696629
SP-027,RATE-HKD-OIS-001M,0.03049377
SP-027,RATE-HKD-OIS-002M,0.03046372
SP-027,RATE-HKD-OIS-003M,0.03044671
SP-027,RATE-HKD-OIS-005M,0.03043282
SP-027,RATE-HKD-OIS-007M,0.03043234
SP-027,RATE-HKD-OIS-010M,0.03044315
SP-027,RATE-HKD-OIS-015M,0.03047441
SP-027,RATE-HKD-OIS-020M,0.03051210
SP-027,RATE-HKD-OIS-030M,0.03059253
SP-027,RATE-HKD-OIS-060M,0.03082627
SP-027,RATE-HKD-OIS-090M,0.03103643
SP-027,RATE-HKD-OIS-120M,0.03122709
SP-027,RATE-HKD-OIS-180M,0.03156634
SP-027,RATE-HKD-OIS-240M,0.03186607
SP-027,RATE-HKD-OIS-360M,0.03238853
SP-027,RATE-HKD-GOVT-001M,0.03251969
SP-027,RATE-HKD-GOVT-002M,0.03248964
SP-027,RATE-HKD-GOVT-003M,0.03247263
SP-027,RATE-HKD-GOVT-005M,0.03245874
SP-027,RATE-HKD-GOVT-007M,0.03245826
SP-027,RATE-HKD-GOVT-010M,0.03246907
SP-027,RATE-HKD-GOVT-015M,0.03250033
SP-027,RATE-HKD-GOVT-020M,0.03253802
SP-027,RATE-HKD-GOVT-030M,0.03261845
SP-027,RATE-HKD-GOVT-060M,0.03285219
SP-027,RATE-HKD-GOVT-090M,0.03306235
SP-027,RATE-HKD-GOVT-120M,0.03325301
SP-027,RATE-HKD-GOVT-180M,0.03359226
SP-027,RATE-HKD-GOVT-240M,0.03389199
SP-027,RATE-HKD-GOVT-360M,0.03441445
SP-027,RATE-HKD-SWAP-001M,0.03454561
SP-027,RATE-HKD-SWAP-002M,0.03451556
SP-027,RATE-HKD-SWAP-003M,0.03449855
SP-027,RATE-HKD-SWAP-005M,0.03448466
SP-027,RATE-HKD-SWAP-007M,0.03448418
SP-027,RATE-HKD-SWAP-010M,0.03449499
SP-027,RATE-HKD-SWAP-015M,0.03452625
SP-027,RATE-HKD-SWAP-020M,0.03456394
SP-027,RATE-HKD-SWAP-030M,0.03464437
SP-027,RATE-HKD-SWAP-060M,0.03487811
SP-027,RATE-HKD-SWAP-090M,0.03508827
SP-027,RATE-HKD-SWAP-120M,0.03527893
SP-027,RATE-HKD-SWAP-180M,0.03561818
SP-027,RATE-HKD-SWAP-240M,0.03591791
SP-027,RATE-HKD-SWAP-360M,0.03644037
SP-027,RATE-HKD-INFLATION-001M,0.03657153
SP-027,RATE-HKD-INFLATION-002M,0.03654148
SP-027,RATE-HKD-INFLATION-003M,0.03652447
SP-027,RATE-HKD-INFLATION-005M,0.03651058
SP-027,RATE-HKD-INFLATION-007M,0.03651010
SP-027,RATE-HKD-INFLATION-010M,0.03652091
SP-027,RATE-HKD-INFLATION-015M,0.03655217
SP-027,RATE-HKD-INFLATION-020M,0.03658986
SP-027,RATE-HKD-INFLATION-030M,0.03667029
SP-027,RATE-HKD-INFLATION-060M,0.03690403
SP-027,RATE-HKD-INFLATION-090M,0.03711419
SP-027,RATE-HKD-INFLATION-120M,0.03730485
SP-027,RATE-HKD-INFLATION-180M,0.03764410
SP-027,RATE-HKD-INFLATION-240M,0.03794383
SP-027,RATE-HKD-INFLATION-360M,0.03846629
SP-027,RATE-KRW-OIS-001M,0.03199377
SP-027,RATE-KRW-OIS-002M,0.03196372
SP-027,RATE-KRW-OIS-003M,0.03194671
SP-027,RATE-KRW-OIS-005M,0.03193282
SP-027,RATE-KRW-OIS-007M,0.03193234
SP-027,RATE-KRW-OIS-010M,0.03194315
SP-027,RATE-KRW-OIS-015M,0.03197441
SP-027,RATE-KRW-OIS-020M,0.03201210
SP-027,RATE-KRW-OIS-030M,0.03209253
SP-027,RATE-KRW-OIS-060M,0.03232627
SP-027,RATE-KRW-OIS-090M,0.03253643
SP-027,RATE-KRW-OIS-120M,0.03272709
SP-027,RATE-KRW-OIS-180M,0.03306634
SP-027,RATE-KRW-OIS-240M,0.03336607
SP-027,RATE-KRW-OIS-360M,0.03388853
SP-027,RATE-KRW-GOVT-001M,0.03401969
SP-027,RATE-KRW-GOVT-002M,0.03398964
SP-027,RATE-KRW-GOVT-003M,0.03397263
SP-027,RATE-KRW-GOVT-005M,0.03395874
SP-027,RATE-KRW-GOVT-007M,0.03395826
SP-027,RATE-KRW-GOVT-010M,0.03396907
SP-027,RATE-KRW-GOVT-015M,0.03400033
SP-027,RATE-KRW-GOVT-020M,0.03403802
SP-027,RATE-KRW-GOVT-030M,0.03411845
SP-027,RATE-KRW-GOVT-060M,0.03435219
SP-027,RATE-KRW-GOVT-090M,0.03456235
SP-027,RATE-KRW-GOVT-120M,0.03475301
SP-027,RATE-KRW-GOVT-180M,0.03509226
SP-027,RATE-KRW-GOVT-240M,0.03539199
SP-027,RATE-KRW-GOVT-360M,0.03591445
SP-027,RATE-KRW-SWAP-001M,0.03604561
SP-027,RATE-KRW-SWAP-002M,0.03601556
SP-027,RATE-KRW-SWAP-003M,0.03599855
SP-027,RATE-KRW-SWAP-005M,0.03598466
SP-027,RATE-KRW-SWAP-007M,0.03598418
SP-027,RATE-KRW-SWAP-010M,0.03599499
SP-027,RATE-KRW-SWAP-015M,0.03602625
SP-027,RATE-KRW-SWAP-020M,0.03606394
SP-027,RATE-KRW-SWAP-030M,0.03614437
SP-027,RATE-KRW-SWAP-060M,0.03637811
SP-027,RATE-KRW-SWAP-090M,0.03658827
SP-027,RATE-KRW-SWAP-120M,0.03677893
SP-027,RATE-KRW-SWAP-180M,0.03711818
SP-027,RATE-KRW-SWAP-240M,0.03741791
SP-027,RATE-KRW-SWAP-360M,0.03794037
SP-027,RATE-KRW-INFLATION-001M,0.03807153
SP-027,RATE-KRW-INFLATION-002M,0.03804148
SP-027,RATE-KRW-INFLATION-003M,0.03802447
SP-027,RATE-KRW-INFLATION-005M,0.03801058
SP-027,RATE-KRW-INFLATION-007M,0.03801010
SP-027,RATE-KRW-INFLATION-010M,0.03802091
SP-027,RATE-KRW-INFLATION-015M,0.03805217
SP-027,RATE-KRW-INFLATION-020M,0.03808986
SP-027,RATE-KRW-INFLATION-030M,0.03817029
SP-027,RATE-KRW-INFLATION-060M,0.03840403
SP-027,RATE-KRW-INFLATION-090M,0.03861419
SP-027,RATE-KRW-INFLATION-120M,0.03880485
SP-027,RATE-KRW-INFLATION-180M,0.03914410
SP-027,RATE-KRW-INFLATION-240M,0.03944383
SP-027,RATE-KRW-INFLATION-360M,0.03996629
SP-027,RATE-CNY-OIS-001M,0.03349377
SP-027,RATE-CNY-OIS-002M,0.03346372
SP-027,RATE-CNY-OIS-003M,0.03344671
SP-027,RATE-CNY-OIS-005M,0.03343282
SP-027,RATE-CNY-OIS-007M,0.03343234
SP-027,RATE-CNY-OIS-010M,0.03344315
SP-027,RATE-CNY-OIS-015M,0.03347441
SP-027,RATE-CNY-OIS-020M,0.03351210
SP-027,RATE-CNY-OIS-030M,0.03359253
SP-027,RATE-CNY-OIS-060M,0.03382627
SP-027,RATE-CNY-OIS-090M,0.03403643
SP-027,RATE-CNY-OIS-120M,0.03422709
SP-027,RATE-CNY-OIS-180M,0.03456634
SP-027,RATE-CNY-OIS-240M,0.03486607
SP-027,RATE-CNY-OIS-360M,0.03538853
SP-027,RATE-CNY-GOVT-001M,0.03551969
SP-027,RATE-CNY-GOVT-002M,0.03548964
SP-027,RATE-CNY-GOVT-003M,0.03547263
SP-027,RATE-CNY-GOVT-005M,0.03545874
SP-027,RATE-CNY-GOVT-007M,0.03545826
SP-027,RATE-CNY-GOVT-010M,0.03546907
SP-027,RATE-CNY-GOVT-015M,0.03550033
SP-027,RATE-CNY-GOVT-020M,0.03553802
SP-027,RATE-CNY-GOVT-030M,0.03561845
SP-027,RATE-CNY-GOVT-060M,0.03585219
SP-027,RATE-CNY-GOVT-090M,0.03606235
SP-027,RATE-CNY-GOVT-120M,0.03625301
SP-027,RATE-CNY-GOVT-180M,0.03659226
SP-027,RATE-CNY-GOVT-240M,0.03689199
SP-027,RATE-CNY-GOVT-360M,0.03741445
SP-027,RATE-CNY-SWAP-001M,0.03754561
SP-027,RATE-CNY-SWAP-002M,0.03751556
SP-027,RATE-CNY-SWAP-003M,0.03749855
SP-027,RATE-CNY-SWAP-005M,0.03748466
SP-027,RATE-CNY-SWAP-007M,0.03748418
SP-027,RATE-CNY-SWAP-010M,0.03749499
SP-027,RATE-CNY-SWAP-015M,0.03752625
SP-027,RATE-CNY-SWAP-020M,0.03756394
SP-027,RATE-CNY-SWAP-030M,0.03764437
SP-027,RATE-CNY-SWAP-060M,0.03787811
SP-027,RATE-CNY-SWAP-090M,0.03808827
SP-027,RATE-CNY-SWAP-120M,0.03827893
SP-027,RATE-CNY-SWAP-180M,0.03861818
SP-027,RATE-CNY-SWAP-240M,0.03891791
SP-027,RATE-CNY-SWAP-360M,0.03944037
SP-027,RATE-CNY-INFLATION-001M,0.03957153
SP-027,RATE-CNY-INFLATION-002M,0.03954148
SP-027,RATE-CNY-INFLATION-003M,0.03952447
SP-027,RATE-CNY-INFLATION-005M,0.03951058
SP-027,RATE-CNY-INFLATION-007M,0.03951010
SP-027,RATE-CNY-INFLATION-010M,0.03952091
SP-027,RATE-CNY-INFLATION-015M,0.03955217
SP-027,RATE-CNY-INFLATION-020M,0.03958986
SP-027,RATE-CNY-INFLATION-030M,0.03967029
SP-027,RATE-CNY-INFLATION-060M,0.03990403
SP-027,RATE-CNY-INFLATION-090M,0.04011419
SP-027,RATE-CNY-INFLATION-120M,0.04030485
SP-027,RATE-CNY-INFLATION-180M,0.04064410
SP-027,RATE-CNY-INFLATION-240M,0.04094383
SP-027,RATE-CNY-INFLATION-360M,0.04146629
SP-027,CREDIT-G001-006M,0.00187774
SP-027,CREDIT-G001-012M,0.00375195
SP-027,CREDIT-G001-024M,0.00748983
SP-027,CREDIT-G001-036M,0.01121370
SP-027,CREDIT-G001-060M,0.01861960
SP-027,CREDIT-G001-084M,0.02491677
SP-027,CREDIT-G001-120M,0.03705073
SP-027,CREDIT-G001-144M,0.04436976
SP-027,CREDIT-G001-180M,0.05524719
SP-027,CREDIT-G001-240M,0.07284663
SP-027,CREDIT-G001-300M,0.09011859
SP-027,CREDIT-G001-360M,0.10706916
SP-027,CREDIT-G002-006M,0.00195758
SP-027,CREDIT-G002-012M,0.00391134
SP-027,CREDIT-G002-024M,0.00780738
SP-027,CREDIT-G002-036M,0.01168820
SP-027,CREDIT-G002-060M,0.01940439
SP-027,CREDIT-G002-084M,0.02601219
SP-027,CREDIT-G002-120M,0.03858970
SP-027,CREDIT-G002-144M,0.04620203
SP-027,CREDIT-G002-180M,0.05751084
SP-027,CREDIT-G002-240M,0.07580808
SP-027,CREDIT-G002-300M,0.09375048
SP-027,CREDIT-G002-360M,0.11134493
SP-027,CREDIT-G003-006M,0.00203742
SP-027,CREDIT-G003-012M,0.00407070
SP-027,CREDIT-G003-024M,0.00812483
SP-027,CREDIT-G003-036M,0.01216248
SP-027,CREDIT-G003-060M,0.02018855
SP-027,CREDIT-G003-084M,0.02710639
SP-027,CREDIT-G003-120M,0.04012621
SP-027,CREDIT-G003-144M,0.04803079
SP-027,CREDIT-G003-180M,0.05976906
SP-027,CREDIT-G003-240M,0.07876006
SP-027,CREDIT-G003-300M,0.09736787
SP-027,CREDIT-G003-360M,0.11560021
SP-027,CREDIT-G004-006M,0.00211726
SP-027,CREDIT-G004-012M,0.00423003
SP-027,CREDIT-G004-024M,0.00844218
SP-027,CREDIT-G004-036M,0.01263652
SP-027,CREDIT-G004-060M,0.02097208
SP-027,CREDIT-G004-084M,0.02819936
SP-027,CREDIT-G004-120M,0.04166027
SP-027,CREDIT-G004-144M,0.04985604
SP-027,CREDIT-G004-180M,0.06202186
SP-027,CREDIT-G004-240M,0.08170260
SP-027,CREDIT-G004-300M,0.10097081
SP-027,CREDIT-G004-360M,0.11983511
SP-027,CREDIT-G005-006M,0.00219708
SP-027,CREDIT-G005-012M,0.00438934
SP-027,CREDIT-G005-024M,0.00875943
SP-027,CREDIT-G005-036M,0.01311034
SP-027,CREDIT-G005-060M,0.02175499
SP-027,CREDIT-G005-084M,0.02929112
SP-027,CREDIT-G005-120M,0.04319187
SP-027,CREDIT-G005-144M,0.05167779
SP-027,CREDIT-G005-180M,0.06426926
SP-027,CREDIT-G005-240M,0.08463574
SP-027,CREDIT-G005-300M,0.10455935
SP-027,CREDIT-G005-360M,0.12404972
SP-027,CREDIT-G006-006M,0.00227691
SP-027,CREDIT-G006-012M,0.00454863
SP-027,CREDIT-G006-024M,0.00907658
SP-027,CREDIT-G006-036M,0.01358394
SP-027,CREDIT-G006-060M,0.02253728
SP-027,CREDIT-G006-084M,0.03038166
SP-027,CREDIT-G006-120M,0.04472102
SP-027,CREDIT-G006-144M,0.05349604
SP-027,CREDIT-G006-180M,0.06651127
SP-027,CREDIT-G006-240M,0.08755950
SP-027,CREDIT-G006-300M,0.10813356
SP-027,CREDIT-G006-360M,0.12824414
SP-027,CREDIT-G007-006M,0.00235672
SP-027,CREDIT-G007-012M,0.00470789
SP-027,CREDIT-G007-024M,0.00939362
SP-027,CREDIT-G007-036M,0.01405730
SP-027,CREDIT-G007-060M,0.02331893
SP-027,CREDIT-G007-084M,0.03147099
SP-027,CREDIT-G007-120M,0.04624772
SP-027,CREDIT-G007-144M,0.05531080
SP-027,CREDIT-G007-180M,0.06874789
SP-027,CREDIT-G007-240M,0.09047391
SP-027,CREDIT-G007-300M,0.11169350
SP-027,CREDIT-G007-360M,0.13241847
SP-027,CREDIT-G008-006M,0.00243653
SP-027,CREDIT-G008-012M,0.00486712
SP-027,CREDIT-G008-024M,0.00971056
SP-027,CREDIT-G008-036M,0.01453044
SP-027,CREDIT-G008-060M,0.02409997
SP-027,CREDIT-G008-084M,0.03255910
SP-027,CREDIT-G008-120M,0.04777198
SP-027,CREDIT-G008-144M,0.05712207
SP-027,CREDIT-G008-180M,0.07097916
SP-027,CREDIT-G008-240M,0.09337900
SP-027,CREDIT-G008-300M,0.11523922
SP-027,CREDIT-G008-360M,0.13657279
SP-027,CREDIT-G009-006M,0.00251633
SP-027,CREDIT-G009-012M,0.00502633
SP-027,CREDIT-G009-024M,0.01002741
SP-027,CREDIT-G009-036M,0.01500336
SP-027,CREDIT-G009-060M,0.02488037
SP-027,CREDIT-G009-084M,0.03364600
SP-027,CREDIT-G009-120M,0.04929381
SP-027,CREDIT-G009-144M,0.05892987
SP-027,CREDIT-G009-180M,0.07320506
SP-027,CREDIT-G009-240M,0.09627481
SP-027,CREDIT-G009-300M,0.11877077
SP-027,CREDIT-G009-360M,0.14070722
SP-027,CREDIT-G010-006M,0.00259613
SP-027,CREDIT-G010-012M,0.00518551
SP-027,CREDIT-G010-024M,0.01034415
SP-027,CREDIT-G010-036M,0.01547604
SP-027,CREDIT-G010-060M,0.02566016
SP-027,CREDIT-G010-084M,0.03473170
SP-027,CREDIT-G010-120M,0.05081320
SP-027,CREDIT-G010-144M,0.06073420
SP-027,CREDIT-G010-180M,0.07542563
SP-027,CREDIT-G010-240M,0.09916136
SP-027,CREDIT-G010-300M,0.12228822
SP-027,CREDIT-G010-360M,0.14482183
SP-027,CREDIT-G011-006M,0.00267591
SP-027,CREDIT-G011-012M,0.00534467
SP-027,CREDIT-G011-024M,0.01066079
SP-027,CREDIT-G011-036M,0.01594850
SP-027,CREDIT-G011-060M,0.02643932
SP-027,CREDIT-G011-084M,0.03581618
SP-027,CREDIT-G011-120M,0.05233016
SP-027,CREDIT-G011-144M,0.06253506
SP-027,CREDIT-G011-180M,0.07764087
SP-027,CREDIT-G011-240M,0.10203867
SP-027,CREDIT-G011-300M,0.12579162
SP-027,CREDIT-G011-360M,0.14891674
SP-027,CREDIT-G012-006M,0.00275570
SP-027,CREDIT-G012-012M,0.00550380
SP-027,CREDIT-G012-024M,0.01097732
SP-027,CREDIT-G012-036M,0.01642073
SP-027,CREDIT-G012-060M,0.02721786
SP-027,CREDIT-G012-084M,0.03689945
SP-027,CREDIT-G012-120M,0.05384469
SP-027,CREDIT-G012-144M,0.06433247
SP-027,CREDIT-G012-180M,0.07985079
SP-027,CREDIT-G012-240M,0.10490679
SP-027,CREDIT-G012-300M,0.12928102
SP-027,CREDIT-G012-360M,0.15299202
SP-027,CREDIT-G013-006M,0.00283547
SP-027,CREDIT-G013-012M,0.00566291
SP-027,CREDIT-G013-024M,0.01129376
SP-027,CREDIT-G013-036M,0.01689273
SP-027,CREDIT-G013-060M,0.02799577
SP-027,CREDIT-G013-084M,0.03798151
SP-027,CREDIT-G013-120M,0.05535680
SP-027,CREDIT-G013-144M,0.06612643
SP-027,CREDIT-G013-180M,0.08205541
SP-027,CREDIT-G013-240M,0.10776574
SP-027,CREDIT-G013-300M,0.13275649
SP-027,CREDIT-G013-360M,0.15704778
SP-027,CREDIT-G014-006M,0.00291524
SP-027,CREDIT-G014-012M,0.00582199
SP-027,CREDIT-G014-024M,0.01161010
SP-027,CREDIT-G014-036M,0.01736451
SP-027,CREDIT-G014-060M,0.02877306
SP-027,CREDIT-G014-084M,0.03906237
SP-027,CREDIT-G014-120M,0.05686649
SP-027,CREDIT-G014-144M,0.06791694
SP-027,CREDIT-G014-180M,0.08425474
SP-027,CREDIT-G014-240M,0.11061555
SP-027,CREDIT-G014-300M,0.13621807
SP-027,CREDIT-G014-360M,0.16108411
SP-027,CREDIT-G015-006M,0.00299501
SP-027,CREDIT-G015-012M,0.00598105
SP-027,CREDIT-G015-024M,0.01192633
SP-027,CREDIT-G015-036M,0.01783606
SP-027,CREDIT-G015-060M,0.02954973
SP-027,CREDIT-G015-084M,0.04014203
SP-027,CREDIT-G015-120M,0.05837377
SP-027,CREDIT-G015-144M,0.06970402
SP-027,CREDIT-G015-180M,0.08644880
SP-027,CREDIT-G015-240M,0.11345625
SP-027,CREDIT-G015-300M,0.13966583
SP-027,CREDIT-G015-360M,0.16510110
SP-027,CREDIT-G016-006M,0.00307476
SP-027,CREDIT-G016-012M,0.00614008
SP-027,CREDIT-G016-024M,0.01224246
SP-027,CREDIT-G016-036M,0.01830739
SP-027,CREDIT-G016-060M,0.03032578
SP-027,CREDIT-G016-084M,0.04122048
SP-027,CREDIT-G016-120M,0.05987863
SP-027,CREDIT-G016-144M,0.07148767
SP-027,CREDIT-G016-180M,0.08863759
SP-027,CREDIT-G016-240M,0.11628786
SP-027,CREDIT-G016-300M,0.14309981
SP-027,CREDIT-G016-360M,0.16909885
SP-027,CREDIT-G017-006M,0.00315452
SP-027,CREDIT-G017-012M,0.00629908
SP-027,CREDIT-G017-024M,0.01255850
SP-027,CREDIT-G017-036M,0.01877849
SP-027,CREDIT-G017-060M,0.03110121
SP-027,CREDIT-G017-084M,0.04229774
SP-027,CREDIT-G017-120M,0.06138109
SP-027,CREDIT-G017-144M,0.07326789
SP-027,CREDIT-G017-180M,0.09082113
SP-027,CREDIT-G017-240M,0.11911043
SP-027,CREDIT-G017-300M,0.14652008
SP-027,CREDIT-G017-360M,0.17307745
SP-027,CREDIT-G018-006M,0.00323426
SP-027,CREDIT-G018-012M,0.00645806
SP-027,CREDIT-G018-024M,0.01287443
SP-027,CREDIT-G018-036M,0.01924936
SP-027,CREDIT-G018-060M,0.03187602
SP-027,CREDIT-G018-084M,0.04337379
SP-027,CREDIT-G018-120M,0.06288115
SP-027,CREDIT-G018-144M,0.07504470
SP-027,CREDIT-G018-180M,0.09299942
SP-027,CREDIT-G018-240M,0.12192396
SP-027,CREDIT-G018-300M,0.14992669
SP-027,CREDIT-G018-360M,0.17703698
SP-027,CREDIT-G019-006M,0.00331400
SP-027,CREDIT-G019-012M,0.00661702
SP-027,CREDIT-G019-024M,0.01319026
SP-027,CREDIT-G019-036M,0.01972001
SP-027,CREDIT-G019-060M,0.03265021
SP-027,CREDIT-G019-084M,0.04444864
SP-027,CREDIT-G019-120M,0.06437880
SP-027,CREDIT-G019-144M,0.07681809
SP-027,CREDIT-G019-180M,0.09517250
SP-027,CREDIT-G019-240M,0.12472850
SP-027,CREDIT-G019-300M,0.15331969
SP-027,CREDIT-G019-360M,0.18097754
SP-027,CREDIT-G020-006M,0.00339373
SP-027,CREDIT-G020-012M,0.00677594
SP-027,CREDIT-G020-024M,0.01350598
SP-027,CREDIT-G020-036M,0.02019043
SP-027,CREDIT-G020-060M,0.03342378
SP-027,CREDIT-G020-084M,0.04552230
SP-027,CREDIT-G020-120M,0.06587406
SP-027,CREDIT-G020-144M,0.07858809
SP-027,CREDIT-G020-180M,0.09734036
SP-027,CREDIT-G020-240M,0.12752408
SP-027,CREDIT-G020-300M,0.15669914
SP-027,CREDIT-G020-360M,0.18489922
SP-027,CREDIT-G021-006M,0.00347345
SP-027,CREDIT-G021-012M,0.00693485
SP-027,CREDIT-G021-024M,0.01382161
SP-027,CREDIT-G021-036M,0.02066063
SP-027,CREDIT-G021-060M,0.03419673
SP-027,CREDIT-G021-084M,0.04659476
SP-027,CREDIT-G021-120M,0.06736693
SP-027,CREDIT-G021-144M,0.08035468
SP-027,CREDIT-G021-180M,0.09950301
SP-027,CREDIT-G021-240M,0.13031072
SP-027,CREDIT-G021-300M,0.16006508
SP-027,CREDIT-G021-360M,0.18880212
SP-027,CREDIT-G022-006M,0.00355317
SP-027,CREDIT-G022-012M,0.00709372
SP-027,CREDIT-G022-024M,0.01413714
SP-027,CREDIT-G022-036M,0.02113060
SP-027,CREDIT-G022-060M,0.03496907
SP-027,CREDIT-G022-084M,0.04766602
SP-027,CREDIT-G022-120M,0.06885741
SP-027,CREDIT-G022-144M,0.08211788
SP-027,CREDIT-G022-180M,0.10166048
SP-027,CREDIT-G022-240M,0.13308845
SP-027,CREDIT-G022-300M,0.16341759
SP-027,CREDIT-G022-360M,0.19268632
SP-027,CREDIT-G023-006M,0.00363289
SP-027,CREDIT-G023-012M,0.00725258
SP-027,CREDIT-G023-024M,0.01445256
SP-027,CREDIT-G023-036M,0.02160034
SP-027,CREDIT-G023-060M,0.03574078
SP-027,CREDIT-G023-084M,0.04873609
SP-027,CREDIT-G023-120M,0.07034551
SP-027,CREDIT-G023-144M,0.08387770
SP-027,CREDIT-G023-180M,0.10381277
SP-027,CREDIT-G023-240M,0.13585729
SP-027,CREDIT-G023-300M,0.16675670
SP-027,CREDIT-G023-360M,0.19655190
SP-027,CREDIT-G024-006M,0.00371259
SP-027,CREDIT-G024-012M,0.00741140
SP-027,CREDIT-G024-024M,0.01476789
SP-027,CREDIT-G024-036M,0.02206986
SP-027,CREDIT-G024-060M,0.03651188
SP-027,CREDIT-G024-084M,0.04980497
SP-027,CREDIT-G024-120M,0.07183123
SP-027,CREDIT-G024-144M,0.08563414
SP-027,CREDIT-G024-180M,0.10595990
SP-027,CREDIT-G024-240M,0.13861729
SP-027,CREDIT-G024-300M,0.17008247
SP-027,CREDIT-G024-360M,0.20039897
SP-027,CREDIT-G025-006M,0.00379229
SP-027,CREDIT-G025-012M,0.00757021
SP-027,CREDIT-G025-024M,0.01508311
SP-027,CREDIT-G025-036M,0.02253915
SP-027,CREDIT-G025-060M,0.03728236
SP-027,CREDIT-G025-084M,0.05087266
SP-027,CREDIT-G025-120M,0.07331457
SP-027,CREDIT-G025-144M,0.08738721
SP-027,CREDIT-G025-180M,0.10810188
SP-027,CREDIT-G025-240M,0.14136846
SP-027,CREDIT-G025-300M,0.17339496
SP-027,CREDIT-G025-360M,0.20422760
SP-027,CREDIT-G026-006M,0.00387199
SP-027,CREDIT-G026-012M,0.00772898
SP-027,CREDIT-G026-024M,0.01539824
SP-027,CREDIT-G026-036M,0.02300822
SP-027,CREDIT-G026-060M,0.03805223
SP-027,CREDIT-G026-084M,0.05193916
SP-027,CREDIT-G026-120M,0.07479553
SP-027,CREDIT-G026-144M,0.08913691
SP-027,CREDIT-G026-180M,0.11023871
SP-027,CREDIT-G026-240M,0.14411083
SP-027,CREDIT-G026-300M,0.17669422
SP-027,CREDIT-G026-360M,0.20803790
SP-027,CREDIT-G027-006M,0.00395167
SP-027,CREDIT-G027-012M,0.00788773
SP-027,CREDIT-G027-024M,0.01571326
SP-027,CREDIT-G027-036M,0.02347707
SP-027,CREDIT-G027-060M,0.03882148
SP-027,CREDIT-G027-084M,0.05300447
SP-027,CREDIT-G027-120M,0.07627413
SP-027,CREDIT-G027-144M,0.09088326
SP-027,CREDIT-G027-180M,0.11237042
SP-027,CREDIT-G027-240M,0.14684443
SP-027,CREDIT-G027-300M,0.17998029
SP-027,CREDIT-G027-360M,0.21182993
SP-027,CREDIT-G028-006M,0.00403135
SP-027,CREDIT-G028-012M,0.00804646
SP-027,CREDIT-G028-024M,0.01602818
SP-027,CREDIT-G028-036M,0.02394569
SP-027,CREDIT-G028-060M,0.03959012
SP-027,CREDIT-G028-084M,0.05406859
SP-027,CREDIT-G028-120M,0.07775037
SP-027,CREDIT-G028-144M,0.09262625
SP-027,CREDIT-G028-180M,0.11449701
SP-027,CREDIT-G028-240M,0.14956930
SP-027,CREDIT-G028-300M,0.18325325
SP-027,CREDIT-G028-360M,0.21560380
SP-027,CREDIT-G029-006M,0.00411103
SP-027,CREDIT-G029-012M,0.00820516
SP-027,CREDIT-G029-024M,0.01634300
SP-027,CREDIT-G029-036M,0.02441408
SP-027,CREDIT-G029-060M,0.04035814
SP-027,CREDIT-G029-084M,0.05513153
SP-027,CREDIT-G029-120M,0.07922424
SP-027,CREDIT-G029-144M,0.09436590
SP-027,CREDIT-G029-180M,0.11661851
SP-027,CREDIT-G029-240M,0.15228545
SP-027,CREDIT-G029-300M,0.18651312
SP-027,CREDIT-G029-360M,0.21935959
SP-027,CREDIT-G030-006M,0.00419070
SP-027,CREDIT-G030-012M,0.00836383
SP-027,CREDIT-G030-024M,0.01665772
SP-027,CREDIT-G030-036M,0.02488225
SP-027,CREDIT-G030-060M,0.04112554
SP-027,CREDIT-G030-084M,0.05619329
SP-027,CREDIT-G030-120M,0.08069575
SP-027,CREDIT-G030-144M,0.09610220
SP-027,CREDIT-G030-180M,0.11873491
SP-027,CREDIT-G030-240M,0.15499292
SP-027,CREDIT-G030-300M,0.18975998
SP-027,CREDIT-G030-360M,0.22309738
SP-027,CREDIT-G031-006M,0.00427036
SP-027,CREDIT-G031-012M,0.00852248
SP-027,CREDIT-G031-024M,0.01697234
SP-027,CREDIT-G031-036M,0.02535019
SP-027,CREDIT-G031-060M,0.04189234
SP-027,CREDIT-G031-084M,0.05725386
SP-027,CREDIT-G031-120M,0.08216491
SP-027,CREDIT-G031-144M,0.09783518
SP-027,CREDIT-G031-180M,0.12084623
SP-027,CREDIT-G031-240M,0.15769173
SP-027,CREDIT-G031-300M,0.19299387
SP-027,CREDIT-G031-360M,0.22681727
SP-027,CREDIT-G032-006M,0.00435001
SP-027,CREDIT-G032-012M,0.00868110
SP-027,CREDIT-G032-024M,0.01728686
SP-027,CREDIT-G032-036M,0.02581791
SP-027,CREDIT-G032-060M,0.04265852
SP-027,CREDIT-G032-084M,0.05831325
SP-027,CREDIT-G032-120M,0.08363172
SP-027,CREDIT-G032-144M,0.09956483
SP-027,CREDIT-G032-180M,0.12295249
SP-027,CREDIT-G032-240M,0.16038192
SP-027,CREDIT-G032-300M,0.19621484
SP-027,CREDIT-G032-360M,0.23051933
SP-027,CREDIT-G033-006M,0.00442966
SP-027,CREDIT-G033-012M,0.00883970
SP-027,CREDIT-G033-024M,0.01760128
SP-027,CREDIT-G033-036M,0.02628541
SP-027,CREDIT-G033-060M,0.04342408
SP-027,CREDIT-G033-084M,0.05937146
SP-027,CREDIT-G033-120M,0.08509619
SP-027,CREDIT-G033-144M,0.10129115
SP-027,CREDIT-G033-180M,0.12505369
SP-027,CREDIT-G033-240M,0.16306350
SP-027,CREDIT-G033-300M,0.19942294
SP-027,CREDIT-G033-360M,0.23420366
SP-027,CREDIT-G034-006M,0.00450930
SP-027,CREDIT-G034-012M,0.00899828
SP-027,CREDIT-G034-024M,0.01791559
SP-027,CREDIT-G034-036M,0.02675268
SP-027,CREDIT-G034-060M,0.04418904
SP-027,CREDIT-G034-084M,0.06042849
SP-027,CREDIT-G034-120M,0.08655831
SP-027,CREDIT-G034-144M,0.10301417
SP-027,CREDIT-G034-180M,0.12714985
SP-027,CREDIT-G034-240M,0.16573651
SP-027,CREDIT-G034-300M,0.20261823
SP-027,CREDIT-G034-360M,0.23787033
SP-027,CREDIT-G035-006M,0.00458894
SP-027,CREDIT-G035-012M,0.00915682
SP-027,CREDIT-G035-024M,0.01822981
SP-027,CREDIT-G035-036M,0.02721972
SP-027,CREDIT-G035-060M,0.04495338
SP-027,CREDIT-G035-084M,0.06148434
SP-027,CREDIT-G035-120M,0.08801809
SP-027,CREDIT-G035-144M,0.10473387
SP-027,CREDIT-G035-180M,0.12924098
SP-027,CREDIT-G035-240M,0.16840097
SP-027,CREDIT-G035-300M,0.20580075
SP-027,CREDIT-G035-360M,0.24151944
SP-027,CREDIT-G036-006M,0.00466857
SP-027,CREDIT-G036-012M,0.00931535
SP-027,CREDIT-G036-024M,0.01854393
SP-027,CREDIT-G036-036M,0.02768655
SP-027,CREDIT-G036-060M,0.04571711
SP-027,CREDIT-G036-084M,0.06253902
SP-027,CREDIT-G036-120M,0.08947554
SP-027,CREDIT-G036-144M,0.10645028
SP-027,CREDIT-G036-180M,0.13132710
SP-027,CREDIT-G036-240M,0.17105691
SP-027,CREDIT-G036-300M,0.20897056
SP-027,CREDIT-G036-360M,0.24515106
SP-027,CREDIT-G037-006M,0.00474819
SP-027,CREDIT-G037-012M,0.00947384
SP-027,CREDIT-G037-024M,0.01885794
SP-027,CREDIT-G037-036M,0.02815315
SP-027,CREDIT-G037-060M,0.04648023
SP-027,CREDIT-G037-084M,0.06359252
SP-027,CREDIT-G037-120M,0.09093066
SP-027,CREDIT-G037-144M,0.10816339
SP-027,CREDIT-G037-180M,0.13340820
SP-027,CREDIT-G037-240M,0.17370436
SP-027,CREDIT-G037-300M,0.21212771
SP-027,CREDIT-G037-360M,0.24876528
SP-027,CREDIT-G038-006M,0.00482781
SP-027,CREDIT-G038-012M,0.00963231
SP-027,CREDIT-G038-024M,0.01917186
SP-027,CREDIT-G038-036M,0.02861952
SP-027,CREDIT-G038-060M,0.04724274
SP-027,CREDIT-G038-084M,0.06464485
SP-027,CREDIT-G038-120M,0.09238345
SP-027,CREDIT-G038-144M,0.10987321
SP-027,CREDIT-G038-180M,0.13548432
SP-027,CREDIT-G038-240M,0.17634335
SP-027,CREDIT-G038-300M,0.21527225
SP-027,CREDIT-G038-360M,0.25236219
SP-027,CREDIT-G039-006M,0.00490742
SP-027,CREDIT-G039-012M,0.00979076
SP-027,CREDIT-G039-024M,0.01948567
SP-027,CREDIT-G039-036M,0.02908567
SP-027,CREDIT-G039-060M,0.04800464
SP-027,CREDIT-G039-084M,0.06569601
SP-027,CREDIT-G039-120M,0.09383391
SP-027,CREDIT-G039-144M,0.11157975
SP-027,CREDIT-G039-180M,0.13755545
SP-027,CREDIT-G039-240M,0.17897389
SP-027,CREDIT-G039-300M,0.21840422
SP-027,CREDIT-G039-360M,0.25594186
SP-027,CREDIT-G040-006M,0.00498702
SP-027,CREDIT-G040-012M,0.00994918
SP-027,CREDIT-G040-024M,0.01979939
SP-027,CREDIT-G040-036M,0.02955160
SP-027,CREDIT-G040-060M,0.04876594
SP-027,CREDIT-G040-084M,0.06674600
SP-027,CREDIT-G040-120M,0.09528206
SP-027,CREDIT-G040-144M,0.11328302
SP-027,CREDIT-G040-180M,0.13962161
SP-027,CREDIT-G040-240M,0.18159603
SP-027,CREDIT-G040-300M,0.22152369
SP-027,CREDIT-G040-360M,0.25950438
SP-027,CREDIT-G041-006M,0.00506662
SP-027,CREDIT-G041-012M,0.01010758
SP-027,CREDIT-G041-024M,0.02011300
SP-027,CREDIT-G041-036M,0.03001730
SP-027,CREDIT-G041-060M,0.04952662
SP-027,CREDIT-G041-084M,0.06779481
SP-027,CREDIT-G041-120M,0.09672789
SP-027,CREDIT-G041-144M,0.11498301
SP-027,CREDIT-G041-180M,0.14168282
SP-027,CREDIT-G041-240M,0.18420978
SP-027,CREDIT-G041-300M,0.22463069
SP-027,CREDIT-G041-360M,0.26304983
SP-027,CREDIT-G042-006M,0.00514621
SP-027,CREDIT-G042-012M,0.01026595
SP-027,CREDIT-G042-024M,0.02042651
SP-027,CREDIT-G042-036M,0.03048278
SP-027,CREDIT-G042-060M,0.05028669
SP-027,CREDIT-G042-084M,0.06884246
SP-027,CREDIT-G042-120M,0.09817140
SP-027,CREDIT-G042-144M,0.11667974
SP-027,CREDIT-G042-180M,0.14373908
SP-027,CREDIT-G042-240M,0.18681518
SP-027,CREDIT-G042-300M,0.22772528
SP-027,CREDIT-G042-360M,0.26657830
SP-027,CREDIT-G043-006M,0.00522580
SP-027,CREDIT-G043-012M,0.01042429
SP-027,CREDIT-G043-024M,0.02073993
SP-027,CREDIT-G043-036M,0.03094804
SP-027,CREDIT-G043-060M,0.05104616
SP-027,CREDIT-G043-084M,0.06988894
SP-027,CREDIT-G043-120M,0.09961261
SP-027,CREDIT-G043-144M,0.11837322
SP-027,CREDIT-G043-180M,0.14579041
SP-027,CREDIT-G043-240M,0.18941225
SP-027,CREDIT-G043-300M,0.23080752
SP-027,CREDIT-G043-360M,0.27008986
SP-027,CREDIT-G044-006M,0.00530538
SP-027,CREDIT-G044-012M,0.01058261
SP-027,CREDIT-G044-024M,0.02105324
SP-027,CREDIT-G044-036M,0.03141307
SP-027,CREDIT-G044-060M,0.05180502
SP-027,CREDIT-G044-084M,0.07093426
SP-027,CREDIT-G044-120M,0.10105151
SP-027,CREDIT-G044-144M,0.12006344
SP-027,CREDIT-G044-180M,0.14783681
SP-027,CREDIT-G044-240M,0.19200101
SP-027,CREDIT-G044-300M,0.23387743
SP-027,CREDIT-G044-360M,0.27358459
SP-027,CREDIT-G045-006M,0.00538495
SP-027,CREDIT-G045-012M,0.01074090
SP-027,CREDIT-G045-024M,0.02136645
SP-027,CREDIT-G045-036M,0.03187788
SP-027,CREDIT-G045-060M,0.05256327
SP-027,CREDIT-G045-084M,0.07197841
SP-027,CREDIT-G045-120M,0.10248811
SP-027,CREDIT-G045-144M,0.12175042
SP-027,CREDIT-G045-180M,0.14987830
SP-027,CREDIT-G045-240M,0.19458149
SP-027,CREDIT-G045-300M,0.23693509
SP-027,CREDIT-G045-360M,0.27706258
SP-027,CREDIT-G046-006M,0.00546452
SP-027,CREDIT-G046-012M,0.01089917
SP-027,CREDIT-G046-024M,0.02167957
SP-027,CREDIT-G046-036M,0.03234247
SP-027,CREDIT-G046-060M,0.05332092
SP-027,CREDIT-G046-084M,0.07302140
SP-027,CREDIT-G046-120M,0.10392242
SP-027,CREDIT-G046-144M,0.12343416
SP-027,CREDIT-G046-180M,0.15191490
SP-027,CREDIT-G046-240M,0.19715372
SP-027,CREDIT-G046-300M,0.23998053
SP-027,CREDIT-G046-360M,0.28052391
SP-027,CREDIT-G047-006M,0.00554408
SP-027,CREDIT-G047-012M,0.01105742
SP-027,CREDIT-G047-024M,0.02199258
SP-027,CREDIT-G047-036M,0.03280683
SP-027,CREDIT-G047-060M,0.05407796
SP-027,CREDIT-G047-084M,0.07406322
SP-027,CREDIT-G047-120M,0.10535443
SP-027,CREDIT-G047-144M,0.12511467
SP-027,CREDIT-G047-180M,0.15394661
SP-027,CREDIT-G047-240M,0.19971773
SP-027,CREDIT-G047-300M,0.24301380
SP-027,CREDIT-G047-360M,0.28396865
SP-027,CREDIT-G048-006M,0.00562363
SP-027,CREDIT-G048-012M,0.01121564
SP-027,CREDIT-G048-024M,0.02230549
SP-027,CREDIT-G048-036M,0.03327097
SP-027,CREDIT-G048-060M,0.05483439
SP-027,CREDIT-G048-084M,0.07510389
SP-027,CREDIT-G048-120M,0.10678414
SP-027,CREDIT-G048-144M,0.12679195
SP-027,CREDIT-G048-180M,0.15597344
SP-027,CREDIT-G048-240M,0.20227354
SP-027,CREDIT-G048-300M,0.24603496
SP-027,CREDIT-G048-360M,0.28739689
SP-027,CREDIT-G049-006M,0.00570318
SP-027,CREDIT-G049-012M,0.01137383
SP-027,CREDIT-G049-024M,0.02261830
SP-027,CREDIT-G049-036M,0.03373489
SP-027,CREDIT-G049-060M,0.05559022
SP-027,CREDIT-G049-084M,0.07614340
SP-027,CREDIT-G049-120M,0.10821157
SP-027,CREDIT-G049-144M,0.12846601
SP-027,CREDIT-G049-180M,0.15799541
SP-027,CREDIT-G049-240M,0.20482118
SP-027,CREDIT-G049-300M,0.24904405
SP-027,CREDIT-G049-360M,0.29080870
SP-027,CREDIT-G050-006M,0.00578272
SP-027,CREDIT-G050-012M,0.01153200
SP-027,CREDIT-G050-024M,0.02293101
SP-027,CREDIT-G050-036M,0.03419859
SP-027,CREDIT-G050-060M,0.05634545
SP-027,CREDIT-G050-084M,0.07718175
SP-027,CREDIT-G050-120M,0.10963672
SP-027,CREDIT-G050-144M,0.13013686
SP-027,CREDIT-G050-180M,0.16001253
SP-027,CREDIT-G050-240M,0.20736067
SP-027,CREDIT-G050-300M,0.25204112
SP-027,CREDIT-G050-360M,0.29420416
SP-027,CREDIT-G051-006M,0.00586225
SP-027,CREDIT-G051-012M,0.01169014
SP-027,CREDIT-G051-024M,0.02324363
SP-027,CREDIT-G051-036M,0.03466206
SP-027,CREDIT-G051-060M,0.05710007
SP-027,CREDIT-G051-084M,0.07821894
SP-027,CREDIT-G051-120M,0.11105959
SP-027,CREDIT-G051-144M,0.13180450
SP-027,CREDIT-G051-180M,0.16202480
SP-027,CREDIT-G051-240M,0.20989205
SP-027,CREDIT-G051-300M,0.25502622
SP-027,CREDIT-G051-360M,0.29758336
SP-027,CREDIT-G052-006M,0.00594178
SP-027,CREDIT-G052-012M,0.01184825
SP-027,CREDIT-G052-024M,0.02355614
SP-027,CREDIT-G052-036M,0.03512531
SP-027,CREDIT-G052-060M,0.05785409
SP-027,CREDIT-G052-084M,0.07925498
SP-027,CREDIT-G052-120M,0.11248018
SP-027,CREDIT-G052-144M,0.13346894
SP-027,CREDIT-G052-180M,0.16403225
SP-027,CREDIT-G052-240M,0.21241533
SP-027,CREDIT-G052-300M,0.25799939
SP-027,CREDIT-G052-360M,0.30094636
SP-027,CREDIT-G053-006M,0.00602130
SP-027,CREDIT-G053-012M,0.01200635
SP-027,CREDIT-G053-024M,0.02386855
SP-027,CREDIT-G053-036M,0.03558834
SP-027,CREDIT-G053-060M,0.05860751
SP-027,CREDIT-G053-084M,0.08028986
SP-027,CREDIT-G053-120M,0.11389850
SP-027,CREDIT-G053-144M,0.13513019
SP-027,CREDIT-G053-180M,0.16603488
SP-027,CREDIT-G053-240M,0.21493054
SP-027,CREDIT-G053-300M,0.26096068
SP-027,CREDIT-G053-360M,0.30429325
SP-027,CREDIT-G054-006M,0.00610082
SP-027,CREDIT-G054-012M,0.01216441
SP-027,CREDIT-G054-024M,0.02418086
SP-027,CREDIT-G054-036M,0.03605115
SP-027,CREDIT-G054-060M,0.05936032
SP-027,CREDIT-G054-084M,0.08132359
SP-027,CREDIT-G054-120M,0.11531455
SP-027,CREDIT-G054-144M,0.13678824
SP-027,CREDIT-G054-180M,0.16803271
SP-027,CREDIT-G054-240M,0.21743770
SP-027,CREDIT-G054-300M,0.26391015
SP-027,CREDIT-G054-360M,0.30762410
SP-027,CREDIT-G055-006M,0.00618032
SP-027,CREDIT-G055-012M,0.01232245
SP-027,CREDIT-G055-024M,0.02449307
SP-027,CREDIT-G055-036M,0.03651373
SP-027,CREDIT-G055-060M,0.06011253
SP-027,CREDIT-G055-084M,0.08235617
SP-027,CREDIT-G055-120M,0.11672834
SP-027,CREDIT-G055-144M,0.13844312
SP-027,CREDIT-G055-180M,0.17002574
SP-027,CREDIT-G055-240M,0.21993685
SP-027,CREDIT-G055-300M,0.26684783
SP-027,CREDIT-G055-360M,0.31093900
SP-027,CREDIT-G056-006M,0.00625983
SP-027,CREDIT-G056-012M,0.01248047
SP-027,CREDIT-G056-024M,0.02480519
SP-027,CREDIT-G056-036M,0.03697610
SP-027,CREDIT-G056-060M,0.06086414
SP-027,CREDIT-G056-084M,0.08338760
SP-027,CREDIT-G056-120M,0.11813986
SP-027,CREDIT-G056-144M,0.14009481
SP-027,CREDIT-G056-180M,0.17201399
SP-027,CREDIT-G056-240M,0.22242802
SP-027,CREDIT-G056-300M,0.26977378
SP-027,CREDIT-G056-360M,0.31423801
SP-027,CREDIT-G057-006M,0.00633932
SP-027,CREDIT-G057-012M,0.01263846
SP-027,CREDIT-G057-024M,0.02511720
SP-027,CREDIT-G057-036M,0.03743824
SP-027,CREDIT-G057-060M,0.06161515
SP-027,CREDIT-G057-084M,0.08441788
SP-027,CREDIT-G057-120M,0.11954913
SP-027,CREDIT-G057-144M,0.14174334
SP-027,CREDIT-G057-180M,0.17399747
SP-027,CREDIT-G057-240M,0.22491121
SP-027,CREDIT-G057-300M,0.27268804
SP-027,CREDIT-G057-360M,0.31752121
SP-027,CREDIT-G058-006M,0.00641881
SP-027,CREDIT-G058-012M,0.01279643
SP-027,CREDIT-G058-024M,0.02542911
SP-027,CREDIT-G058-036M,0.03790015
SP-027,CREDIT-G058-060M,0.06236555
SP-027,CREDIT-G058-084M,0.08544701
SP-027,CREDIT-G058-120M,0.12095614
SP-027,CREDIT-G058-144M,0.14338870
SP-027,CREDIT-G058-180M,0.17597619
SP-027,CREDIT-G058-240M,0.22738646
SP-027,CREDIT-G058-300M,0.27559065
SP-027,CREDIT-G058-360M,0.32078868
SP-027,CREDIT-G059-006M,0.00649830
SP-027,CREDIT-G059-012M,0.01295437
SP-027,CREDIT-G059-024M,0.02574092
SP-027,CREDIT-G059-036M,0.03836185
SP-027,CREDIT-G059-060M,0.06311536
SP-027,CREDIT-G059-084M,0.08647500
SP-027,CREDIT-G059-120M,0.12236090
SP-027,CREDIT-G059-144M,0.14503090
SP-027,CREDIT-G059-180M,0.17795016
SP-027,CREDIT-G059-240M,0.22985381
SP-027,CREDIT-G059-300M,0.27848167
SP-027,CREDIT-G059-360M,0.32404050
SP-027,CREDIT-G060-006M,0.00657777
SP-027,CREDIT-G060-012M,0.01311228
SP-027,CREDIT-G060-024M,0.02605264
SP-027,CREDIT-G060-036M,0.03882333
SP-027,CREDIT-G060-060M,0.06386457
SP-027,CREDIT-G060-084M,0.08750184
SP-027,CREDIT-G060-120M,0.12376341
SP-027,CREDIT-G060-144M,0.14666996
SP-027,CREDIT-G060-180M,0.17991939
SP-027,CREDIT-G060-240M,0.23231326
SP-027,CREDIT-G060-300M,0.28136115
SP-027,CREDIT-G060-360M,0.32727674
SP-027,CREDIT-G061-006M,0.00665724
SP-027,CREDIT-G061-012M,0.01327017
SP-027,CREDIT-G061-024M,0.02636425
SP-027,CREDIT-G061-036M,0.03928458
SP-027,CREDIT-G061-060M,0.06461318
SP-027,CREDIT-G061-084M,0.08852753
SP-027,CREDIT-G061-120M,0.12516368
SP-027,CREDIT-G061-144M,0.14830586
SP-027,CREDIT-G061-180M,0.18188390
SP-027,CREDIT-G061-240M,0.23476484
SP-027,CREDIT-G061-300M,0.28422912
SP-027,CREDIT-G061-360M,0.33049746
SP-027,CREDIT-G062-006M,0.00673671
SP-027,CREDIT-G062-012M,0.01342803
SP-027,CREDIT-G062-024M,0.02667576
SP-027,CREDIT-G062-036M,0.03974561
SP-027,CREDIT-G062-060M,0.06536119
SP-027,CREDIT-G062-084M,0.08955209
SP-027,CREDIT-G062-120M,0.12656172
SP-027,CREDIT-G062-144M,0.14993862
SP-027,CREDIT-G062-180M,0.18384370
SP-027,CREDIT-G062-240M,0.23720859
SP-027,CREDIT-G062-300M,0.28708563
SP-027,CREDIT-G062-360M,0.33370276
SP-027,CREDIT-G063-006M,0.00681617
SP-027,CREDIT-G063-012M,0.01358587
SP-027,CREDIT-G063-024M,0.02698718
SP-027,CREDIT-G063-036M,0.04020643
SP-027,CREDIT-G063-060M,0.06610860
SP-027,CREDIT-G063-084M,0.09057550
SP-027,CREDIT-G063-120M,0.12795751
SP-027,CREDIT-G063-144M,0.15156825
SP-027,CREDIT-G063-180M,0.18579879
SP-027,CREDIT-G063-240M,0.23964452
SP-027,CREDIT-G063-300M,0.28993073
SP-027,CREDIT-G063-360M,0.33689270
SP-027,CREDIT-G064-006M,0.00689562
SP-027,CREDIT-G064-012M,0.01374369
SP-027,CREDIT-G064-024M,0.02729849
SP-027,CREDIT-G064-036M,0.04066702
SP-027,CREDIT-G064-060M,0.06685542
SP-027,CREDIT-G064-084M,0.09159778
SP-027,CREDIT-G064-120M,0.12935107
SP-027,CREDIT-G064-144M,0.15319475
SP-027,CREDIT-G064-180M,0.18774919
SP-027,CREDIT-G064-240M,0.24207267
SP-027,CREDIT-G064-300M,0.29276446
SP-027,CREDIT-G064-360M,0.34006735
SP-027,CREDIT-G065-006M,0.00697506
SP-027,CREDIT-G065-012M,0.01390147
SP-027,CREDIT-G065-024M,0.02760971
SP-027,CREDIT-G065-036M,0.04112739
SP-027,CREDIT-G065-060M,0.06760163
SP-027,CREDIT-G065-084M,0.09261891
SP-027,CREDIT-G065-120M,0.13074241
SP-027,CREDIT-G065-144M,0.15481813
SP-027,CREDIT-G065-180M,0.18969491
SP-027,CREDIT-G065-240M,0.24449305
SP-027,CREDIT-G065-300M,0.29558688
SP-027,CREDIT-G065-360M,0.34322679
SP-027,CREDIT-G066-006M,0.00705450
SP-027,CREDIT-G066-012M,0.01405924
SP-027,CREDIT-G066-024M,0.02792082
SP-027,CREDIT-G066-036M,0.04158753
SP-027,CREDIT-G066-060M,0.06834725
SP-027,CREDIT-G066-084M,0.09363891
SP-027,CREDIT-G066-120M,0.13213151
SP-027,CREDIT-G066-144M,0.15643839
SP-027,CREDIT-G066-180M,0.19163596
SP-027,CREDIT-G066-240M,0.24690569
SP-027,CREDIT-G066-300M,0.29839802
SP-027,CREDIT-G066-360M,0.34637110
SP-027,CREDIT-G067-006M,0.00713393
SP-027,CREDIT-G067-012M,0.01421698
SP-027,CREDIT-G067-024M,0.02823184
SP-027,CREDIT-G067-036M,0.04204746
SP-027,CREDIT-G067-060M,0.06909228
SP-027,CREDIT-G067-084M,0.09465777
SP-027,CREDIT-G067-120M,0.13351840
SP-027,CREDIT-G067-144M,0.15805555
SP-027,CREDIT-G067-180M,0.19357236
SP-027,CREDIT-G067-240M,0.24931061
SP-027,CREDIT-G067-300M,0.30119792
SP-027,CREDIT-G067-360M,0.34950033
SP-027,CREDIT-G068-006M,0.00721336
SP-027,CREDIT-G068-012M,0.01437469
SP-027,CREDIT-G068-024M,0.02854275
SP-027,CREDIT-G068-036M,0.04250717
SP-027,CREDIT-G068-060M,0.06983671
SP-027,CREDIT-G068-084M,0.09567550
SP-027,CREDIT-G068-120M,0.13490306
SP-027,CREDIT-G068-144M,0.15966959
SP-027,CREDIT-G068-180M,0.19550410
SP-027,CREDIT-G068-240M,0.25170785
SP-027,CREDIT-G068-300M,0.30398665
SP-027,CREDIT-G068-360M,0.35261458
SP-027,CREDIT-G069-006M,0.00729278
SP-027,CREDIT-G069-012M,0.01453238
SP-027,CREDIT-G069-024M,0.02885357
SP-027,CREDIT-G069-036M,0.04296665
SP-027,CREDIT-G069-060M,0.07058054
SP-027,CREDIT-G069-084M,0.09669210
SP-027,CREDIT-G069-120M,0.13628552
SP-027,CREDIT-G069-144M,0.16128054
SP-027,CREDIT-G069-180M,0.19743121
SP-027,CREDIT-G069-240M,0.25409742
SP-027,CREDIT-G069-300M,0.30676423
SP-027,CREDIT-G069-360M,0.35571390
SP-027,CREDIT-G070-006M,0.00737219
SP-027,CREDIT-G070-012M,0.01469004
SP-027,CREDIT-G070-024M,0.02916429
SP-027,CREDIT-G070-036M,0.04342592
SP-027,CREDIT-G070-060M,0.07132378
SP-027,CREDIT-G070-084M,0.09770756
SP-027,CREDIT-G070-120M,0.13766576
SP-027,CREDIT-G070-144M,0.16288840
SP-027,CREDIT-G070-180M,0.19935370
SP-027,CREDIT-G070-240M,0.25647935
SP-027,CREDIT-G070-300M,0.30953072
SP-027,CREDIT-G070-360M,0.35879837
SP-027,CREDIT-G071-006M,0.00745160
SP-027,CREDIT-G071-012M,0.01484767
SP-027,CREDIT-G071-024M,0.02947491
SP-027,CREDIT-G071-036M,0.04388497
SP-027,CREDIT-G071-060M,0.07206642
SP-027,CREDIT-G071-084M,0.09872189
SP-027,CREDIT-G071-120M,0.13904379
SP-027,CREDIT-G071-144M,0.16449317
SP-027,CREDIT-G071-180M,0.20127157
SP-027,CREDIT-G071-240M,0.25885366
SP-027,CREDIT-G071-300M,0.31228615
SP-027,CREDIT-G071-360M,0.36186805
SP-027,CREDIT-G072-006M,0.00753100
SP-027,CREDIT-G072-012M,0.01500529
SP-027,CREDIT-G072-024M,0.02978542
SP-027,CREDIT-G072-036M,0.04434379
SP-027,CREDIT-G072-060M,0.07280847
SP-027,CREDIT-G072-084M,0.09973509
SP-027,CREDIT-G072-120M,0.14041962
SP-027,CREDIT-G072-144M,0.16609486
SP-027,CREDIT-G072-180M,0.20318485
SP-027,CREDIT-G072-240M,0.26122039
SP-027,CREDIT-G072-300M,0.31503058
SP-027,CREDIT-G072-360M,0.36492304
SP-027,CREDIT-G073-006M,0.00761039
SP-027,CREDIT-G073-012M,0.01516287
SP-027,CREDIT-G073-024M,0.03009584
SP-027,CREDIT-G073-036M,0.04480240
SP-027,CREDIT-G073-060M,0.07354993
SP-027,CREDIT-G073-084M,0.10074716
SP-027,CREDIT-G073-120M,0.14179325
SP-027,CREDIT-G073-144M,0.16769347
SP-027,CREDIT-G073-180M,0.20509353
SP-027,CREDIT-G073-240M,0.26357954
SP-027,CREDIT-G073-300M,0.31776404
SP-027,CREDIT-G073-360M,0.36796338
SP-027,CREDIT-G074-006M,0.00768978
SP-027,CREDIT-G074-012M,0.01532043
SP-027,CREDIT-G074-024M,0.03040616
SP-027,CREDIT-G074-036M,0.04526078
SP-027,CREDIT-G074-060M,0.07429079
SP-027,CREDIT-G074-084M,0.10175811
SP-027,CREDIT-G074-120M,0.14316468
SP-027,CREDIT-G074-144M,0.16928902
SP-027,CREDIT-G074-180M,0.20699763
SP-027,CREDIT-G074-240M,0.26593115
SP-027,CREDIT-G074-300M,0.32048658
SP-027,CREDIT-G074-360M,0.37098915
SP-027,CREDIT-G075-006M,0.00776916
SP-027,CREDIT-G075-012M,0.01547797
SP-027,CREDIT-G075-024M,0.03071638
SP-027,CREDIT-G075-036M,0.04571895
SP-027,CREDIT-G075-060M,0.07503106
SP-027,CREDIT-G075-084M,0.10276793
SP-027,CREDIT-G075-120M,0.14453391
SP-027,CREDIT-G075-144M,0.17088150
SP-027,CREDIT-G075-180M,0.20889716
SP-027,CREDIT-G075-240M,0.26827524
SP-027,CREDIT-G075-300M,0.32319825
SP-027,CREDIT-G075-360M,0.37400043
SP-027,CREDIT-G076-006M,0.00784854
SP-027,CREDIT-G076-012M,0.01563548
SP-027,CREDIT-G076-024M,0.03102650
SP-027,CREDIT-G076-036M,0.04617689
SP-027,CREDIT-G076-060M,0.07577074
SP-027,CREDIT-G076-084M,0.10377662
SP-027,CREDIT-G076-120M,0.14590096
SP-027,CREDIT-G076-144M,0.17247093
SP-027,CREDIT-G076-180M,0.21079213
SP-027,CREDIT-G076-240M,0.27061183
SP-027,CREDIT-G076-300M,0.32589908
SP-027,CREDIT-G076-360M,0.37699727
SP-027,CREDIT-G077-006M,0.00792791
SP-027,CREDIT-G077-012M,0.01579297
SP-027,CREDIT-G077-024M,0.03133653
SP-027,CREDIT-G077-036M,0.04663462
SP-027,CREDIT-G077-060M,0.07650983
SP-027,CREDIT-G077-084M,0.10478419
SP-027,CREDIT-G077-120M,0.14726582
SP-027,CREDIT-G077-144M,0.17405730
SP-027,CREDIT-G077-180M,0.21268255
SP-027,CREDIT-G077-240M,0.27294095
SP-027,CREDIT-G077-300M,0.32858912
SP-027,CREDIT-G077-360M,0.37997976
SP-027,CREDIT-G078-006M,0.00800727
SP-027,CREDIT-G078-012M,0.01595043
SP-027,CREDIT-G078-024M,0.03164645
SP-027,CREDIT-G078-036M,0.04709212
SP-027,CREDIT-G078-060M,0.07724833
SP-027,CREDIT-G078-084M,0.10579064
SP-027,CREDIT-G078-120M,0.14862849
SP-027,CREDIT-G078-144M,0.17564063
SP-027,CREDIT-G078-180M,0.21456844
SP-027,CREDIT-G078-240M,0.27526263
SP-027,CREDIT-G078-300M,0.33126842
SP-027,CREDIT-G078-360M,0.38294795
SP-027,CREDIT-G079-006M,0.00808663
SP-027,CREDIT-G079-012M,0.01610786
SP-027,CREDIT-G079-024M,0.03195627
SP-027,CREDIT-G079-036M,0.04754941
SP-027,CREDIT-G079-060M,0.07798623
SP-027,CREDIT-G079-084M,0.10679597
SP-027,CREDIT-G079-120M,0.14998899
SP-027,CREDIT-G079-144M,0.17722092
SP-027,CREDIT-G079-180M,0.21644980
SP-027,CREDIT-G079-240M,0.27757688
SP-027,CREDIT-G079-300M,0.33393701
SP-027,CREDIT-G079-360M,0.38590192
SP-027,CREDIT-G080-006M,0.00816598
SP-027,CREDIT-G080-012M,0.01626527
SP-027,CREDIT-G080-024M,0.03226600
SP-027,CREDIT-G080-036M,0.04800647
SP-027,CREDIT-G080-060M,0.07872355
SP-027,CREDIT-G080-084M,0.10780018
SP-027,CREDIT-G080-120M,0.15134731
SP-027,CREDIT-G080-144M,0.17879818
SP-027,CREDIT-G080-180M,0.21832665
SP-027,CREDIT-G080-240M,0.27988373
SP-027,CREDIT-G080-300M,0.33659494
SP-027,CREDIT-G080-360M,0.38884174
SP-027,CREDIT-G081-006M,0.00824532
SP-027,CREDIT-G081-012M,0.01642266
SP-027,CREDIT-G081-024M,0.03257562
SP-027,CREDIT-G081-036M,0.04846332
SP-027,CREDIT-G081-060M,0.07946027
SP-027,CREDIT-G081-084M,0.10880327
SP-027,CREDIT-G081-120M,0.15270346
SP-027,CREDIT-G081-144M,0.18037240
SP-027,CREDIT-G081-180M,0.22019900
SP-027,CREDIT-G081-240M,0.28218320
SP-027,CREDIT-G081-300M,0.33924225
SP-027,CREDIT-G081-360M,0.39176747
SP-027,CREDIT-G082-006M,0.00832466
SP-027,CREDIT-G082-012M,0.01658002
SP-027,CREDIT-G082-024M,0.03288515
SP-027,CREDIT-G082-036M,0.04891995
SP-027,CREDIT-G082-060M,0.08019641
SP-027,CREDIT-G082-084M,0.10980524
SP-027,CREDIT-G082-120M,0.15405744
SP-027,CREDIT-G082-144M,0.18194361
SP-027,CREDIT-G082-180M,0.22206685
SP-027,CREDIT-G082-240M,0.28447532
SP-027,CREDIT-G082-300M,0.34187898
SP-027,CREDIT-G082-360M,0.39467918
SP-027,CREDIT-G083-006M,0.00840399
SP-027,CREDIT-G083-012M,0.01673735
SP-027,CREDIT-G083-024M,0.03319458
SP-027,CREDIT-G083-036M,0.04937636
SP-027,CREDIT-G083-060M,0.08093196
SP-027,CREDIT-G083-084M,0.11080610
SP-027,CREDIT-G083-120M,0.15540925
SP-027,CREDIT-G083-144M,0.18351180
SP-027,CREDIT-G083-180M,0.22393022
SP-027,CREDIT-G083-240M,0.28676012
SP-027,CREDIT-G083-300M,0.34450519
SP-027,CREDIT-G083-360M,0.39757693
SP-027,CREDIT-G084-006M,0.00848331
SP-027,CREDIT-G084-012M,0.01689466
SP-027,CREDIT-G084-024M,0.03350390
SP-027,CREDIT-G084-036M,0.04983255
SP-027,CREDIT-G084-060M,0.08166692
SP-027,CREDIT-G084-084M,0.11180585
SP-027,CREDIT-G084-120M,0.15675890
SP-027,CREDIT-G084-144M,0.18507698
SP-027,CREDIT-G084-180M,0.22578911
SP-027,CREDIT-G084-240M,0.28903760
SP-027,CREDIT-G084-300M,0.34712090
SP-027,CREDIT-G084-360M,0.40046080
SP-027,CREDIT-G085-006M,0.00856263
SP-027,CREDIT-G085-012M,0.01705195
SP-027,CREDIT-G085-024M,0.03381313
SP-027,CREDIT-G085-036M,0.05028852
SP-027,CREDIT-G085-060M,0.08240129
SP-027,CREDIT-G085-084M,0.11280447
SP-027,CREDIT-G085-120M,0.15810639
SP-027,CREDIT-G085-144M,0.18663915
SP-027,CREDIT-G085-180M,0.22764355
SP-027,CREDIT-G085-240M,0.29130780
SP-027,CREDIT-G085-300M,0.34972616
SP-027,CREDIT-G085-360M,0.40333086
SP-027,CREDIT-G086-006M,0.00864194
SP-027,CREDIT-G086-012M,0.01720921
SP-027,CREDIT-G086-024M,0.03412226
SP-027,CREDIT-G086-036M,0.05074427
SP-027,CREDIT-G086-060M,0.08313508
SP-027,CREDIT-G086-084M,0.11380199
SP-027,CREDIT-G086-120M,0.15945172
SP-027,CREDIT-G086-144M,0.18819833
SP-027,CREDIT-G086-180M,0.22949353
SP-027,CREDIT-G086-240M,0.29357074
SP-027,CREDIT-G086-300M,0.35232101
SP-027,CREDIT-G086-360M,0.40618715
SP-027,CREDIT-G087-006M,0.00872125
SP-027,CREDIT-G087-012M,0.01736644
SP-027,CREDIT-G087-024M,0.03443129
SP-027,CREDIT-G087-036M,0.05119980
SP-027,CREDIT-G087-060M,0.08386828
SP-027,CREDIT-G087-084M,0.11479840
SP-027,CREDIT-G087-120M,0.16079491
SP-027,CREDIT-G087-144M,0.18975451
SP-027,CREDIT-G087-180M,0.23133908
SP-027,CREDIT-G087-240M,0.29582645
SP-027,CREDIT-G087-300M,0.35490549
SP-027,CREDIT-G087-360M,0.40902977
SP-027,CREDIT-G088-006M,0.00880055
SP-027,CREDIT-G088-012M,0.01752365
SP-027,CREDIT-G088-024M,0.03474023
SP-027,CREDIT-G088-036M,0.05165512
SP-027,CREDIT-G088-060M,0.08460089
SP-027,CREDIT-G088-084M,0.11579370
SP-027,CREDIT-G088-120M,0.16213594
SP-027,CREDIT-G088-144M,0.19130770
SP-027,CREDIT-G088-180M,0.23318020
SP-027,CREDIT-G088-240M,0.29807494
SP-027,CREDIT-G088-300M,0.35747965
SP-027,CREDIT-G088-360M,0.41185876
SP-027,CREDIT-G089-006M,0.00887984
SP-027,CREDIT-G089-012M,0.01768083
SP-027,CREDIT-G089-024M,0.03504906
SP-027,CREDIT-G089-036M,0.05211022
SP-027,CREDIT-G089-060M,0.08533292
SP-027,CREDIT-G089-084M,0.11678788
SP-027,CREDIT-G089-120M,0.16347483
SP-027,CREDIT-G089-144M,0.19285792
SP-027,CREDIT-G089-180M,0.23501690
SP-027,CREDIT-G089-240M,0.30031625
SP-027,CREDIT-G089-300M,0.36004352
SP-027,CREDIT-G089-360M,0.41467419
SP-027,CREDIT-G090-006M,0.00895913
SP-027,CREDIT-G090-012M,0.01783799
SP-027,CREDIT-G090-024M,0.03535780
SP-027,CREDIT-G090-036M,0.05256509
SP-027,CREDIT-G090-060M,0.08606436
SP-027,CREDIT-G090-084M,0.11778097
SP-027,CREDIT-G090-120M,0.16481158
SP-027,CREDIT-G090-144M,0.19440516
SP-027,CREDIT-G090-180M,0.23684919
SP-027,CREDIT-G090-240M,0.30255038
SP-027,CREDIT-G090-300M,0.36259715
SP-027,CREDIT-G090-360M,0.41747613
SP-027,CREDIT-G091-006M,0.00903841
SP-027,CREDIT-G091-012M,0.01799512
SP-027,CREDIT-G091-024M,0.03566643
SP-027,CREDIT-G091-036M,0.05301975
SP-027,CREDIT-G091-060M,0.08679521
SP-027,CREDIT-G091-084M,0.11877294
SP-027,CREDIT-G091-120M,0.16614619
SP-027,CREDIT-G091-144M,0.19594942
SP-027,CREDIT-G091-180M,0.23867708
SP-027,CREDIT-G091-240M,0.30477737
SP-027,CREDIT-G091-300M,0.36514058
SP-027,CREDIT-G091-360M,0.42026465
SP-027,CREDIT-G092-006M,0.00911768
SP-027,CREDIT-G092-012M,0.01815223
SP-027,CREDIT-G092-024M,0.03597497
SP-027,CREDIT-G092-036M,0.05347419
SP-027,CREDIT-G092-060M,0.08752548
SP-027,CREDIT-G092-084M,0.11976381
SP-027,CREDIT-G092-120M,0.16747866
SP-027,CREDIT-G092-144M,0.19749072
SP-027,CREDIT-G092-180M,0.24050059
SP-027,CREDIT-G092-240M,0.30699724
SP-027,CREDIT-G092-300M,0.36767385
SP-027,CREDIT-G092-360M,0.42303980
SP-027,CREDIT-G093-006M,0.00919695
SP-027,CREDIT-G093-012M,0.01830931
SP-027,CREDIT-G093-024M,0.03628341
SP-027,CREDIT-G093-036M,0.05392842
SP-027,CREDIT-G093-060M,0.08825517
SP-027,CREDIT-G093-084M,0.12075358
SP-027,CREDIT-G093-120M,0.16880901
SP-027,CREDIT-G093-144M,0.19902907
SP-027,CREDIT-G093-180M,0.24231972
SP-027,CREDIT-G093-240M,0.30921001
SP-027,CREDIT-G093-300M,0.37019700
SP-027,CREDIT-G093-360M,0.42580165
SP-027,CREDIT-G094-006M,0.00927621
SP-027,CREDIT-G094-012M,0.01846637
SP-027,CREDIT-G094-024M,0.03659175
SP-027,CREDIT-G094-036M,0.05438242
SP-027,CREDIT-G094-060M,0.08898428
SP-027,CREDIT-G094-084M,0.12174225
SP-027,CREDIT-G094-120M,0.17013722
SP-027,CREDIT-G094-144M,0.20056446
SP-027,CREDIT-G094-180M,0.24413449
SP-027,CREDIT-G094-240M,0.31141571
SP-027,CREDIT-G094-300M,0.37271006
SP-027,CREDIT-G094-360M,0.42855027
SP-027,CREDIT-G095-006M,0.00935546
SP-027,CREDIT-G095-012M,0.01862341
SP-027,CREDIT-G095-024M,0.03689999
SP-027,CREDIT-G095-036M,0.05483621
SP-027,CREDIT-G095-060M,0.08971280
SP-027,CREDIT-G095-084M,0.12272981
SP-027,CREDIT-G095-120M,0.17146331
SP-027,CREDIT-G095-144M,0.20209690
SP-027,CREDIT-G095-180M,0.24594490
SP-027,CREDIT-G095-240M,0.31361435
SP-027,CREDIT-G095-300M,0.37521309
SP-027,CREDIT-G095-360M,0.43128572
SP-027,CREDIT-G096-006M,0.00943471
SP-027,CREDIT-G096-012M,0.01878041
SP-027,CREDIT-G096-024M,0.03720813
SP-027,CREDIT-G096-036M,0.05528978
SP-027,CREDIT-G096-060M,0.09044074
SP-027,CREDIT-G096-084M,0.12371627
SP-027,CREDIT-G096-120M,0.17278728
SP-027,CREDIT-G096-144M,0.20362640
SP-027,CREDIT-G096-180M,0.24775096
SP-027,CREDIT-G096-240M,0.31580596
SP-027,CREDIT-G096-300M,0.37770611
SP-027,CREDIT-G096-360M,0.43400806
SP-027,CREDIT-G097-006M,0.00951395
SP-027,CREDIT-G097-012M,0.01893740
SP-027,CREDIT-G097-024M,0.03751618
SP-027,CREDIT-G097-036M,0.05574313
SP-027,CREDIT-G097-060M,0.09116809
SP-027,CREDIT-G097-084M,0.12470164
SP-027,CREDIT-G097-120M,0.17410913
SP-027,CREDIT-G097-144M,0.20515296
SP-027,CREDIT-G097-180M,0.24955270
SP-027,CREDIT-G097-240M,0.31799056
SP-027,CREDIT-G097-300M,0.38018918
SP-027,CREDIT-G097-360M,0.43671735
SP-027,CREDIT-G098-006M,0.00959319
SP-027,CREDIT-G098-012M,0.01909435
SP-027,CREDIT-G098-024M,0.03782412
SP-027,CREDIT-G098-036M,0.05619627
SP-027,CREDIT-G098-060M,0.09189487
SP-027,CREDIT-G098-084M,0.12568591
SP-027,CREDIT-G098-120M,0.17542887
SP-027,CREDIT-G098-144M,0.20667660
SP-027,CREDIT-G098-180M,0.25135010
SP-027,CREDIT-G098-240M,0.32016817
SP-027,CREDIT-G098-300M,0.38266232
SP-027,CREDIT-G098-360M,0.43941366
SP-027,CREDIT-G099-006M,0.00967242
SP-027,CREDIT-G099-012M,0.01925129
SP-027,CREDIT-G099-024M,0.03813197
SP-027,CREDIT-G099-036M,0.05664918
SP-027,CREDIT-G099-060M,0.09262106
SP-027,CREDIT-G099-084M,0.12666908
SP-027,CREDIT-G099-120M,0.17674649
SP-027,CREDIT-G099-144M,0.20819731
SP-027,CREDIT-G099-180M,0.25314320
SP-027,CREDIT-G099-240M,0.32233883
SP-027,CREDIT-G099-300M,0.38512559
SP-027,CREDIT-G099-360M,0.44209705
SP-027,CREDIT-G100-006M,0.00975164
SP-027,CREDIT-G100-012M,0.01940819
SP-027,CREDIT-G100-024M,0.03843972
SP-027,CREDIT-G100-036M,0.05710188
SP-027,CREDIT-G100-060M,0.09334667
SP-027,CREDIT-G100-084M,0.12765116
SP-027,CREDIT-G100-120M,0.17806201
SP-027,CREDIT-G100-144M,0.20971510
SP-027,CREDIT-G100-180M,0.25493199
SP-027,CREDIT-G100-240M,0.32450254
SP-027,CREDIT-G100-300M,0.38757901
SP-027,CREDIT-G100-360M,0.44476758
SP-027,FX-USDEUR-1D,0.90070194
SP-027,FX-USDEUR-1M,0.90164911
SP-027,FX-USDEUR-3M,0.90345226
SP-027,FX-USDGBP-1D,0.76640970
SP-027,FX-USDGBP-1M,0.76618533
SP-027,FX-USDGBP-3M,0.76582919
SP-027,FX-USDJPY-1D,144.91794809
SP-027,FX-USDJPY-1M,145.40382997
SP-027,FX-USDJPY-3M,146.33150959
SP-027,FX-USDCHF-1D,0.86466277
SP-027,FX-USDCHF-1M,0.86716805
SP-027,FX-USDCHF-3M,0.87200423
SP-027,FX-USDCAD-1D,1.31754583
SP-027,FX-USDCAD-1M,1.31799013
SP-027,FX-USDCAD-3M,1.31900212
SP-027,FX-USDAUD-1D,1.47013691
SP-027,FX-USDAUD-1M,1.47002442
SP-027,FX-USDAUD-3M,1.47010173
SP-027,FX-USDNZD-1D,1.58882874
SP-027,FX-USDNZD-1M,1.58741028
SP-027,FX-USDNZD-3M,1.58503780
SP-027,FX-USDSEK-1D,10.23110674
SP-027,FX-USDSEK-1M,10.24400520
SP-027,FX-USDSEK-3M,10.26928719
SP-027,FX-USDNOK-1D,10.34051261
SP-027,FX-USDNOK-1M,10.34282574
SP-027,FX-USDNOK-3M,10.34870174
SP-027,FX-USDDKK-1D,6.70806430
SP-027,FX-USDDKK-1M,6.71543869
SP-027,FX-USDDKK-3M,6.72976863
SP-027,FX-USDPLN-1D,3.86848775
SP-027,FX-USDPLN-1M,3.86453828
SP-027,FX-USDPLN-3M,3.85760336
SP-027,FX-USDCZK-1D,22.51451428
SP-027,FX-USDCZK-1M,22.50281466
SP-027,FX-USDCZK-3M,22.48337894
SP-027,FX-USDHUF-1D,344.17337511
SP-027,FX-USDHUF-1M,343.39416191
SP-027,FX-USDHUF-3M,341.96854522
SP-027,FX-USDSGD-1D,1.31611011
SP-027,FX-USDSGD-1M,1.31725791
SP-027,FX-USDSGD-3M,1.31954200
SP-027,FX-USDHKD-1D,7.74275727
SP-027,FX-USDHKD-1M,7.74406267
SP-027,FX-USDHKD-3M,7.74703515
SP-027,FX-USDKRW-1D,1305.92783696
SP-027,FX-USDKRW-1M,1307.13343915
SP-027,FX-USDKRW-3M,1309.35406255
SP-027,FX-USDCNY-1D,7.06805568
SP-027,FX-USDCNY-1M,7.08075062
SP-027,FX-USDCNY-3M,7.10507843
SP-027,FX-USDINR-1D,80.44140595
SP-027,FX-USDINR-1M,80.27103604
SP-027,FX-USDINR-3M,79.95637239
SP-027,FX-USDBRL-1D,4.80140205
SP-027,FX-USDBRL-1M,4.77432755
SP-027,FX-USDBRL-3M,4.72213854
SP-027,FX-EURGBP-1D,0.85090268
SP-027,FX-EURGBP-1M,0.84975998
SP-027,FX-EURGBP-3M,0.84766979
SP-027,FX-EURJPY-1D,160.89445502
SP-027,FX-EURJPY-1M,161.26431922
SP-027,FX-EURJPY-3M,161.96927691
SP-027,FX-EURCHF-1D,0.95998769
SP-027,FX-EURCHF-1M,0.96175779
SP-027,FX-EURCHF-3M,0.96519126
SP-027,FX-EURCAD-1D,1.46279892
SP-027,FX-EURCAD-1M,1.46175504
SP-027,FX-EURCAD-3M,1.45995773
SP-027,FX-EURAUD-1D,1.63221243
SP-027,FX-EURAUD-1M,1.63037306
SP-027,FX-EURAUD-3M,1.62720466
SP-027,FX-EURNZD-1D,1.76398947
SP-027,FX-EURNZD-1M,1.76056324
SP-027,FX-EURNZD-3M,1.75442341
SP-027,FX-EURSEK-1D,11.35903706
SP-027,FX-EURSEK-1M,11.36140998
SP-027,FX-EURSEK-3M,11.36671811
SP-027,FX-EURNOK-1D,11.48050441
SP-027,FX-EURNOK-1M,11.47100975
SP-027,FX-EURNOK-3M,11.45461933
SP-027,FX-EURDKK-1D,7.44759613
SP-027,FX-EURDKK-1M,7.44795133
SP-027,FX-EURDKK-3M,7.44894768
SP-027,FX-EURPLN-1D,4.29496992
SP-027,FX-EURPLN-1M,4.28607785
SP-027,FX-EURPLN-3M,4.26984748
SP-027,FX-EURCZK-1D,24.99663122
SP-027,FX-EURCZK-1M,24.95739685
SP-027,FX-EURCZK-3M,24.88607300
SP-027,FX-EURHUF-1D,382.11683475
SP-027,FX-EURHUF-1M,380.85121801
SP-027,FX-EURHUF-3M,378.51313193
SP-027,FX-EURSGD-1D,1.46120492
SP-027,FX-EURSGD-1M,1.46094295
SP-027,FX-EURSGD-3M,1.46055531
SP-027,FX-EURHKD-1D,8.59635903
SP-027,FX-EURHKD-1M,8.58877648
SP-027,FX-EURHKD-3M,8.57492473
SP-027,FX-EURKRW-1D,1449.90010139
SP-027,FX-EURKRW-1M,1449.71411171
SP-027,FX-EURKRW-3M,1449.27863671
SP-027,FX-EURCNY-1D,7.84727484
SP-027,FX-EURCNY-1M,7.85311109
SP-027,FX-EURCNY-3M,7.86436509
SP-027,FX-EURINR-1D,89.30968415
SP-027,FX-EURINR-1M,89.02691204
SP-027,FX-EURINR-3M,88.50093774
SP-027,FX-EURBRL-1D,5.33073354
SP-027,FX-EURBRL-1M,5.29510593
SP-027,FX-EURBRL-3M,5.22677150
SP-027,FX-GBPJPY-1D,189.08678753
SP-027,FX-GBPJPY-1M,189.77631600
SP-027,FX-GBPJPY-3M,191.07591103
SP-027,FX-GBPCHF-1D,1.12819915
SP-027,FX-GBPCHF-1M,1.13179934
SP-027,FX-GBPCHF-3M,1.13864063
SP-027,FX-GBPCAD-1D,1.71911424
SP-027,FX-GBPCAD-1M,1.72019755
SP-027,FX-GBPCAD-3M,1.72231895
SP-027,FX-GBPAUD-1D,1.91821281
SP-027,FX-GBPAUD-1M,1.91862772
SP-027,FX-GBPAUD-3M,1.91962092
SP-027,FX-GBPNZD-1D,2.07308016
SP-027,FX-GBPNZD-1M,2.07183590
SP-027,FX-GBPNZD-3M,2.06970147
SP-027,FX-GBPSEK-1D,13.34939620
SP-027,FX-GBPSEK-1M,13.37014003
SP-027,FX-GBPSEK-3M,13.40937035
SP-027,FX-GBPNOK-1D,13.49214737
SP-027,FX-GBPNOK-1M,13.49911736
SP-027,FX-GBPNOK-3M,13.51306782
SP-027,FX-GBPDKK-1D,8.75258272
SP-027,FX-GBPDKK-1M,8.76477061
SP-027,FX-GBPDKK-3M,8.78755830
SP-027,FX-GBPPLN-1D,5.04754539
SP-027,FX-GBPPLN-1M,5.04386877
SP-027,FX-GBPPLN-3M,5.03715897
SP-027,FX-GBPCZK-1D,29.37660403
SP-027,FX-GBPCZK-1M,29.36993659
SP-027,FX-GBPCZK-3M,29.35821633
SP-027,FX-GBPHUF-1D,449.07231099
SP-027,FX-GBPHUF-1M,448.18681184
SP-027,FX-GBPHUF-3M,446.53370629
SP-027,FX-GBPSGD-1D,1.71724093
SP-027,FX-GBPSGD-1M,1.71924188
SP-027,FX-GBPSGD-3M,1.72302391
SP-027,FX-GBPHKD-1D,10.10263475
SP-027,FX-GBPHKD-1M,10.10729693
SP-027,FX-GBPHKD-3M,10.11587868
SP-027,FX-GBPKRW-1D,1703.95525667
SP-027,FX-GBPKRW-1M,1706.02774806
SP-027,FX-GBPKRW-3M,1709.72076397
SP-027,FX-GBPCNY-1D,9.22229414
SP-027,FX-GBPCNY-1M,9.24156378
SP-027,FX-GBPCNY-3M,9.27762816
SP-027,FX-GBPINR-1D,104.95875242
SP-027,FX-GBPINR-1M,104.76712687
SP-027,FX-GBPINR-3M,104.40496883
SP-027,FX-GBPBRL-1D,6.26479813
SP-027,FX-GBPBRL-1M,6.23129594
SP-027,FX-GBPBRL-3M,6.16604671
SP-027,FX-JPYCHF-1D,0.00596657
SP-027,FX-JPYCHF-1M,0.00596386
SP-027,FX-JPYCHF-3M,0.00595910
SP-027,FX-JPYCAD-1D,0.00909167
SP-027,FX-JPYCAD-1M,0.00906434
SP-027,FX-JPYCAD-3M,0.00901379
SP-027,FX-JPYAUD-1D,0.01014462
SP-027,FX-JPYAUD-1M,0.01010994
SP-027,FX-JPYAUD-3M,0.01004638
SP-027,FX-JPYNZD-1D,0.01096364
SP-027,FX-JPYNZD-1M,0.01091725
SP-027,FX-JPYNZD-3M,0.01083183
SP-027,FX-JPYSEK-1D,0.07059931
SP-027,FX-JPYSEK-1M,0.07045210
SP-027,FX-JPYSEK-3M,0.07017824
SP-027,FX-JPYNOK-1D,0.07135426
SP-027,FX-JPYNOK-1M,0.07113173
SP-027,FX-JPYNOK-3M,0.07072094
SP-027,FX-JPYDKK-1D,0.04628871
SP-027,FX-JPYDKK-1M,0.04618474
SP-027,FX-JPYDKK-3M,0.04598988
SP-027,FX-JPYPLN-1D,0.02669433
SP-027,FX-JPYPLN-1M,0.02657797
SP-027,FX-JPYPLN-3M,0.02636208
SP-027,FX-JPYCZK-1D,0.15536043
SP-027,FX-JPYCZK-1M,0.15476081
SP-027,FX-JPYCZK-3M,0.15364687
SP-027,FX-JPYHUF-1D,2.37495341
SP-027,FX-JPYHUF-1M,2.36165830
SP-027,FX-JPYHUF-3M,2.33694401
SP-027,FX-JPYSGD-1D,0.00908176
SP-027,FX-JPYSGD-1M,0.00905931
SP-027,FX-JPYSGD-3M,0.00901748
SP-027,FX-JPYHKD-1D,0.05342856
SP-027,FX-JPYHKD-1M,0.05325900
SP-027,FX-JPYHKD-3M,0.05294167
SP-027,FX-JPYKRW-1D,9.01149826
SP-027,FX-JPYKRW-1M,8.98967682
SP-027,FX-JPYKRW-3M,8.94786137
SP-027,FX-JPYCNY-1D,0.04877281
SP-027,FX-JPYCNY-1M,0.04869714
SP-027,FX-JPYCNY-3M,0.04855467
SP-027,FX-JPYINR-1D,0.55508242
SP-027,FX-JPYINR-1M,0.55205586
SP-027,FX-JPYINR-3M,0.54640571
SP-027,FX-JPYBRL-1D,0.03313187
SP-027,FX-JPYBRL-1M,0.03283495
SP-027,FX-JPYBRL-3M,0.03227014
SP-027,FX-CHFCAD-1D,1.52376842
SP-027,FX-CHFCAD-1M,1.51987856
SP-027,FX-CHFCAD-3M,1.51260977
SP-027,FX-CHFAUD-1D,1.70024309
SP-027,FX-CHFAUD-1M,1.69520131
SP-027,FX-CHFAUD-3M,1.68588830
SP-027,FX-CHFNZD-1D,1.83751260
SP-027,FX-CHFNZD-1M,1.83056822
SP-027,FX-CHFNZD-3M,1.81769508
SP-027,FX-CHFSEK-1D,11.83248204
SP-027,FX-CHFSEK-1M,11.81317180
SP-027,FX-CHFSEK-3M,11.77664836
SP-027,FX-CHFNOK-1D,11.95901216
SP-027,FX-CHFNOK-1M,11.92712957
SP-027,FX-CHFNOK-3M,11.86771965
SP-027,FX-CHFDKK-1D,7.75801215
SP-027,FX-CHFDKK-1M,7.74410296
SP-027,FX-CHFDKK-3M,7.71758713
SP-027,FX-CHFPLN-1D,4.47398439
SP-027,FX-CHFPLN-1M,4.45650443
SP-027,FX-CHFPLN-3M,4.42383560
SP-027,FX-CHFCZK-1D,26.03849152
SP-027,FX-CHFCZK-1M,25.94977359
SP-027,FX-CHFCZK-3M,25.78356636
SP-027,FX-CHFHUF-1D,398.04347526
SP-027,FX-CHFHUF-1M,395.99494049
SP-027,FX-CHFHUF-3M,392.16386034
SP-027,FX-CHFSGD-1D,1.52210798
SP-027,FX-CHFSGD-1M,1.51903418
SP-027,FX-CHFSGD-3M,1.51322890
SP-027,FX-CHFHKD-1D,8.95465551
SP-027,FX-CHFHKD-1M,8.93029054
SP-027,FX-CHFHKD-3M,8.88417152
SP-027,FX-CHFKRW-1D,1510.33197872
SP-027,FX-CHFKRW-1M,1507.35884844
SP-027,FX-CHFKRW-3M,1501.54553946
SP-027,FX-CHFCNY-1D,8.17434947
SP-027,FX-CHFCNY-1M,8.16537301
SP-027,FX-CHFCNY-3M,8.14798619
SP-027,FX-CHFINR-1D,93.03211431
SP-027,FX-CHFINR-1M,92.56687406
SP-027,FX-CHFINR-3M,91.69264277
SP-027,FX-CHFBRL-1D,5.55291867
SP-027,FX-CHFBRL-1M,5.50565433
SP-027,FX-CHFBRL-3M,5.41527021
SP-027,FX-CADAUD-1D,1.11581463
SP-027,FX-CADAUD-1M,1.11535313
SP-027,FX-CADAUD-3M,1.11455601
SP-027,FX-CADNZD-1D,1.20590017
SP-027,FX-CADNZD-1M,1.20441743
SP-027,FX-CADNZD-3M,1.20169466
SP-027,FX-CADSEK-1D,7.76527581
SP-027,FX-CADSEK-1M,7.77244454
SP-027,FX-CADSEK-3M,7.78564875
SP-027,FX-CADNOK-1D,7.84831344
SP-027,FX-CADNOK-1M,7.84742275
SP-027,FX-CADNOK-3M,7.84585681
SP-027,FX-CADDKK-1D,5.09133281
SP-027,FX-CADDKK-1M,5.09521167
SP-027,FX-CADDKK-3M,5.10216666
SP-027,FX-CADPLN-1D,2.93613146
SP-027,FX-CADPLN-1M,2.93214508
SP-027,FX-CADPLN-3M,2.92463773
SP-027,FX-CADCZK-1D,17.08822102
SP-027,FX-CADCZK-1M,17.07358358
SP-027,FX-CADCZK-3M,17.04574893
SP-027,FX-CADHUF-1D,261.22307726
SP-027,FX-CADHUF-1M,260.54380353
SP-027,FX-CADHUF-3M,259.26307522
SP-027,FX-CADSGD-1D,0.99891031
SP-027,FX-CADSGD-1M,0.99944444
SP-027,FX-CADSGD-3M,1.00040931
SP-027,FX-CADHKD-1D,5.87665121
SP-027,FX-CADHKD-1M,5.87566059
SP-027,FX-CADHKD-3M,5.87340615
SP-027,FX-CADKRW-1D,991.18209866
SP-027,FX-CADKRW-1M,991.76269063
SP-027,FX-CADKRW-3M,992.68533772
SP-027,FX-CADCNY-1D,5.36456155
SP-027,FX-CADCNY-1M,5.37238516
SP-027,FX-CADCNY-3M,5.38670737
SP-027,FX-CADINR-1D,61.05397198
SP-027,FX-CADINR-1M,60.90412524
SP-027,FX-CADINR-3M,60.61883550
SP-027,FX-CADBRL-1D,3.64420118
SP-027,FX-CADBRL-1M,3.62243043
SP-027,FX-CADBRL-3M,3.58008412
SP-027,FX-AUDNZD-1D,1.08073523
SP-027,FX-AUDNZD-1M,1.07985300
SP-027,FX-AUDNZD-3M,1.07818239
SP-027,FX-AUDSEK-1D,6.95928842
SP-027,FX-AUDSEK-1M,6.96859526
SP-027,FX-AUDSEK-3M,6.98542623
SP-027,FX-AUDNOK-1D,7.03370725
SP-027,FX-AUDNOK-1M,7.03581900
SP-027,FX-AUDNOK-3M,7.03944599
SP-027,FX-AUDDKK-1D,4.56288409
SP-027,FX-AUDDKK-1M,4.56824976
SP-027,FX-AUDDKK-3M,4.57775709
SP-027,FX-AUDPLN-1D,2.63137925
SP-027,FX-AUDPLN-1M,2.62889394
SP-027,FX-AUDPLN-3M,2.62403838
SP-027,FX-AUDCZK-1D,15.31456982
SP-027,FX-AUDCZK-1M,15.30778291
SP-027,FX-AUDCZK-3M,15.29375721
SP-027,FX-AUDHUF-1D,234.10974433
SP-027,FX-AUDHUF-1M,233.59759042
SP-027,FX-AUDHUF-3M,232.61556531
SP-027,FX-AUDSGD-1D,0.89522962
SP-027,FX-AUDSGD-1M,0.89607893
SP-027,FX-AUDSGD-3M,0.89758550
SP-027,FX-AUDHKD-1D,5.26669131
SP-027,FX-AUDHKD-1M,5.26798234
SP-027,FX-AUDHKD-3M,5.26972725
SP-027,FX-AUDKRW-1D,888.30355318
SP-027,FX-AUDKRW-1M,889.19165091
SP-027,FX-AUDKRW-3M,890.65541175
SP-027,FX-AUDCNY-1D,4.80775338
SP-027,FX-AUDCNY-1M,4.81675715
SP-027,FX-AUDCNY-3M,4.83305222
SP-027,FX-AUDINR-1D,54.71694890
SP-027,FX-AUDINR-1M,54.60523992
SP-027,FX-AUDINR-3M,54.38832613
SP-027,FX-AUDBRL-1D,3.26595573
SP-027,FX-AUDBRL-1M,3.24778793
SP-027,FX-AUDBRL-3M,3.21211685
SP-027,FX-NZDSEK-1D,6.43940185
SP-027,FX-NZDSEK-1M,6.45328137
SP-027,FX-NZDSEK-3M,6.47889105
SP-027,FX-NZDNOK-1D,6.50826130
SP-027,FX-NZDNOK-1M,6.51553405
SP-027,FX-NZDNOK-3M,6.52899367
SP-027,FX-NZDDKK-1D,4.22201848
SP-027,FX-NZDDKK-1M,4.23043669
SP-027,FX-NZDDKK-3M,4.24580956
SP-027,FX-NZDPLN-1D,2.43480474
SP-027,FX-NZDPLN-1M,2.43449241
SP-027,FX-NZDPLN-3M,2.43376112
SP-027,FX-NZDCZK-1D,14.17051045
SP-027,FX-NZDCZK-1M,14.17580252
SP-027,FX-NZDCZK-3M,14.18475886
SP-027,FX-NZDHUF-1D,216.62081399
SP-027,FX-NZDHUF-1M,216.32350877
SP-027,FX-NZDHUF-3M,215.74788049
SP-027,FX-NZDSGD-1D,0.82835240
SP-027,FX-NZDSGD-1M,0.82981566
SP-027,FX-NZDSGD-3M,0.83249876
SP-027,FX-NZDHKD-1D,4.87324849
SP-027,FX-NZDHKD-1M,4.87842542
SP-027,FX-NZDHKD-3M,4.88760278
SP-027,FX-NZDKRW-1D,821.94373973
SP-027,FX-NZDKRW-1M,823.43767993
SP-027,FX-NZDKRW-3M,826.07119207
SP-027,FX-NZDCNY-1D,4.44859506
SP-027,FX-NZDCNY-1M,4.46056745
SP-027,FX-NZDCNY-3M,4.48259243
SP-027,FX-NZDINR-1D,50.62937489
SP-027,FX-NZDINR-1M,50.56729000
SP-027,FX-NZDINR-3M,50.44445788
SP-027,FX-NZDBRL-1D,3.02197583
SP-027,FX-NZDBRL-1M,3.00762041
SP-027,FX-NZDBRL-3M,2.97919617
SP-027,FX-SEKNOK-1D,1.01069345
SP-027,FX-SEKNOK-1M,1.00964667
SP-027,FX-SEKNOK-3M,1.00773321
SP-027,FX-SEKDKK-1D,0.65565383
SP-027,FX-SEKDKK-1M,0.65554815
SP-027,FX-SEKDKK-3M,0.65532967
SP-027,FX-SEKPLN-1D,0.37811039
SP-027,FX-SEKPLN-1M,0.37724876
SP-027,FX-SEKPLN-3M,0.37564471
SP-027,FX-SEKCZK-1D,2.20059421
SP-027,FX-SEKCZK-1M,2.19668130
SP-027,FX-SEKCZK-3M,2.18938068
SP-027,FX-SEKHUF-1D,33.63989683
SP-027,FX-SEKHUF-1M,33.52147479
SP-027,FX-SEKHUF-3M,33.30012482
SP-027,FX-SEKSGD-1D,0.12863810
SP-027,FX-SEKSGD-1M,0.12858817
SP-027,FX-SEKSGD-3M,0.12849402
SP-027,FX-SEKHKD-1D,0.75678589
SP-027,FX-SEKHKD-1M,0.75596044
SP-027,FX-SEKHKD-3M,0.75438879
SP-027,FX-SEKKRW-1D,127.64287096
SP-027,FX-SEKKRW-1M,127.59984147
SP-027,FX-SEKKRW-3M,127.50194227
SP-027,FX-SEKCNY-1D,0.69083980
SP-027,FX-SEKCNY-1M,0.69120920
SP-027,FX-SEKCNY-3M,0.69187650
SP-027,FX-SEKINR-1D,7.86243444
SP-027,FX-SEKINR-1M,7.83590349
SP-027,FX-SEKINR-3M,7.78597101
SP-027,FX-SEKBRL-1D,0.46929449
SP-027,FX-SEKBRL-1M,0.46606063
SP-027,FX-SEKBRL-3M,0.45983119
SP-027,FX-NOKDKK-1D,0.64871680
SP-027,FX-NOKDKK-1M,0.64928472
SP-027,FX-NOKDKK-3M,0.65030076
SP-027,FX-NOKPLN-1D,0.37410986
SP-027,FX-NOKPLN-1M,0.37364434
SP-027,FX-NOKPLN-3M,0.37276206
SP-027,FX-NOKCZK-1D,2.17731123
SP-027,FX-NOKCZK-1M,2.17569311
SP-027,FX-NOKCZK-3M,2.17257966
SP-027,FX-NOKHUF-1D,33.28397614
SP-027,FX-NOKHUF-1M,33.20119382
SP-027,FX-NOKHUF-3M,33.04458412
SP-027,FX-NOKSGD-1D,0.12727707
SP-027,FX-NOKSGD-1M,0.12735958
SP-027,FX-NOKSGD-3M,0.12750797
SP-027,FX-NOKHKD-1D,0.74877886
SP-027,FX-NOKHKD-1M,0.74873761
SP-027,FX-NOKHKD-3M,0.74859971
SP-027,FX-NOKKRW-1D,126.29236923
SP-027,FX-NOKKRW-1M,126.38068864
SP-027,FX-NOKKRW-3M,126.52350944
SP-027,FX-NOKCNY-1D,0.68353049
SP-027,FX-NOKCNY-1M,0.68460504
SP-027,FX-NOKCNY-3M,0.68656713
SP-027,FX-NOKINR-1D,7.77924741
SP-027,FX-NOKINR-1M,7.76103534
SP-027,FX-NOKINR-3M,7.72622251
SP-027,FX-NOKBRL-1D,0.46432921
SP-027,FX-NOKBRL-1M,0.46160766
SP-027,FX-NOKBRL-3M,0.45630251
SP-027,FX-DKKPLN-1D,0.57669211
SP-027,FX-DKKPLN-1M,0.57547071
SP-027,FX-DKKPLN-3M,0.57321486
SP-027,FX-DKKCZK-1D,3.35633549
SP-027,FX-DKKCZK-1M,3.35090762
SP-027,FX-DKKCZK-3M,3.34088439
SP-027,FX-DKKHUF-1D,51.30740550
SP-027,FX-DKKHUF-1M,51.13503043
SP-027,FX-DKKHUF-3M,50.81430940
SP-027,FX-DKKSGD-1D,0.19619820
SP-027,FX-DKKSGD-1M,0.19615367
SP-027,FX-DKKSGD-3M,0.19607539
SP-027,FX-DKKHKD-1D,1.15424613
SP-027,FX-DKKHKD-1M,1.15317301
SP-027,FX-DKKHKD-3M,1.15115921
SP-027,FX-DKKKRW-1D,194.68028016
SP-027,FX-DKKKRW-1M,194.64602372
SP-027,FX-DKKKRW-3M,194.56152731
SP-027,FX-DKKCNY-1D,1.05366546
SP-027,FX-DKKCNY-1M,1.05439882
SP-027,FX-DKKCNY-3M,1.05576860
SP-027,FX-DKKINR-1D,11.99174641
SP-027,FX-DKKINR-1M,11.95320808
SP-027,FX-DKKINR-3M,11.88099871
SP-027,FX-DKKBRL-1D,0.71576566
SP-027,FX-DKKBRL-1M,0.71094798
SP-027,FX-DKKBRL-3M,0.70167918
SP-027,FX-PLNCZK-1D,5.81997818
SP-027,FX-PLNCZK-1M,5.82289864
SP-027,FX-PLNCZK-3M,5.82832833
SP-027,FX-PLNHUF-1D,88.96845425
SP-027,FX-PLNHUF-1M,88.85774631
SP-027,FX-PLNHUF-3M,88.64792804
SP-027,FX-PLNSGD-1D,0.34021307
SP-027,FX-PLNSGD-1M,0.34085777
SP-027,FX-PLNSGD-3M,0.34206264
SP-027,FX-PLNHKD-1D,2.00149458
SP-027,FX-PLNHKD-1M,2.00387785
SP-027,FX-PLNHKD-3M,2.00825083
SP-027,FX-PLNKRW-1D,337.58096766
SP-027,FX-PLNKRW-1M,338.23793301
SP-027,FX-PLNKRW-3M,339.42164078
SP-027,FX-PLNCNY-1D,1.82708493
SP-027,FX-PLNCNY-1M,1.83223716
SP-027,FX-PLNCNY-3M,1.84183747
SP-027,FX-PLNINR-1D,20.79401854
SP-027,FX-PLNINR-1M,20.77118410
SP-027,FX-PLNINR-3M,20.72695529
SP-027,FX-PLNBRL-1D,1.24115736
SP-027,FX-PLNBRL-1M,1.23541992
SP-027,FX-PLNBRL-3M,1.22411199
SP-027,FX-CZKHUF-1D,15.28673330
SP-027,FX-CZKHUF-1M,15.26005378
SP-027,FX-CZKHUF-3M,15.20983773
SP-027,FX-CZKSGD-1D,0.05845607
SP-027,FX-CZKSGD-1M,0.05853747
SP-027,FX-CZKSGD-3M,0.05868967
SP-027,FX-CZKHKD-1D,0.34390070
SP-027,FX-CZKHKD-1M,0.34413751
SP-027,FX-CZKHKD-3M,0.34456721
SP-027,FX-CZKKRW-1D,58.00382014
SP-027,FX-CZKKRW-1M,58.08755299
SP-027,FX-CZKKRW-3M,58.23653402
SP-027,FX-CZKCNY-1D,0.31393330
SP-027,FX-CZKCNY-1M,0.31466066
SP-027,FX-CZKCNY-3M,0.31601471
SP-027,FX-CZKINR-1D,3.57286881
SP-027,FX-CZKINR-1M,3.56715536
SP-027,FX-CZKINR-3M,3.55624360
SP-027,FX-CZKBRL-1D,0.21325808
SP-027,FX-CZKBRL-1M,0.21216579
SP-027,FX-CZKBRL-3M,0.21002797
SP-027,FX-HUFSGD-1D,0.00382397
SP-027,FX-HUFSGD-1M,0.00383599
SP-027,FX-HUFSGD-3M,0.00385866
SP-027,FX-HUFHKD-1D,0.02249668
SP-027,FX-HUFHKD-1M,0.02255153
SP-027,FX-HUFHKD-3M,0.02265423
SP-027,FX-HUFKRW-1D,3.79438949
SP-027,FX-HUFKRW-1M,3.80651037
SP-027,FX-HUFKRW-3M,3.82887280
SP-027,FX-HUFCNY-1D,0.02053632
SP-027,FX-HUFCNY-1M,0.02061989
SP-027,FX-HUFCNY-3M,0.02077699
SP-027,FX-HUFINR-1D,0.23372350
SP-027,FX-HUFINR-1M,0.23375772
SP-027,FX-HUFINR-3M,0.23381207
SP-027,FX-HUFBRL-1D,0.01395053
SP-027,FX-HUFBRL-1M,0.01390335
SP-027,FX-HUFBRL-3M,0.01380869
SP-027,FX-SGDHKD-1D,5.88306193
SP-027,FX-SGDHKD-1M,5.87892667
SP-027,FX-SGDHKD-3M,5.87100308
SP-027,FX-SGDKRW-1D,992.26335934
SP-027,FX-SGDKRW-1M,992.31397796
SP-027,FX-SGDKRW-3M,992.27918699
SP-027,FX-SGDCNY-1D,5.37041365
SP-027,FX-SGDCNY-1M,5.37537149
SP-027,FX-SGDCNY-3M,5.38450344
SP-027,FX-SGDINR-1D,61.12057453
SP-027,FX-SGDINR-1M,60.93797978
SP-027,FX-SGDINR-3M,60.59403370
SP-027,FX-SGDBRL-1D,3.64817656
SP-027,FX-SGDBRL-1M,3.62444401
SP-027,FX-SGDBRL-3M,3.57861935
SP-027,FX-HKDKRW-1D,168.66444236
SP-027,FX-HKDKRW-1M,168.79169170
SP-027,FX-HKDKRW-3M,169.01356945
SP-027,FX-HKDCNY-1D,0.91286029
SP-027,FX-HKDCNY-1M,0.91434573
SP-027,FX-HKDCNY-3M,0.91713517
SP-027,FX-HKDINR-1D,10.38924548
SP-027,FX-HKDINR-1M,10.36549411
SP-027,FX-HKDINR-3M,10.32089966
SP-027,FX-HKDBRL-1D,0.62011527
SP-027,FX-HKDBRL-1M,0.61651458
SP-027,FX-HKDBRL-3M,0.60954139
SP-027,FX-KRWCNY-1D,0.00541229
SP-027,FX-KRWCNY-1M,0.00541701
SP-027,FX-KRWCNY-3M,0.00542640
SP-027,FX-KRWINR-1D,0.06159713
SP-027,FX-KRWINR-1M,0.06140998
SP-027,FX-KRWINR-3M,0.06106551
SP-027,FX-KRWBRL-1D,0.00367662
SP-027,FX-KRWBRL-1M,0.00365252
SP-027,FX-KRWBRL-3M,0.00360646
SP-027,FX-CNYINR-1D,11.38098079
SP-027,FX-CNYINR-1M,11.33651505
SP-027,FX-CNYINR-3M,11.25341165
SP-027,FX-CNYBRL-1D,0.67931016
SP-027,FX-CNYBRL-1M,0.67426856
SP-027,FX-CNYBRL-3M,0.66461455
SP-027,FX-INRBRL-1D,0.05968819
SP-027,FX-INRBRL-1M,0.05947759
SP-027,FX-INRBRL-3M,0.05905894
SP-027,OPTION-EQA-030D-K050,46.25280000
SP-027,OPTION-EQA-030D-K060,37.00224000
SP-027,OPTION-EQA-030D-K070,27.75168000
SP-027,OPTION-EQA-030D-K080,18.50112697
SP-027,OPTION-EQA-030D-K090,9.28537010
SP-027,OPTION-EQA-030D-K100,1.91164741
SP-027,OPTION-EQA-030D-K110,0.06526226
SP-027,OPTION-EQA-030D-K120,0.00029511
SP-027,OPTION-EQA-030D-K130,0.00000023
SP-027,OPTION-EQA-030D-K140,0.00000000
SP-027,OPTION-EQA-030D-K150,0.00000000
SP-027,OPTION-EQA-090D-K050,46.25280000
SP-027,OPTION-EQA-090D-K060,37.00224001
SP-027,OPTION-EQA-090D-K070,27.75173666
SP-027,OPTION-EQA-090D-K080,18.51699623
SP-027,OPTION-EQA-090D-K090,9.72286763
SP-027,OPTION-EQA-090D-K100,3.33049512
SP-027,OPTION-EQA-090D-K110,0.65755722
SP-027,OPTION-EQA-090D-K120,0.07492135
SP-027,OPTION-EQA-090D-K130,0.00527673
SP-027,OPTION-EQA-090D-K140,0.00025018
SP-027,OPTION-EQA-090D-K150,0.00000866
SP-027,OPTION-EQA-180D-K050,46.25280004
SP-027,OPTION-EQA-180D-K060,37.00230671
SP-027,OPTION-EQA-180D-K070,27.75960748
SP-027,OPTION-EQA-180D-K080,18.67702490
SP-027,OPTION-EQA-180D-K090,10.55679394
SP-027,OPTION-EQA-180D-K100,4.74546837
SP-027,OPTION-EQA-180D-K110,1.66695253
SP-027,OPTION-EQA-180D-K120,0.46518566
SP-027,OPTION-EQA-180D-K130,0.10643143
SP-027,OPTION-EQA-180D-K140,0.02067141
SP-027,OPTION-EQA-180D-K150,0.00352018
SP-027,OPTION-EQA-360D-K050,46.25300972
SP-027,OPTION-EQA-360D-K060,37.01254920
SP-027,OPTION-EQA-360D-K070,27.89084349
SP-027,OPTION-EQA-360D-K080,19.32580179
SP-027,OPTION-EQA-360D-K090,12.08966869
SP-027,OPTION-EQA-360D-K100,6.78950119
SP-027,OPTION-EQA-360D-K110,3.44167546
SP-027,OPTION-EQA-360D-K120,1.59480569
SP-027,OPTION-EQA-360D-K130,0.68533632
SP-027,OPTION-EQA-360D-K140,0.27700787
SP-027,OPTION-EQA-360D-K150,0.10664808
SP-027,OPTION-EQA-720D-K050,46.27521109
SP-027,OPTION-EQA-720D-K060,37.18979180
SP-027,OPTION-EQA-720D-K070,28.57939082
SP-027,OPTION-EQA-720D-K080,20.91808138
SP-027,OPTION-EQA-720D-K090,14.59604408
SP-027,OPTION-EQA-720D-K100,9.75369028
SP-027,OPTION-EQA-720D-K110,6.27940917
SP-027,OPTION-EQA-720D-K120,3.92142088
SP-027,OPTION-EQA-720D-K130,2.39001296
SP-027,OPTION-EQA-720D-K140,1.42943524
SP-027,OPTION-EQA-720D-K150,0.84286506
SP-027,OPTION-EQB-030D-K050,47.82960000
SP-027,OPTION-EQB-030D-K060,38.26368000
SP-027,OPTION-EQB-030D-K070,28.69776000
SP-027,OPTION-EQB-030D-K080,19.13186179
SP-027,OPTION-EQB-030D-K090,9.61646014
SP-027,OPTION-EQB-030D-K100,2.08618696
SP-027,OPTION-EQB-030D-K110,0.09066962
SP-027,OPTION-EQB-030D-K120,0.00065966
SP-027,OPTION-EQB-030D-K130,0.00000101
SP-027,OPTION-EQB-030D-K140,0.00000000
SP-027,OPTION-EQB-030D-K150,0.00000000
SP-027,OPTION-EQB-090D-K050,47.82960000
SP-027,OPTION-EQB-090D-K060,38.26368004
SP-027,OPTION-EQB-090D-K070,28.69791157
SP-027,OPTION-EQB-090D-K080,19.15748609
SP-027,OPTION-EQB-090D-K090,10.14831846
SP-027,OPTION-EQB-090D-K100,3.63333211
SP-027,OPTION-EQB-090D-K110,0.79720366
SP-027,OPTION-EQB-090D-K120,0.10784299
SP-027,OPTION-EQB-090D-K130,0.00955730
SP-027,OPTION-EQB-090D-K140,0.00059766
SP-027,OPTION-EQB-090D-K150,0.00002829
SP-027,OPTION-EQB-180D-K050,47.82960021
SP-027,OPTION-EQB-180D-K060,38.26385942
SP-027,OPTION-EQB-180D-K070,28.71166299
SP-027,OPTION-EQB-180D-K080,19.37078545
SP-027,OPTION-EQB-180D-K090,11.10111796
SP-027,OPTION-EQB-180D-K100,5.17465598
SP-027,OPTION-EQB-180D-K110,1.94015373
SP-027,OPTION-EQB-180D-K120,0.59474873
SP-027,OPTION-EQB-180D-K130,0.15329726
SP-027,OPTION-EQB-180D-K140,0.03424874
SP-027,OPTION-EQB-180D-K150,0.00682138
SP-027,OPTION-EQB-360D-K050,47.83011549
SP-027,OPTION-EQB-360D-K060,38.28168667
SP-027,OPTION-EQB-360D-K070,28.89426408
SP-027,OPTION-EQB-360D-K080,20.15225798
SP-027,OPTION-EQB-360D-K090,12.80818297
SP-027,OPTION-EQB-360D-K100,7.39827144
SP-027,OPTION-EQB-360D-K110,3.90765785
SP-027,OPTION-EQB-360D-K120,1.90956497
SP-027,OPTION-EQB-360D-K130,0.87443007
SP-027,OPTION-EQB-360D-K140,0.37988073
SP-027,OPTION-EQB-360D-K150,0.15829246
SP-027,OPTION-EQB-720D-K050,47.86678852
SP-027,OPTION-EQB-720D-K060,38.52686510
SP-027,OPTION-EQB-720D-K070,29.74046430
SP-027,OPTION-EQB-720D-K080,21.96984921
SP-027,OPTION-EQB-720D-K090,15.56093511
SP-027,OPTION-EQB-720D-K100,10.61725471
SP-027,OPTION-EQB-720D-K110,7.01735876
SP-027,OPTION-EQB-720D-K120,4.52034330
SP-027,OPTION-EQB-720D-K130,2.85319089
SP-027,OPTION-EQB-720D-K140,1.77300362
SP-027,OPTION-EQB-720D-K150,1.08905083
SP-027,OPTION-EQC-030D-K050,49.40640000
SP-027,OPTION-EQC-030D-K060,39.52512000
SP-027,OPTION-EQC-030D-K070,29.64384000
SP-027,OPTION-EQC-030D-K080,19.76261863
SP-027,OPTION-EQC-030D-K090,9.95175785
SP-027,OPTION-EQC-030D-K100,2.26793328
SP-027,OPTION-EQC-030D-K110,0.12173062
SP-027,OPTION-EQC-030D-K120,0.00133292
SP-027,OPTION-EQC-030D-K130,0.00000364
SP-027,OPTION-EQC-030D-K140,0.00000000
SP-027,OPTION-EQC-030D-K150,0.00000000
SP-027,OPTION-EQC-090D-K050,49.40640000
SP-027,OPTION-EQC-090D-K060,39.52512020
SP-027,OPTION-EQC-090D-K070,29.64419713
SP-027,OPTION-EQC-090D-K080,19.80177088
SP-027,OPTION-EQC-090D-K090,10.58639487
SP-027,OPTION-EQC-090D-K100,3.94862714
SP-027,OPTION-EQC-090D-K110,0.95104472
SP-027,OPTION-EQC-090D-K120,0.14931252
SP-027,OPTION-EQC-090D-K130,0.01612874
SP-027,OPTION-EQC-090D-K140,0.00127944
SP-027,OPTION-EQC-090D-K150,0.00007926
SP-027,OPTION-EQC-180D-K050,49.40640093
SP-027,OPTION-EQC-180D-K060,39.52554486
SP-027,OPTION-EQC-180D-K070,29.66665940
SP-027,OPTION-EQC-180D-K080,20.07723315
SP-027,OPTION-EQC-180D-K090,11.66363508
SP-027,OPTION-EQC-180D-K100,5.62140926
SP-027,OPTION-EQC-180D-K110,2.23333804
SP-027,OPTION-EQC-180D-K120,0.74320265
SP-027,OPTION-EQC-180D-K130,0.21241162
SP-027,OPTION-EQC-180D-K140,0.05355316
SP-027,OPTION-EQC-180D-K150,0.01220734
SP-027,OPTION-EQC-360D-K050,49.40753088
SP-027,OPTION-EQC-360D-K060,39.55458553
SP-027,OPTION-EQC-360D-K070,29.91150336
SP-027,OPTION-EQC-360D-K080,21.00190712
SP-027,OPTION-EQC-360D-K090,13.55157799
SP-027,OPTION-EQC-360D-K100,8.03173144
SP-027,OPTION-EQC-360D-K110,4.40091236
SP-027,OPTION-EQC-360D-K120,2.25369067
SP-027,OPTION-EQC-360D-K130,1.09093394
SP-027,OPTION-EQC-360D-K140,0.50462024
SP-027,OPTION-EQC-360D-K150,0.22519132
SP-027,OPTION-EQC-720D-K050,49.46465937
SP-027,OPTION-EQC-720D-K060,39.88179432
SP-027,OPTION-EQC-720D-K070,30.93041083
SP-027,OPTION-EQC-720D-K080,23.05514783
SP-027,OPTION-EQC-720D-K090,16.55965839
SP-027,OPTION-EQC-720D-K100,11.51529627
SP-027,OPTION-EQC-720D-K110,7.79249609
SP-027,OPTION-EQC-720D-K120,5.15982945
SP-027,OPTION-EQC-720D-K130,3.35887526
SP-027,OPTION-EQC-720D-K140,2.15845497
SP-027,OPTION-EQC-720D-K150,1.37400366
SP-027,OPTION-EQD-030D-K050,50.98320000
SP-027,OPTION-EQD-030D-K060,40.78656000
SP-027,OPTION-EQD-030D-K070,30.58992000
SP-027,OPTION-EQD-030D-K080,20.39341949
SP-027,OPTION-EQD-030D-K090,10.29166948
SP-027,OPTION-EQD-030D-K100,2.45688569
SP-027,OPTION-EQD-030D-K110,0.15881586
SP-027,OPTION-EQD-030D-K120,0.00247839
SP-027,OPTION-EQD-030D-K130,0.00001115
SP-027,OPTION-EQD-030D-K140,0.00000002
SP-027,OPTION-EQD-030D-K150,0.00000000
SP-027,OPTION-EQD-090D-K050,50.98320000
SP-027,OPTION-EQD-090D-K060,40.78656081
SP-027,OPTION-EQD-090D-K070,30.59067811
SP-027,OPTION-EQD-090D-K080,20.45055444
SP-027,OPTION-EQD-090D-K090,11.03711888
SP-027,OPTION-EQD-090D-K100,4.27637674
SP-027,OPTION-EQD-090D-K110,1.11903655
SP-027,OPTION-EQD-090D-K120,0.20011876
SP-027,OPTION-EQD-090D-K130,0.02567083
SP-027,OPTION-EQD-090D-K140,0.00250211
SP-027,OPTION-EQD-090D-K150,0.00019561
SP-027,OPTION-EQD-180D-K050,50.98320332
SP-027,OPTION-EQD-180D-K060,40.78746608
SP-027,OPTION-EQD-180D-K070,30.62537331
SP-027,OPTION-EQD-180D-K080,20.79702919
SP-027,OPTION-EQD-180D-K090,12.24419392
SP-027,OPTION-EQD-180D-K100,6.08571840
SP-027,OPTION-EQD-180D-K110,2.54633345
SP-027,OPTION-EQD-180D-K120,0.91089163
SP-027,OPTION-EQD-180D-K130,0.28493281
SP-027,OPTION-EQD-180D-K140,0.07980431
SP-027,OPTION-EQD-180D-K150,0.02045236
SP-027,OPTION-EQD-360D-K050,50.98545919
SP-027,OPTION-EQD-360D-K060,40.83223557
SP-027,OPTION-EQD-360D-K070,30.94367179
SP-027,OPTION-EQD-360D-K080,21.87484733
SP-027,OPTION-EQD-360D-K090,14.31965516
SP-027,OPTION-EQD-360D-K100,8.68985340
SP-027,OPTION-EQD-360D-K110,4.92124183
SP-027,OPTION-EQD-360D-K120,2.62703266
SP-027,OPTION-EQD-360D-K130,1.33535807
SP-027,OPTION-EQD-360D-K140,0.65257798
SP-027,OPTION-EQD-360D-K150,0.30918844
SP-027,OPTION-EQD-720D-K050,51.07019617
SP-027,OPTION-EQD-720D-K060,41.25597752
SP-027,OPTION-EQD-720D-K070,32.14959690
SP-027,OPTION-EQD-720D-K080,24.17368773
SP-027,OPTION-EQD-720D-K090,17.59199816
SP-027,OPTION-EQD-720D-K100,12.44773620
SP-027,OPTION-EQD-720D-K110,8.60460767
SP-027,OPTION-EQD-720D-K120,5.83950439
SP-027,OPTION-EQD-720D-K130,3.90683325
SP-027,OPTION-EQD-720D-K140,2.58608297
SP-027,OPTION-EQD-720D-K150,1.69877508
SP-027,OPTION-EQE-030D-K050,52.56000000
SP-027,OPTION-EQE-030D-K060,42.04800000
SP-027,OPTION-EQE-030D-K070,31.53600001
SP-027,OPTION-EQE-030D-K080,21.02429975
SP-027,OPTION-EQE-030D-K090,10.63655135
SP-027,OPTION-EQE-030D-K100,2.65304352
SP-027,OPTION-EQE-030D-K110,0.20223680
SP-027,OPTION-EQE-030D-K120,0.00429999
SP-027,OPTION-EQE-030D-K130,0.00002987
SP-027,OPTION-EQE-030D-K140,0.00000008
SP-027,OPTION-EQE-030D-K150,0.00000000
SP-027,OPTION-EQE-090D-K050,52.56000000
SP-027,OPTION-EQE-090D-K060,42.04800275
SP-027,OPTION-EQE-090D-K070,31.53747583
SP-027,OPTION-EQE-090D-K080,21.10451555
SP-027,OPTION-EQE-090D-K090,11.50048852
SP-027,OPTION-EQE-090D-K100,4.61657732
SP-027,OPTION-EQE-090D-K110,1.30112441
SP-027,OPTION-EQE-090D-K120,0.26095176
SP-027,OPTION-EQE-090D-K130,0.03890514
SP-027,OPTION-EQE-090D-K140,0.00453819
SP-027,OPTION-EQE-090D-K150,0.00043454
SP-027,OPTION-EQE-180D-K050,52.56001016
SP-027,OPTION-EQE-180D-K060,42.04977153
SP-027,OPTION-EQE-180D-K070,31.58860747
SP-027,OPTION-EQE-180D-K080,21.53071689
SP-027,OPTION-EQE-180D-K090,12.84265596
SP-027,OPTION-EQE-180D-K100,6.56757317
SP-027,OPTION-EQE-180D-K110,2.87898659
SP-027,OPTION-EQE-180D-K120,1.09806648
SP-027,OPTION-EQE-180D-K130,0.37187915
SP-027,OPTION-EQE-180D-K140,0.11421233
SP-027,OPTION-EQE-180D-K150,0.03242767
SP-027,OPTION-EQE-360D-K050,52.56417493
SP-027,OPTION-EQE-360D-K060,42.11566124
SP-027,OPTION-EQE-360D-K070,31.99172699
SP-027,OPTION-EQE-360D-K080,22.77111899
SP-027,OPTION-EQE-360D-K090,15.11224011
SP-027,OPTION-EQE-360D-K100,9.37260833
SP-027,OPTION-EQE-360D-K110,5.46847364
SP-027,OPTION-EQE-360D-K120,3.02943058
SP-027,OPTION-EQE-360D-K130,1.60807579
SP-027,OPTION-EQE-360D-K140,0.82489039
SP-027,OPTION-EQE-360D-K150,0.41196081
SP-027,OPTION-EQE-720D-K050,52.68476993
SP-027,OPTION-EQE-720D-K060,42.65061878
SP-027,OPTION-EQE-720D-K070,33.39826797
SP-027,OPTION-EQE-720D-K080,25.32519226
SP-027,OPTION-EQE-720D-K090,18.65775841
SP-027,OPTION-EQE-720D-K100,13.41449245
SP-027,OPTION-EQE-720D-K110,9.45349800
SP-027,OPTION-EQE-720D-K120,6.55902537
SP-027,OPTION-EQE-720D-K130,4.49681209
SP-027,OPTION-EQE-720D-K140,3.05605136
SP-027,OPTION-EQE-720D-K150,2.06417351
SP-027,OPTION-EQF-030D-K050,54.13680000
SP-027,OPTION-EQF-030D-K060,43.30944000
SP-027,OPTION-EQF-030D-K070,32.48208003
SP-027,OPTION-EQF-030D-K080,21.65531159
SP-027,OPTION-EQF-030D-K090,10.98671252
SP-027,OPTION-EQF-030D-K100,2.85640604
SP-027,OPTION-EQF-030D-K110,0.25225307
SP-027,OPTION-EQF-030D-K120,0.00703888
SP-027,OPTION-EQF-030D-K130,0.00007148
SP-027,OPTION-EQF-030D-K140,0.00000032
SP-027,OPTION-EQF-030D-K150,0.00000000
SP-027,OPTION-EQF-090D-K050,54.13680000
SP-027,OPTION-EQF-090D-K060,43.30944807
SP-027,OPTION-EQF-090D-K070,32.48475193
SP-027,OPTION-EQF-090D-K080,21.76429508
SP-027,OPTION-EQF-090D-K090,11.97648574
SP-027,OPTION-EQF-090D-K100,4.96922511
SP-027,OPTION-EQF-090D-K110,1.49724799
SP-027,OPTION-EQF-090D-K120,0.33240869
SP-027,OPTION-EQF-090D-K130,0.05657313
SP-027,OPTION-EQF-090D-K140,0.00772620
SP-027,OPTION-EQF-090D-K150,0.00088375
SP-027,OPTION-EQF-180D-K050,54.13682734
SP-027,OPTION-EQF-180D-K060,43.31266022
SP-027,OPTION-EQF-180D-K070,32.55716772
SP-027,OPTION-EQF-180D-K080,22.27873923
SP-027,OPTION-EQF-180D-K090,13.45889507
SP-027,OPTION-EQF-180D-K100,7.06696293
SP-027,OPTION-EQF-180D-K110,3.23116068
SP-027,OPTION-EQF-180D-K120,1.30490592
SP-027,OPTION-EQF-180D-K130,0.47413602
SP-027,OPTION-EQF-180D-K140,0.15794958
SP-027,OPTION-EQF-180D-K150,0.04907570
SP-027,OPTION-EQF-360D-K050,54.14402628
SP-027,OPTION-EQF-360D-K060,43.40589238
SP-027,OPTION-EQF-360D-K070,33.05648647
SP-027,OPTION-EQF-360D-K080,23.69072128
SP-027,OPTION-EQF-360D-K090,15.92917839
SP-027,OPTION-EQF-360D-K100,10.07996602
SP-027,OPTION-EQF-360D-K110,6.04245506
SP-027,OPTION-EQF-360D-K120,3.46072091
SP-027,OPTION-EQF-360D-K130,1.90935372
SP-027,OPTION-EQF-360D-K140,1.02250497
SP-027,OPTION-EQF-360D-K150,0.53501244
SP-027,OPTION-EQF-720D-K050,54.30971679
SP-027,OPTION-EQF-720D-K060,44.06674383
SP-027,OPTION-EQF-720D-K070,34.67657639
SP-027,OPTION-EQF-720D-K080,26.50939861
SP-027,OPTION-EQF-720D-K090,19.75675846
SP-027,OPTION-EQF-720D-K100,14.41547968
SP-027,OPTION-EQF-720D-K110,10.33898546
SP-027,OPTION-EQF-720D-K120,7.31807728
SP-027,OPTION-EQF-720D-K130,5.12854937
SP-027,OPTION-EQF-720D-K140,3.56842650
SP-027,OPTION-EQF-720D-K150,2.47080996
SP-027,OPTION-EQG-030D-K050,55.71360000
SP-027,OPTION-EQG-030D-K060,44.57088000
SP-027,OPTION-EQG-030D-K070,33.42816012
SP-027,OPTION-EQG-030D-K080,22.28652662
SP-027,OPTION-EQG-030D-K090,11.34241871
SP-027,OPTION-EQG-030D-K100,3.06697250
SP-027,OPTION-EQG-030D-K110,0.30907974
SP-027,OPTION-EQG-030D-K120,0.01096809
SP-027,OPTION-EQG-030D-K130,0.00015563
SP-027,OPTION-EQG-030D-K140,0.00000104
SP-027,OPTION-EQG-030D-K150,0.00000000
SP-027,OPTION-EQG-090D-K050,55.71360000
SP-027,OPTION-EQG-090D-K060,44.57090100
SP-027,OPTION-EQG-090D-K070,33.43270960
SP-027,OPTION-EQG-090D-K080,22.43048809
SP-027,OPTION-EQG-090D-K090,12.46508203
SP-027,OPTION-EQG-090D-K100,5.33431621
SP-027,OPTION-EQG-090D-K110,1.70734491
SP-027,OPTION-EQG-090D-K120,0.41500212
SP-027,OPTION-EQG-090D-K130,0.07941706
SP-027,OPTION-EQG-090D-K140,0.01246653
SP-027,OPTION-EQG-090D-K150,0.00166802
SP-027,OPTION-EQG-180D-K050,55.71366594
SP-027,OPTION-EQG-180D-K060,44.57638378
SP-027,OPTION-EQG-180D-K070,33.53184415
SP-027,OPTION-EQG-180D-K080,23.04145494
SP-027,OPTION-EQG-180D-K090,14.09279667
SP-027,OPTION-EQG-180D-K100,7.58387659
SP-027,OPTION-EQG-180D-K110,3.60273343
SP-027,OPTION-EQG-180D-K120,1.53153329
SP-027,OPTION-EQG-180D-K130,0.59246669
SP-027,OPTION-EQG-180D-K140,0.21213044
SP-027,OPTION-EQG-180D-K150,0.07138404
SP-027,OPTION-EQG-360D-K050,55.72543270
SP-027,OPTION-EQG-360D-K060,44.70394025
SP-027,OPTION-EQG-360D-K070,34.13864243
SP-027,OPTION-EQG-360D-K080,24.63362430
SP-027,OPTION-EQG-360D-K090,16.77033203
SP-027,OPTION-EQG-360D-K100,10.81189511
SP-027,OPTION-EQG-360D-K110,6.64304959
SP-027,OPTION-EQG-360D-K120,3.92074138
SP-027,OPTION-EQG-360D-K130,2.23937560
SP-027,OPTION-EQG-360D-K140,1.24620594
SP-027,OPTION-EQG-360D-K150,0.67967736
SP-027,OPTION-EQG-720D-K050,55.94631323
SP-027,OPTION-EQG-720D-K060,45.50521842
SP-027,OPTION-EQG-720D-K070,35.98460310
SP-027,OPTION-EQG-720D-K080,27.72605760
SP-027,OPTION-EQG-720D-K090,20.88882955
SP-027,OPTION-EQG-720D-K100,15.45060933
SP-027,OPTION-EQG-720D-K110,11.26089901
SP-027,OPTION-EQG-720D-K120,8.11636859
SP-027,OPTION-EQG-720D-K130,5.80177967
SP-027,OPTION-EQG-720D-K140,4.12320188
SP-027,OPTION-EQG-720D-K150,2.91913600
SP-027,OPTION-EQH-030D-K050,57.29040000
SP-027,OPTION-EQH-030D-K060,45.83232000
SP-027,OPTION-EQH-030D-K070,34.37424041
SP-027,OPTION-EQH-030D-K080,22.91803757
SP-027,OPTION-EQH-030D-K090,11.70389695
SP-027,OPTION-EQH-030D-K100,3.28474211
SP-027,OPTION-EQH-030D-K110,0.37289407
SP-027,OPTION-EQH-030D-K120,0.01638595
SP-027,OPTION-EQH-030D-K130,0.00031267
SP-027,OPTION-EQH-030D-K140,0.00000301
SP-027,OPTION-EQH-030D-K150,0.00000002
SP-027,OPTION-EQH-090D-K050,57.29040002
SP-027,OPTION-EQH-090D-K060,45.83236937
SP-027,OPTION-EQH-090D-K070,34.38159228
SP-027,OPTION-EQH-090D-K080,23.10363991
SP-027,OPTION-EQH-090D-K090,12.96624241
SP-027,OPTION-EQH-090D-K100,5.71184653
SP-027,OPTION-EQH-090D-K110,1.93135290
SP-027,OPTION-EQH-090D-K120,0.50916917
SP-027,OPTION-EQH-090D-K130,0.10816459
SP-027,OPTION-EQH-090D-K140,0.01921403
SP-027,OPTION-EQH-090D-K150,0.00295429
SP-027,OPTION-EQH-180D-K050,57.29054500
SP-027,OPTION-EQH-180D-K060,45.84124529
SP-027,OPTION-EQH-180D-K070,34.51339698
SP-027,OPTION-EQH-180D-K080,23.81915268
SP-027,OPTION-EQH-180D-K090,14.74425670
SP-027,OPTION-EQH-180D-K100,8.11830264
SP-027,OPTION-EQH-180D-K110,3.99359523
SP-027,OPTION-EQH-180D-K120,1.77802954
SP-027,OPTION-EQH-180D-K130,0.72752462
SP-027,OPTION-EQH-180D-K140,0.27779827
SP-027,OPTION-EQH-180D-K150,0.10036114
SP-027,OPTION-EQH-360D-K050,57.30887862
SP-027,OPTION-EQH-360D-K060,46.01077928
SP-027,OPTION-EQH-360D-K070,35.23877689
SP-027,OPTION-EQH-360D-K080,25.59977777
SP-027,OPTION-EQH-360D-K090,17.63557664
SP-027,OPTION-EQH-360D-K100,11.56836301
SP-027,OPTION-EQH-360D-K110,7.27013401
SP-027,OPTION-EQH-360D-K120,4.40933362
SP-027,OPTION-EQH-360D-K130,2.59826095
SP-027,OPTION-EQH-360D-K140,1.49663808
SP-027,OPTION-EQH-360D-K150,0.84712841
SP-027,OPTION-EQH-720D-K050,57.59575930
SP-027,OPTION-EQH-720D-K060,46.96676710
SP-027,OPTION-EQH-720D-K070,37.32237431
SP-027,OPTION-EQH-720D-K080,28.97493295
SP-027,OPTION-EQH-720D-K090,22.05381222
SP-027,OPTION-EQH-720D-K100,16.51978956
SP-027,OPTION-EQH-720D-K110,12.21907568
SP-027,OPTION-EQH-720D-K120,8.95362768
SP-027,OPTION-EQH-720D-K130,6.51623869
SP-027,OPTION-EQH-720D-K140,4.72031659
SP-027,OPTION-EQH-720D-K150,3.40947476
SP-027,OPTION-EQI-030D-K050,58.86720000
SP-027,OPTION-EQI-030D-K060,47.09376000
SP-027,OPTION-EQI-030D-K070,35.32032119
SP-027,OPTION-EQI-030D-K080,23.54995878
SP-027,OPTION-EQI-030D-K090,12.07134017
SP-027,OPTION-EQI-030D-K100,3.50971406
SP-027,OPTION-EQI-030D-K110,0.44384152
SP-027,OPTION-EQI-030D-K120,0.02360909
SP-027,OPTION-EQI-030D-K130,0.00058642
SP-027,OPTION-EQI-030D-K140,0.00000780
SP-027,OPTION-EQI-030D-K150,0.00000006
SP-027,OPTION-EQI-090D-K050,58.86720008
SP-027,OPTION-EQI-090D-K060,47.09386646
SP-027,OPTION-EQI-090D-K070,35.33168025
SP-027,OPTION-EQI-090D-K080,23.78424512
SP-027,OPTION-EQI-090D-K090,13.47992815
SP-027,OPTION-EQI-090D-K100,6.10181188
SP-027,OPTION-EQI-090D-K110,2.16921125
SP-027,OPTION-EQI-090D-K120,0.61528074
SP-027,OPTION-EQI-090D-K130,0.14351704
SP-027,OPTION-EQI-090D-K140,0.02846853
SP-027,OPTION-EQI-090D-K150,0.00495456
SP-027,OPTION-EQI-180D-K050,58.86749464
SP-027,OPTION-EQI-180D-K060,47.10759548
SP-027,OPTION-EQI-180D-K070,35.50254669
SP-027,OPTION-EQI-180D-K080,24.61206317
SP-027,OPTION-EQI-180D-K090,15.41318054
SP-027,OPTION-EQI-180D-K100,8.67022913
SP-027,OPTION-EQI-180D-K110,4.40364744
SP-027,OPTION-EQI-180D-K120,2.04444331
SP-027,OPTION-EQI-180D-K130,0.87986627
SP-027,OPTION-EQI-180D-K140,0.35591814
SP-027,OPTION-EQI-180D-K150,0.13701523
SP-027,OPTION-EQI-360D-K050,58.89490428
SP-027,OPTION-EQI-360D-K060,47.32733420
SP-027,OPTION-EQI-360D-K070,36.35737625
SP-027,OPTION-EQI-360D-K080,26.58911749
SP-027,OPTION-EQI-360D-K090,18.52479909
SP-027,OPTION-EQI-360D-K100,12.34933597
SP-027,OPTION-EQI-360D-K110,7.92359593
SP-027,OPTION-EQI-360D-K120,4.92634463
SP-027,OPTION-EQI-360D-K130,2.98607973
SP-027,OPTION-EQI-360D-K140,1.77432808
SP-027,OPTION-EQI-360D-K150,1.03838933
SP-027,OPTION-EQI-720D-K050,59.25916833
SP-027,OPTION-EQI-720D-K060,48.45199127
SP-027,OPTION-EQI-720D-K070,38.68987434
SP-027,OPTION-EQI-720D-K080,30.25580016
SP-027,OPTION-EQI-720D-K090,23.25155411
SP-027,OPTION-EQI-720D-K100,17.62292534
SP-027,OPTION-EQI-720D-K110,13.21335861
SP-027,OPTION-EQI-720D-K120,9.82959974
SP-027,OPTION-EQI-720D-K130,7.27166568
SP-027,OPTION-EQI-720D-K140,5.35966920
SP-027,OPTION-EQI-720D-K150,3.94204610
SP-027,OPTION-EQJ-030D-K050,60.44400000
SP-027,OPTION-EQJ-030D-K060,48.35520000
SP-027,OPTION-EQJ-030D-K070,36.26640313
SP-027,OPTION-EQJ-030D-K080,24.18242558
SP-027,OPTION-EQJ-030D-K090,12.44491167
SP-027,OPTION-EQJ-030D-K100,3.74188752
SP-027,OPTION-EQJ-030D-K110,0.52204101
SP-027,OPTION-EQJ-030D-K120,0.03296554
SP-027,OPTION-EQJ-030D-K130,0.00103657
SP-027,OPTION-EQJ-030D-K140,0.00001837
SP-027,OPTION-EQJ-030D-K150,0.00000021
SP-027,OPTION-EQJ-090D-K050,60.44400025
SP-027,OPTION-EQJ-090D-K060,48.35541306
SP-027,OPTION-EQJ-090D-K070,36.28328575
SP-027,OPTION-EQJ-090D-K080,24.47274863
SP-027,OPTION-EQJ-090D-K090,14.00609868
SP-027,OPTION-EQJ-090D-K100,6.50420787
SP-027,OPTION-EQJ-090D-K110,2.42086162
SP-027,OPTION-EQJ-090D-K120,0.73365023
SP-027,OPTION-EQJ-090D-K130,0.18614116
SP-027,OPTION-EQJ-090D-K140,0.04076436
SP-027,OPTION-EQJ-090D-K150,0.00792666
SP-027,OPTION-EQJ-180D-K050,60.44455938
SP-027,OPTION-EQJ-180D-K060,48.37582685
SP-027,OPTION-EQJ-180D-K070,36.49996772
SP-027,OPTION-EQJ-180D-K080,25.42036948
SP-027,OPTION-EQJ-180D-K090,16.09948197
SP-027,OPTION-EQJ-180D-K100,9.23964372
SP-027,OPTION-EQJ-180D-K110,4.83280092
SP-027,OPTION-EQJ-180D-K120,2.33079867
SP-027,OPTION-EQJ-180D-K130,1.04996329
SP-027,OPTION-EQJ-180D-K140,0.44737404
SP-027,OPTION-EQJ-180D-K150,0.18233701
SP-027,OPTION-EQJ-360D-K050,60.48409477
SP-027,OPTION-EQJ-360D-K060,48.65447161
SP-027,OPTION-EQJ-360D-K070,37.49484465
SP-027,OPTION-EQJ-360D-K080,27.60156991
SP-027,OPTION-EQJ-360D-K090,19.43789557
SP-027,OPTION-EQJ-360D-K100,13.15477904
SP-027,OPTION-EQJ-360D-K110,8.60333190
SP-027,OPTION-EQJ-360D-K120,5.47162745
SP-027,OPTION-EQJ-360D-K130,3.40286359
SP-027,OPTION-EQJ-360D-K140,2.07970313
SP-027,OPTION-EQJ-360D-K150,1.25434833
SP-027,OPTION-EQJ-720D-K050,60.93756201
SP-027,OPTION-EQJ-720D-K060,49.96138587
SP-027,OPTION-EQJ-720D-K070,40.08705548
SP-027,OPTION-EQJ-720D-K080,31.56844535
SP-027,OPTION-EQJ-720D-K090,24.48190830
SP-027,OPTION-EQJ-720D-K100,18.75991844
SP-027,OPTION-EQJ-720D-K110,14.24359541
SP-027,OPTION-EQJ-720D-K120,10.74404402
SP-027,OPTION-EQJ-720D-K130,8.06780479
SP-027,OPTION-EQJ-720D-K140,6.04112814
SP-027,OPTION-EQJ-720D-K150,4.51698688
SP-027,OTHER-BRENT-001D,46.78706779
SP-027,OTHER-BRENT-005D,46.87020785
SP-027,OTHER-BRENT-010D,46.97413292
SP-027,OTHER-BRENT-020D,47.18198307
SP-027,OTHER-BRENT-030D,47.38983321
SP-027,OTHER-BRENT-060D,48.01338365
SP-027,OTHER-BRENT-090D,48.63693409
SP-027,OTHER-BRENT-120D,49.26048452
SP-027,OTHER-BRENT-180D,50.50758540
SP-027,OTHER-BRENT-360D,54.24888802
SP-027,OTHER-WTI-001D,49.35031163
SP-027,OTHER-WTI-005D,49.43356817
SP-027,OTHER-WTI-010D,49.53763884
SP-027,OTHER-WTI-020D,49.74578018
SP-027,OTHER-WTI-030D,49.95392152
SP-027,OTHER-WTI-060D,50.57834554
SP-027,OTHER-WTI-090D,51.20276956
SP-027,OTHER-WTI-120D,51.82719358
SP-027,OTHER-WTI-180D,53.07604161
SP-027,OTHER-WTI-360D,56.82258573
SP-027,OTHER-GAS_EU-001D,51.92064576
SP-027,OTHER-GAS_EU-005D,52.00401893
SP-027,OTHER-GAS_EU-010D,52.10823540
SP-027,OTHER-GAS_EU-020D,52.31666834
SP-027,OTHER-GAS_EU-030D,52.52510129
SP-027,OTHER-GAS_EU-060D,53.15040011
SP-027,OTHER-GAS_EU-090D,53.77569894
SP-027,OTHER-GAS_EU-120D,54.40099776
SP-027,OTHER-GAS_EU-180D,55.65159541
SP-027,OTHER-GAS_EU-360D,59.40338836
SP-027,OTHER-GAS_US-001D,54.49808499
SP-027,OTHER-GAS_US-005D,54.58157497
SP-027,OTHER-GAS_US-010D,54.68593745
SP-027,OTHER-GAS_US-020D,54.89466240
SP-027,OTHER-GAS_US-030D,55.10338735
SP-027,OTHER-GAS_US-060D,55.72956221
SP-027,OTHER-GAS_US-090D,56.35573706
SP-027,OTHER-GAS_US-120D,56.98191192
SP-027,OTHER-GAS_US-180D,58.23426163
SP-027,OTHER-GAS_US-360D,61.99131077
SP-027,OTHER-GOLD-001D,57.08264420
SP-027,OTHER-GOLD-005D,57.16625115
SP-027,OTHER-GOLD-010D,57.27075984
SP-027,OTHER-GOLD-020D,57.47977721
SP-027,OTHER-GOLD-030D,57.68879458
SP-027,OTHER-GOLD-060D,58.31584670
SP-027,OTHER-GOLD-090D,58.94289881
SP-027,OTHER-GOLD-120D,59.56995093
SP-027,OTHER-GOLD-180D,60.82405516
SP-027,OTHER-GOLD-360D,64.58636785
SP-027,OTHER-SILVER-001D,59.25807653
SP-027,OTHER-SILVER-005D,59.34121659
SP-027,OTHER-SILVER-010D,59.44514166
SP-027,OTHER-SILVER-020D,59.65299181
SP-027,OTHER-SILVER-030D,59.86084195
SP-027,OTHER-SILVER-060D,60.48439239
SP-027,OTHER-SILVER-090D,61.10794283
SP-027,OTHER-SILVER-120D,61.73149326
SP-027,OTHER-SILVER-180D,62.97859414
SP-027,OTHER-SILVER-360D,66.71989676
SP-027,OTHER-COPPER-001D,61.83879201
SP-027,OTHER-COPPER-005D,61.92204855
SP-027,OTHER-COPPER-010D,62.02611922
SP-027,OTHER-COPPER-020D,62.23426056
SP-027,OTHER-COPPER-030D,62.44240190
SP-027,OTHER-COPPER-060D,63.06682592
SP-027,OTHER-COPPER-090D,63.69124994
SP-027,OTHER-COPPER-120D,64.31567396
SP-027,OTHER-COPPER-180D,65.56452199
SP-027,OTHER-COPPER-360D,69.31106611
SP-027,OTHER-ALUMINIUM-001D,64.42662225
SP-027,OTHER-ALUMINIUM-005D,64.50999543
SP-027,OTHER-ALUMINIUM-010D,64.61421190
SP-027,OTHER-ALUMINIUM-020D,64.82264484
SP-027,OTHER-ALUMINIUM-030D,65.03107778
SP-027,OTHER-ALUMINIUM-060D,65.65637661
SP-027,OTHER-ALUMINIUM-090D,66.28167543
SP-027,OTHER-ALUMINIUM-120D,66.90697426
SP-027,OTHER-ALUMINIUM-180D,68.15757191
SP-027,OTHER-ALUMINIUM-360D,71.90936486
SP-027,OTHER-WHEAT-001D,67.02158212
SP-027,OTHER-WHEAT-005D,67.10507210
SP-027,OTHER-WHEAT-010D,67.20943457
SP-027,OTHER-WHEAT-020D,67.41815953
SP-027,OTHER-WHEAT-030D,67.62688448
SP-027,OTHER-WHEAT-060D,68.25305933
SP-027,OTHER-WHEAT-090D,68.87923419
SP-027,OTHER-WHEAT-120D,69.50540905
SP-027,OTHER-WHEAT-180D,70.75775876
SP-027,OTHER-WHEAT-360D,74.51480790
SP-027,OTHER-CORN-001D,69.62368650
SP-027,OTHER-CORN-005D,69.70729345
SP-027,OTHER-CORN-010D,69.81180214
SP-027,OTHER-CORN-020D,70.02081951
SP-027,OTHER-CORN-030D,70.22983688
SP-027,OTHER-CORN-060D,70.85688900
SP-027,OTHER-CORN-090D,71.48394111
SP-027,OTHER-CORN-120D,72.11099323
SP-027,OTHER-CORN-180D,73.36509746
SP-027,OTHER-CORN-360D,77.12741015
SP-027,OTHER-SOY-001D,71.72908527
SP-027,OTHER-SOY-005D,71.81222533
SP-027,OTHER-SOY-010D,71.91615040
SP-027,OTHER-SOY-020D,72.12400055
SP-027,OTHER-SOY-030D,72.33185069
SP-027,OTHER-SOY-060D,72.95540113
SP-027,OTHER-SOY-090D,73.57895157
SP-027,OTHER-SOY-120D,74.20250200
SP-027,OTHER-SOY-180D,75.44960288
SP-027,OTHER-SOY-360D,79.19090550
SP-027,OTHER-CARBON_EU-001D,74.32727239
SP-027,OTHER-CARBON_EU-005D,74.41052893
SP-027,OTHER-CARBON_EU-010D,74.51459960
SP-027,OTHER-CARBON_EU-020D,74.72274094
SP-027,OTHER-CARBON_EU-030D,74.93088228
SP-027,OTHER-CARBON_EU-060D,75.55530630
SP-027,OTHER-CARBON_EU-090D,76.17973032
SP-027,OTHER-CARBON_EU-120D,76.80415434
SP-027,OTHER-CARBON_EU-180D,78.05300237
SP-027,OTHER-CARBON_EU-360D,81.79954649
SP-027,OTHER-CARBON_UK-001D,76.93259875
SP-027,OTHER-CARBON_UK-005D,77.01597193
SP-027,OTHER-CARBON_UK-010D,77.12018840
SP-027,OTHER-CARBON_UK-020D,77.32862134
SP-027,OTHER-CARBON_UK-030D,77.53705428
SP-027,OTHER-CARBON_UK-060D,78.16235310
SP-027,OTHER-CARBON_UK-090D,78.78765193
SP-027,OTHER-CARBON_UK-120D,79.41295075
SP-027,OTHER-CARBON_UK-180D,80.66354840
SP-027,OTHER-CARBON_UK-360D,84.41534135
SP-027,OTHER-EQ_EM-001D,79.54507924
SP-027,OTHER-EQ_EM-005D,79.62856922
SP-027,OTHER-EQ_EM-010D,79.73293170
SP-027,OTHER-EQ_EM-020D,79.94165665
SP-027,OTHER-EQ_EM-030D,80.15038160
SP-027,OTHER-EQ_EM-060D,80.77655646
SP-027,OTHER-EQ_EM-090D,81.40273132
SP-027,OTHER-EQ_EM-120D,82.02890617
SP-027,OTHER-EQ_EM-180D,83.28125588
SP-027,OTHER-EQ_EM-360D,87.03830502
SP-027,OTHER-EQ_DM-001D,82.16472880
SP-027,OTHER-EQ_DM-005D,82.24833575
SP-027,OTHER-EQ_DM-010D,82.35284444
SP-027,OTHER-EQ_DM-020D,82.56186181
SP-027,OTHER-EQ_DM-030D,82.77087918
SP-027,OTHER-EQ_DM-060D,83.39793130
SP-027,OTHER-EQ_DM-090D,84.02498341
SP-027,OTHER-EQ_DM-120D,84.65203553
SP-027,OTHER-EQ_DM-180D,85.90613976
SP-027,OTHER-EQ_DM-360D,89.66845245
SP-027,OTHER-REIT_US-001D,84.20009401
SP-027,OTHER-REIT_US-005D,84.28323407
SP-027,OTHER-REIT_US-010D,84.38715914
SP-027,OTHER-REIT_US-020D,84.59500929
SP-027,OTHER-REIT_US-030D,84.80285943
SP-027,OTHER-REIT_US-060D,85.42640987
SP-027,OTHER-REIT_US-090D,86.04996031
SP-027,OTHER-REIT_US-120D,86.67351075
SP-027,OTHER-REIT_US-180D,87.92061162
SP-027,OTHER-REIT_US-360D,91.66191424
SP-027,OTHER-REIT_EU-001D,86.81575277
SP-027,OTHER-REIT_EU-005D,86.89900931
SP-027,OTHER-REIT_EU-010D,87.00307998
SP-027,OTHER-REIT_EU-020D,87.21122132
SP-027,OTHER-REIT_EU-030D,87.41936266
SP-027,OTHER-REIT_EU-060D,88.04378668
SP-027,OTHER-REIT_EU-090D,88.66821070
SP-027,OTHER-REIT_EU-120D,89.29263472
SP-027,OTHER-REIT_EU-180D,90.54148275
SP-027,OTHER-REIT_EU-360D,94.28802687
SP-027,OTHER-FREIGHT-001D,89.43857525
SP-027,OTHER-FREIGHT-005D,89.52194842
SP-027,OTHER-FREIGHT-010D,89.62616489
SP-027,OTHER-FREIGHT-020D,89.83459784
SP-027,OTHER-FREIGHT-030D,90.04303078
SP-027,OTHER-FREIGHT-060D,90.66832960
SP-027,OTHER-FREIGHT-090D,91.29362843
SP-027,OTHER-FREIGHT-120D,91.91892725
SP-027,OTHER-FREIGHT-180D,93.16952490
SP-027,OTHER-FREIGHT-360D,96.92131785
SP-027,OTHER-POWER_DE-001D,92.06857637
SP-027,OTHER-POWER_DE-005D,92.15206635
SP-027,OTHER-POWER_DE-010D,92.25642882
SP-027,OTHER-POWER_DE-020D,92.46515378
SP-027,OTHER-POWER_DE-030D,92.67387873
SP-027,OTHER-POWER_DE-060D,93.30005358
SP-027,OTHER-POWER_DE-090D,93.92622844
SP-027,OTHER-POWER_DE-120D,94.55240330
SP-027,OTHER-POWER_DE-180D,95.80475301
SP-027,OTHER-POWER_DE-360D,99.56180215
SP-027,OTHER-POWER_UK-001D,94.70577110
SP-027,OTHER-POWER_UK-005D,94.78937805
SP-027,OTHER-POWER_UK-010D,94.89388674
SP-027,OTHER-POWER_UK-020D,95.10290411
SP-027,OTHER-POWER_UK-030D,95.31192148
SP-027,OTHER-POWER_UK-060D,95.93897360
SP-027,OTHER-POWER_UK-090D,96.56602571
SP-027,OTHER-POWER_UK-120D,97.19307783
SP-027,OTHER-POWER_UK-180D,98.44718206
SP-027,OTHER-POWER_UK-360D,102.20949475
SP-029,RATE-USD-OIS-001M,0.00591071
SP-029,RATE-USD-OIS-002M,0.00599030
SP-029,RATE-USD-OIS-003M,0.00605108
SP-029,RATE-USD-OIS-005M,0.00614683
SP-029,RATE-USD-OIS-007M,0.00622414
SP-029,RATE-USD-OIS-010M,0.00632107
SP-029,RATE-USD-OIS-015M,0.00645364
SP-029,RATE-USD-OIS-020M,0.00656486
SP-029,RATE-USD-OIS-030M,0.00675061
SP-029,RATE-USD-OIS-060M,0.00716738
SP-029,RATE-USD-OIS-090M,0.00748570
SP-029,RATE-USD-OIS-120M,0.00775340
SP-029,RATE-USD-OIS-180M,0.00820155
SP-029,RATE-USD-OIS-240M,0.00857870
SP-029,RATE-USD-OIS-360M,0.00921042
SP-029,RATE-USD-GOVT-001M,0.00790582
SP-029,RATE-USD-GOVT-002M,0.00798541
SP-029,RATE-USD-GOVT-003M,0.00804619
SP-029,RATE-USD-GOVT-005M,0.00814194
SP-029,RATE-USD-GOVT-007M,0.00821925
SP-029,RATE-USD-GOVT-010M,0.00831618
SP-029,RATE-USD-GOVT-015M,0.00844875
SP-029,RATE-USD-GOVT-020M,0.00855998
SP-029,RATE-USD-GOVT-030M,0.00874572
SP-029,RATE-USD-GOVT-060M,0.00916249
SP-029,RATE-USD-GOVT-090M,0.00948081
SP-029,RATE-USD-GOVT-120M,0.00974852
SP-029,RATE-USD-GOVT-180M,0.01019666
SP-029,RATE-USD-GOVT-240M,0.01057381
SP-029,RATE-USD-GOVT-360M,0.01120554
SP-029,RATE-USD-SWAP-001M,0.00990093
SP-029,RATE-USD-SWAP-002M,0.00998052
SP-029,RATE-USD-SWAP-003M,0.01004130
SP-029,RATE-USD-SWAP-005M,0.01013705
SP-029,RATE-USD-SWAP-007M,0.01021437
SP-029,RATE-USD-SWAP-010M,0.01031129
SP-029,RATE-USD-SWAP-015M,0.01044387
SP-029,RATE-USD-SWAP-020M,0.01055509
SP-029,RATE-USD-SWAP-030M,0.01074083
SP-029,RATE-USD-SWAP-060M,0.01115761
SP-029,RATE-USD-SWAP-090M,0.01147592
SP-029,RATE-USD-SWAP-120M,0.01174363
SP-029,RATE-USD-SWAP-180M,0.01219178
SP-029,RATE-USD-SWAP-240M,0.01256892
SP-029,RATE-USD-SWAP-360M,0.01320065
SP-029,RATE-USD-INFLATION-001M,0.01189605
SP-029,RATE-USD-INFLATION-002M,0.01197563
SP-029,RATE-USD-INFLATION-003M,0.01203641
SP-029,RATE-USD-INFLATION-005M,0.01213217
SP-029,RATE-USD-INFLATION-007M,0.01220948
SP-029,RATE-USD-INFLATION-010M,0.01230640
SP-029,RATE-USD-INFLATION-015M,0.01243898
SP-029,RATE-USD-INFLATION-020M,0.01255020
SP-029,RATE-USD-INFLATION-030M,0.01273595
SP-029,RATE-USD-INFLATION-060M,0.01315272
SP-029,RATE-USD-INFLATION-090M,0.01347103
SP-029,RATE-USD-INFLATION-120M,0.01373874
SP-029,RATE-USD-INFLATION-180M,0.01418689
SP-029,RATE-USD-INFLATION-240M,0.01456403
SP-029,RATE-USD-INFLATION-360M,0.01519576
SP-029,RATE-EUR-OIS-001M,0.00741071
SP-029,RATE-EUR-OIS-002M,0.00749030
SP-029,RATE-EUR-OIS-003M,0.00755108
SP-029,RATE-EUR-OIS-005M,0.00764683
SP-029,RATE-EUR-OIS-007M,0.00772414
SP-029,RATE-EUR-OIS-010M,0.00782107
SP-029,RATE-EUR-OIS-015M,0.00795364
SP-029,RATE-EUR-OIS-020M,0.00806486
SP-029,RATE-EUR-OIS-030M,0.00825061
SP-029,RATE-EUR-OIS-060M,0.00866738
SP-029,RATE-EUR-OIS-090M,0.00898570
SP-029,RATE-EUR-OIS-120M,0.00925340
SP-029,RATE-EUR-OIS-180M,0.00970155
SP-029,RATE-EUR-OIS-240M,0.01007870
SP-029,RATE-EUR-OIS-360M,0.01071042
SP-029,RATE-EUR-GOVT-001M,0.00940582
SP-029,RATE-EUR-GOVT-002M,0.00948541
SP-029,RATE-EUR-GOVT-003M,0.00954619
SP-029,RATE-EUR-GOVT-005M,0.00964194
SP-029,RATE-EUR-GOVT-007M,0.00971925
SP-029,RATE-EUR-GOVT-010M,0.00981618
SP-029,RATE-EUR-GOVT-015M,0.00994875
SP-029,RATE-EUR-GOVT-020M,0.01005998
SP-029,RATE-EUR-GOVT-030M,0.01024572
SP-029,RATE-EUR-GOVT-060M,0.01066249
SP-029,RATE-EUR-GOVT-090M,0.01098081
SP-029,RATE-EUR-GOVT-120M,0.01124852
SP-029,RATE-EUR-GOVT-180M,0.01169666
SP-029,RATE-EUR-GOVT-240M,0.01207381
SP-029,RATE-EUR-GOVT-360M,0.01270554
SP-029,RATE-EUR-SWAP-001M,0.01140093
SP-029,RATE-EUR-SWAP-002M,0.01148052
SP-029,RATE-EUR-SWAP-003M,0.01154130
SP-029,RATE-EUR-SWAP-005M,0.01163705
SP-029,RATE-EUR-SWAP-007M,0.01171437
SP-029,RATE-EUR-SWAP-010M,0.01181129
SP-029,RATE-EUR-SWAP-015M,0.01194387
SP-029,RATE-EUR-SWAP-020M,0.01205509
SP-029,RATE-EUR-SWAP-030M,0.01224083
SP-029,RATE-EUR-SWAP-060M,0.01265761
SP-029,RATE-EUR-SWAP-090M,0.01297592
SP-029,RATE-EUR-SWAP-120M,0.01324363
SP-029,RATE-EUR-SWAP-180M,0.01369178
SP-029,RATE-EUR-SWAP-240M,0.01406892
SP-029,RATE-EUR-SWAP-360M,0.01470065
SP-029,RATE-EUR-INFLATION-001M,0.01339605
SP-029,RATE-EUR-INFLATION-002M,0.01347563
SP-029,RATE-EUR-INFLATION-003M,0.01353641
SP-029,RATE-EUR-INFLATION-005M,0.01363217
SP-029,RATE-EUR-INFLATION-007M,0.01370948
SP-029,RATE-EUR-INFLATION-010M,0.01380640
SP-029,RATE-EUR-INFLATION-015M,0.01393898
SP-029,RATE-EUR-INFLATION-020M,0.01405020
SP-029,RATE-EUR-INFLATION-030M,0.01423595
SP-029,RATE-EUR-INFLATION-060M,0.01465272
SP-029,RATE-EUR-INFLATION-090M,0.01497103
SP-029,RATE-EUR-INFLATION-120M,0.01523874
SP-029,RATE-EUR-INFLATION-180M,0.01568689
SP-029,RATE-EUR-INFLATION-240M,0.01606403
SP-029,RATE-EUR-INFLATION-360M,0.01669576
SP-029,RATE-GBP-OIS-001M,0.00891071
SP-029,RATE-GBP-OIS-002M,0.00899030
SP-029,RATE-GBP-OIS-003M,0.00905108
SP-029,RATE-GBP-OIS-005M,0.00914683
SP-029,RATE-GBP-OIS-007M,0.00922414
SP-029,RATE-GBP-OIS-010M,0.00932107
SP-029,RATE-GBP-OIS-015M,0.00945364
SP-029,RATE-GBP-OIS-020M,0.00956486
SP-029,RATE-GBP-OIS-030M,0.00975061
SP-029,RATE-GBP-OIS-060M,0.01016738
SP-029,RATE-GBP-OIS-090M,0.01048570
SP-029,RATE-GBP-OIS-120M,0.01075340
SP-029,RATE-GBP-OIS-180M,0.01120155
SP-029,RATE-GBP-OIS-240M,0.01157870
SP-029,RATE-GBP-OIS-360M,0.01221042
SP-029,RATE-GBP-GOVT-001M,0.01090582
SP-029,RATE-GBP-GOVT-002M,0.01098541
SP-029,RATE-GBP-GOVT-003M,0.01104619
SP-029,RATE-GBP-GOVT-005M,0.01114194
SP-029,RATE-GBP-GOVT-007M,0.01121925
SP-029,RATE-GBP-GOVT-010M,0.01131618
SP-029,RATE-GBP-GOVT-015M,0.01144875
SP-029,RATE-GBP-GOVT-020M,0.01155998
SP-029,RATE-GBP-GOVT-030M,0.01174572
SP-029,RATE-GBP-GOVT-060M,0.01216249
SP-029,RATE-GBP-GOVT-090M,0.01248081
SP-029,RATE-GBP-GOVT-120M,0.01274852
SP-029,RATE-GBP-GOVT-180M,0.01319666
SP-029,RATE-GBP-GOVT-240M,0.01357381
SP-029,RATE-GBP-GOVT-360M,0.01420554
SP-029,RATE-GBP-SWAP-001M,0.01290093
SP-029,RATE-GBP-SWAP-002M,0.01298052
SP-029,RATE-GBP-SWAP-003M,0.01304130
SP-029,RATE-GBP-SWAP-005M,0.01313705
SP-029,RATE-GBP-SWAP-007M,0.01321437
SP-029,RATE-GBP-SWAP-010M,0.01331129
SP-029,RATE-GBP-SWAP-015M,0.01344387
SP-029,RATE-GBP-SWAP-020M,0.01355509
SP-029,RATE-GBP-SWAP-030M,0.01374083
SP-029,RATE-GBP-SWAP-060M,0.01415761
SP-029,RATE-GBP-SWAP-090M,0.01447592
SP-029,RATE-GBP-SWAP-120M,0.01474363
SP-029,RATE-GBP-SWAP-180M,0.01519178
SP-029,RATE-GBP-SWAP-240M,0.01556892
SP-029,RATE-GBP-SWAP-360M,0.01620065
SP-029,RATE-GBP-INFLATION-001M,0.01489605
SP-029,RATE-GBP-INFLATION-002M,0.01497563
SP-029,RATE-GBP-INFLATION-003M,0.01503641
SP-029,RATE-GBP-INFLATION-005M,0.01513217
SP-029,RATE-GBP-INFLATION-007M,0.01520948
SP-029,RATE-GBP-INFLATION-010M,0.01530640
SP-029,RATE-GBP-INFLATION-015M,0.01543898
SP-029,RATE-GBP-INFLATION-020M,0.01555020
SP-029,RATE-GBP-INFLATION-030M,0.01573595
SP-029,RATE-GBP-INFLATION-060M,0.01615272
SP-029,RATE-GBP-INFLATION-090M,0.01647103
SP-029,RATE-GBP-INFLATION-120M,0.01673874
SP-029,RATE-GBP-INFLATION-180M,0.01718689
SP-029,RATE-GBP-INFLATION-240M,0.01756403
SP-029,RATE-GBP-INFLATION-360M,0.01819576
SP-029,RATE-JPY-OIS-001M,0.01041071
SP-029,RATE-JPY-OIS-002M,0.01049030
SP-029,RATE-JPY-OIS-003M,0.01055108
SP-029,RATE-JPY-OIS-005M,0.01064683
SP-029,RATE-JPY-OIS-007M,0.01072414
SP-029,RATE-JPY-OIS-010M,0.01082107
SP-029,RATE-JPY-OIS-015M,0.01095364
SP-029,RATE-JPY-OIS-020M,0.01106486
SP-029,RATE-JPY-OIS-030M,0.01125061
SP-029,RATE-JPY-OIS-060M,0.01166738
SP-029,RATE-JPY-OIS-090M,0.01198570
SP-029,RATE-JPY-OIS-120M,0.01225340
SP-029,RATE-JPY-OIS-180M,0.01270155
SP-029,RATE-JPY-OIS-240M,0.01307870
SP-029,RATE-JPY-OIS-360M,0.01371042
SP-029,RATE-JPY-GOVT-001M,0.01240582
SP-029,RATE-JPY-GOVT-002M,0.01248541
SP-029,RATE-JPY-GOVT-003M,0.01254619
SP-029,RATE-JPY-GOVT-005M,0.01264194
SP-029,RATE-JPY-GOVT-007M,0.01271925
SP-029,RATE-JPY-GOVT-010M,0.01281618
SP-029,RATE-JPY-GOVT-015M,0.01294875
SP-029,RATE-JPY-GOVT-020M,0.01305998
SP-029,RATE-JPY-GOVT-030M,0.01324572
SP-029,RATE-JPY-GOVT-060M,0.01366249
SP-029,RATE-JPY-GOVT-090M,0.01398081
SP-029,RATE-JPY-GOVT-120M,0.01424852
SP-029,RATE-JPY-GOVT-180M,0.01469666
SP-029,RATE-JPY-GOVT-240M,0.01507381
SP-029,RATE-JPY-GOVT-360M,0.01570554
SP-029,RATE-JPY-SWAP-001M,0.01440093
SP-029,RATE-JPY-SWAP-002M,0.01448052
SP-029,RATE-JPY-SWAP-003M,0.01454130
SP-029,RATE-JPY-SWAP-005M,0.01463705
SP-029,RATE-JPY-SWAP-007M,0.01471437
SP-029,RATE-JPY-SWAP-010M,0.01481129
SP-029,RATE-JPY-SWAP-015M,0.01494387
SP-029,RATE-JPY-SWAP-020M,0.01505509
SP-029,RATE-JPY-SWAP-030M,0.01524083
SP-029,RATE-JPY-SWAP-060M,0.01565761
SP-029,RATE-JPY-SWAP-090M,0.01597592
SP-029,RATE-JPY-SWAP-120M,0.01624363
SP-029,RATE-JPY-SWAP-180M,0.01669178
SP-029,RATE-JPY-SWAP-240M,0.01706892
SP-029,RATE-JPY-SWAP-360M,0.01770065
SP-029,RATE-JPY-INFLATION-001M,0.01639605
SP-029,RATE-JPY-INFLATION-002M,0.01647563
SP-029,RATE-JPY-INFLATION-003M,0.01653641
SP-029,RATE-JPY-INFLATION-005M,0.01663217
SP-029,RATE-JPY-INFLATION-007M,0.01670948
SP-029,RATE-JPY-INFLATION-010M,0.01680640
SP-029,RATE-JPY-INFLATION-015M,0.01693898
SP-029,RATE-JPY-INFLATION-020M,0.01705020
SP-029,RATE-JPY-INFLATION-030M,0.01723595
SP-029,RATE-JPY-INFLATION-060M,0.01765272
SP-029,RATE-JPY-INFLATION-090M,0.01797103
SP-029,RATE-JPY-INFLATION-120M,0.01823874
SP-029,RATE-JPY-INFLATION-180M,0.01868689
SP-029,RATE-JPY-INFLATION-240M,0.01906403
SP-029,RATE-JPY-INFLATION-360M,0.01969576
SP-029,RATE-CHF-OIS-001M,0.01191071
SP-029,RATE-CHF-OIS-002M,0.01199030
SP-029,RATE-CHF-OIS-003M,0.01205108
SP-029,RATE-CHF-OIS-005M,0.01214683
SP-029,RATE-CHF-OIS-007M,0.01222414
SP-029,RATE-CHF-OIS-010M,0.01232107
SP-029,RATE-CHF-OIS-015M,0.01245364
SP-029,RATE-CHF-OIS-020M,0.01256486
SP-029,RATE-CHF-OIS-030M,0.01275061
SP-029,RATE-CHF-OIS-060M,0.01316738
SP-029,RATE-CHF-OIS-090M,0.01348570
SP-029,RATE-CHF-OIS-120M,0.01375340
SP-029,RATE-CHF-OIS-180M,0.01420155
SP-029,RATE-CHF-OIS-240M,0.01457870
SP-029,RATE-CHF-OIS-360M,0.01521042
SP-029,RATE-CHF-GOVT-001M,0.01390582
SP-029,RATE-CHF-GOVT-002M,0.01398541
SP-029,RATE-CHF-GOVT-003M,0.01404619
SP-029,RATE-CHF-GOVT-005M,0.01414194
SP-029,RATE-CHF-GOVT-007M,0.01421925
SP-029,RATE-CHF-GOVT-010M,0.01431618
SP-029,RATE-CHF-GOVT-015M,0.01444875
SP-029,RATE-CHF-GOVT-020M,0.01455998
SP-029,RATE-CHF-GOVT-030M,0.01474572
SP-029,RATE-CHF-GOVT-060M,0.01516249
SP-029,RATE-CHF-GOVT-090M,0.01548081
SP-029,RATE-CHF-GOVT-120M,0.01574852
SP-029,RATE-CHF-GOVT-180M,0.01619666
SP-029,RATE-CHF-GOVT-240M,0.01657381
SP-029,RATE-CHF-GOVT-360M,0.01720554
SP-029,RATE-CHF-SWAP-001M,0.01590093
SP-029,RATE-CHF-SWAP-002M,0.01598052
SP-029,RATE-CHF-SWAP-003M,0.01604130
SP-029,RATE-CHF-SWAP-005M,0.01613705
SP-029,RATE-CHF-SWAP-007M,0.01621437
SP-029,RATE-CHF-SWAP-010M,0.01631129
SP-029,RATE-CHF-SWAP-015M,0.01644387
SP-029,RATE-CHF-SWAP-020M,0.01655509
SP-029,RATE-CHF-SWAP-030M,0.01674083
SP-029,RATE-CHF-SWAP-060M,0.01715761
SP-029,RATE-CHF-SWAP-090M,0.01747592
SP-029,RATE-CHF-SWAP-120M,0.01774363
SP-029,RATE-CHF-SWAP-180M,0.01819178
SP-029,RATE-CHF-SWAP-240M,0.01856892
SP-029,RATE-CHF-SWAP-360M,0.01920065
SP-029,RATE-CHF-INFLATION-001M,0.01789605
SP-029,RATE-CHF-INFLATION-002M,0.01797563
SP-029,RATE-CHF-INFLATION-003M,0.01803641
SP-029,RATE-CHF-INFLATION-005M,0.01813217
SP-029,RATE-CHF-INFLATION-007M,0.01820948
SP-029,RATE-CHF-INFLATION-010M,0.01830640
SP-029,RATE-CHF-INFLATION-015M,0.01843898
SP-029,RATE-CHF-INFLATION-020M,0.01855020
SP-029,RATE-CHF-INFLATION-030M,0.01873595
SP-029,RATE-CHF-INFLATION-060M,0.01915272
SP-029,RATE-CHF-INFLATION-090M,0.01947103
SP-029,RATE-CHF-INFLATION-120M,0.01973874
SP-029,RATE-CHF-INFLATION-180M,0.02018689
SP-029,RATE-CHF-INFLATION-240M,0.02056403
SP-029,RATE-CHF-INFLATION-360M,0.02119576
SP-029,RATE-CAD-OIS-001M,0.01341071
SP-029,RATE-CAD-OIS-002M,0.01349030
SP-029,RATE-CAD-OIS-003M,0.01355108
SP-029,RATE-CAD-OIS-005M,0.01364683
SP-029,RATE-CAD-OIS-007M,0.01372414
SP-029,RATE-CAD-OIS-010M,0.01382107
SP-029,RATE-CAD-OIS-015M,0.01395364
SP-029,RATE-CAD-OIS-020M,0.01406486
SP-029,RATE-CAD-OIS-030M,0.01425061
SP-029,RATE-CAD-OIS-060M,0.01466738
SP-029,RATE-CAD-OIS-090M,0.01498570
SP-029,RATE-CAD-OIS-120M,0.01525340
SP-029,RATE-CAD-OIS-180M,0.01570155
SP-029,RATE-CAD-OIS-240M,0.01607870
SP-029,RATE-CAD-OIS-360M,0.01671042
SP-029,RATE-CAD-GOVT-001M,0.01540582
SP-029,RATE-CAD-GOVT-002M,0.01548541
SP-029,RATE-CAD-GOVT-003M,0.01554619
SP-029,RATE-CAD-GOVT-005M,0.01564194
SP-029,RATE-CAD-GOVT-007M,0.01571925
SP-029,RATE-CAD-GOVT-010M,0.01581618
SP-029,RATE-CAD-GOVT-015M,0.01594875
SP-029,RATE-CAD-GOVT-020M,0.01605998
SP-029,RATE-CAD-GOVT-030M,0.01624572
SP-029,RATE-CAD-GOVT-060M,0.01666249
SP-029,RATE-CAD-GOVT-090M,0.01698081
SP-029,RATE-CAD-GOVT-120M,0.01724852
SP-029,RATE-CAD-GOVT-180M,0.01769666
SP-029,RATE-CAD-GOVT-240M,0.01807381
SP-029,RATE-CAD-GOVT-360M,0.01870554
SP-029,RATE-CAD-SWAP-001M,0.01740093
SP-029,RATE-CAD-SWAP-002M,0.01748052
SP-029,RATE-CAD-SWAP-003M,0.01754130
SP-029,RATE-CAD-SWAP-005M,0.01763705
SP-029,RATE-CAD-SWAP-007M,0.01771437
SP-029,RATE-CAD-SWAP-010M,0.01781129
SP-029,RATE-CAD-SWAP-015M,0.01794387
SP-029,RATE-CAD-SWAP-020M,0.01805509
SP-029,RATE-CAD-SWAP-030M,0.01824083
SP-029,RATE-CAD-SWAP-060M,0.01865761
SP-029,RATE-CAD-SWAP-090M,0.01897592
SP-029,RATE-CAD-SWAP-120M,0.01924363
SP-029,RATE-CAD-SWAP-180M,0.01969178
SP-029,RATE-CAD-SWAP-240M,0.02006892
SP-029,RATE-CAD-SWAP-360M,0.02070065
SP-029,RATE-CAD-INFLATION-001M,0.01939605
SP-029,RATE-CAD-INFLATION-002M,0.01947563
SP-029,RATE-CAD-INFLATION-003M,0.01953641
SP-029,RATE-CAD-INFLATION-005M,0.01963217
SP-029,RATE-CAD-INFLATION-007M,0.01970948
SP-029,RATE-CAD-INFLATION-010M,0.01980640
SP-029,RATE-CAD-INFLATION-015M,0.01993898
SP-029,RATE-CAD-INFLATION-020M,0.02005020
SP-029,RATE-CAD-INFLATION-030M,0.02023595
SP-029,RATE-CAD-INFLATION-060M,0.02065272
SP-029,RATE-CAD-INFLATION-090M,0.02097103
SP-029,RATE-CAD-INFLATION-120M,0.02123874
SP-029,RATE-CAD-INFLATION-180M,0.02168689
SP-029,RATE-CAD-INFLATION-240M,0.02206403
SP-029,RATE-CAD-INFLATION-360M,0.02269576
SP-029,RATE-AUD-OIS-001M,0.01491071
SP-029,RATE-AUD-OIS-002M,0.01499030
SP-029,RATE-AUD-OIS-003M,0.01505108
SP-029,RATE-AUD-OIS-005M,0.01514683
SP-029,RATE-AUD-OIS-007M,0.01522414
SP-029,RATE-AUD-OIS-010M,0.01532107
SP-029,RATE-AUD-OIS-015M,0.01545364
SP-029,RATE-AUD-OIS-020M,0.01556486
SP-029,RATE-AUD-OIS-030M,0.01575061
SP-029,RATE-AUD-OIS-060M,0.01616738
SP-029,RATE-AUD-OIS-090M,0.01648570
SP-029,RATE-AUD-OIS-120M,0.01675340
SP-029,RATE-AUD-OIS-180M,0.01720155
SP-029,RATE-AUD-OIS-240M,0.01757870
SP-029,RATE-AUD-OIS-360M,0.01821042
SP-029,RATE-AUD-GOVT-001M,0.01690582
SP-029,RATE-AUD-GOVT-002M,0.01698541
SP-029,RATE-AUD-GOVT-003M,0.01704619
SP-029,RATE-AUD-GOVT-005M,0.01714194
SP-029,RATE-AUD-GOVT-007M,0.01721925
SP-029,RATE-AUD-GOVT-010M,0.01731618
SP-029,RATE-AUD-GOVT-015M,0.01744875
SP-029,RATE-AUD-GOVT-020M,0.01755998
SP-029,RATE-AUD-GOVT-030M,0.01774572
SP-029,RATE-AUD-GOVT-060M,0.01816249
SP-029,RATE-AUD-GOVT-090M,0.01848081
SP-029,RATE-AUD-GOVT-120M,0.01874852
SP-029,RATE-AUD-GOVT-180M,0.01919666
SP-029,RATE-AUD-GOVT-240M,0.01957381
SP-029,RATE-AUD-GOVT-360M,0.02020554
SP-029,RATE-AUD-SWAP-001M,0.01890093
SP-029,RATE-AUD-SWAP-002M,0.01898052
SP-029,RATE-AUD-SWAP-003M,0.01904130
SP-029,RATE-AUD-SWAP-005M,0.01913705
SP-029,RATE-AUD-SWAP-007M,0.01921437
SP-029,RATE-AUD-SWAP-010M,0.01931129
SP-029,RATE-AUD-SWAP-015M,0.01944387
SP-029,RATE-AUD-SWAP-020M,0.01955509
SP-029,RATE-AUD-SWAP-030M,0.01974083
SP-029,RATE-AUD-SWAP-060M,0.02015761
SP-029,RATE-AUD-SWAP-090M,0.02047592
SP-029,RATE-AUD-SWAP-120M,0.02074363
SP-029,RATE-AUD-SWAP-180M,0.02119178
SP-029,RATE-AUD-SWAP-240M,0.02156892
SP-029,RATE-AUD-SWAP-360M,0.02220065
SP-029,RATE-AUD-INFLATION-001M,0.02089605
SP-029,RATE-AUD-INFLATION-002M,0.02097563
SP-029,RATE-AUD-INFLATION-003M,0.02103641
SP-029,RATE-AUD-INFLATION-005M,0.02113217
SP-029,RATE-AUD-INFLATION-007M,0.02120948
SP-029,RATE-AUD-INFLATION-010M,0.02130640
SP-029,RATE-AUD-INFLATION-015M,0.02143898
SP-029,RATE-AUD-INFLATION-020M,0.02155020
SP-029,RATE-AUD-INFLATION-030M,0.02173595
SP-029,RATE-AUD-INFLATION-060M,0.02215272
SP-029,RATE-AUD-INFLATION-090M,0.02247103
SP-029,RATE-AUD-INFLATION-120M,0.02273874
SP-029,RATE-AUD-INFLATION-180M,0.02318689
SP-029,RATE-AUD-INFLATION-240M,0.02356403
SP-029,RATE-AUD-INFLATION-360M,0.02419576
SP-029,RATE-NZD-OIS-001M,0.01641071
SP-029,RATE-NZD-OIS-002M,0.01649030
SP-029,RATE-NZD-OIS-003M,0.01655108
SP-029,RATE-NZD-OIS-005M,0.01664683
SP-029,RATE-NZD-OIS-007M,0.01672414
SP-029,RATE-NZD-OIS-010M,0.01682107
SP-029,RATE-NZD-OIS-015M,0.01695364
SP-029,RATE-NZD-OIS-020M,0.01706486
SP-029,RATE-NZD-OIS-030M,0.01725061
SP-029,RATE-NZD-OIS-060M,0.01766738
SP-029,RATE-NZD-OIS-090M,0.01798570
SP-029,RATE-NZD-OIS-120M,0.01825340
SP-029,RATE-NZD-OIS-180M,0.01870155
SP-029,RATE-NZD-OIS-240M,0.01907870
SP-029,RATE-NZD-OIS-360M,0.01971042
SP-029,RATE-NZD-GOVT-001M,0.01840582
SP-029,RATE-NZD-GOVT-002M,0.01848541
SP-029,RATE-NZD-GOVT-003M,0.01854619
SP-029,RATE-NZD-GOVT-005M,0.01864194
SP-029,RATE-NZD-GOVT-007M,0.01871925
SP-029,RATE-NZD-GOVT-010M,0.01881618
SP-029,RATE-NZD-GOVT-015M,0.01894875
SP-029,RATE-NZD-GOVT-020M,0.01905998
SP-029,RATE-NZD-GOVT-030M,0.01924572
SP-029,RATE-NZD-GOVT-060M,0.01966249
SP-029,RATE-NZD-GOVT-090M,0.01998081
SP-029,RATE-NZD-GOVT-120M,0.02024852
SP-029,RATE-NZD-GOVT-180M,0.02069666
SP-029,RATE-NZD-GOVT-240M,0.02107381
SP-029,RATE-NZD-GOVT-360M,0.02170554
SP-029,RATE-NZD-SWAP-001M,0.02040093
SP-029,RATE-NZD-SWAP-002M,0.02048052
SP-029,RATE-NZD-SWAP-003M,0.02054130
SP-029,RATE-NZD-SWAP-005M,0.02063705
SP-029,RATE-NZD-SWAP-007M,0.02071437
SP-029,RATE-NZD-SWAP-010M,0.02081129
SP-029,RATE-NZD-SWAP-015M,0.02094387
SP-029,RATE-NZD-SWAP-020M,0.02105509
SP-029,RATE-NZD-SWAP-030M,0.02124083
SP-029,RATE-NZD-SWAP-060M,0.02165761
SP-029,RATE-NZD-SWAP-090M,0.02197592
SP-029,RATE-NZD-SWAP-120M,0.02224363
SP-029,RATE-NZD-SWAP-180M,0.02269178
SP-029,RATE-NZD-SWAP-240M,0.02306892
SP-029,RATE-NZD-SWAP-360M,0.02370065
SP-029,RATE-NZD-INFLATION-001M,0.02239605
SP-029,RATE-NZD-INFLATION-002M,0.02247563
SP-029,RATE-NZD-INFLATION-003M,0.02253641
SP-029,RATE-NZD-INFLATION-005M,0.02263217
SP-029,RATE-NZD-INFLATION-007M,0.02270948
SP-029,RATE-NZD-INFLATION-010M,0.02280640
SP-029,RATE-NZD-INFLATION-015M,0.02293898
SP-029,RATE-NZD-INFLATION-020M,0.02305020
SP-029,RATE-NZD-INFLATION-030M,0.02323595
SP-029,RATE-NZD-INFLATION-060M,0.02365272
SP-029,RATE-NZD-INFLATION-090M,0.02397103
SP-029,RATE-NZD-INFLATION-120M,0.02423874
SP-029,RATE-NZD-INFLATION-180M,0.02468689
SP-029,RATE-NZD-INFLATION-240M,0.02506403
SP-029,RATE-NZD-INFLATION-360M,0.02569576
SP-029,RATE-SEK-OIS-001M,0.01791071
SP-029,RATE-SEK-OIS-002M,0.01799030
SP-029,RATE-SEK-OIS-003M,0.01805108
SP-029,RATE-SEK-OIS-005M,0.01814683
SP-029,RATE-SEK-OIS-007M,0.01822414
SP-029,RATE-SEK-OIS-010M,0.01832107
SP-029,RATE-SEK-OIS-015M,0.01845364
SP-029,RATE-SEK-OIS-020M,0.01856486
SP-029,RATE-SEK-OIS-030M,0.01875061
SP-029,RATE-SEK-OIS-060M,0.01916738
SP-029,RATE-SEK-OIS-090M,0.01948570
SP-029,RATE-SEK-OIS-120M,0.01975340
SP-029,RATE-SEK-OIS-180M,0.02020155
SP-029,RATE-SEK-OIS-240M,0.02057870
SP-029,RATE-SEK-OIS-360M,0.02121042
SP-029,RATE-SEK-GOVT-001M,0.01990582
SP-029,RATE-SEK-GOVT-002M,0.01998541
SP-029,RATE-SEK-GOVT-003M,0.02004619
SP-029,RATE-SEK-GOVT-005M,0.02014194
SP-029,RATE-SEK-GOVT-007M,0.02021925
SP-029,RATE-SEK-GOVT-010M,0.02031618
SP-029,RATE-SEK-GOVT-015M,0.02044875
SP-029,RATE-SEK-GOVT-020M,0.02055998
SP-029,RATE-SEK-GOVT-030M,0.02074572
SP-029,RATE-SEK-GOVT-060M,0.02116249
SP-029,RATE-SEK-GOVT-090M,0.02148081
SP-029,RATE-SEK-GOVT-120M,0.02174852
SP-029,RATE-SEK-GOVT-180M,0.02219666
SP-029,RATE-SEK-GOVT-240M,0.02257381
SP-029,RATE-SEK-GOVT-360M,0.02320554
SP-029,RATE-SEK-SWAP-001M,0.02190093
SP-029,RATE-SEK-SWAP-002M,0.02198052
SP-029,RATE-SEK-SWAP-003M,0.02204130
SP-029,RATE-SEK-SWAP-005M,0.02213705
SP-029,RATE-SEK-SWAP-007M,0.02221437
SP-029,RATE-SEK-SWAP-010M,0.02231129
SP-029,RATE-SEK-SWAP-015M,0.02244387
SP-029,RATE-SEK-SWAP-020M,0.02255509
SP-029,RATE-SEK-SWAP-030M,0.02274083
SP-029,RATE-SEK-SWAP-060M,0.02315761
SP-029,RATE-SEK-SWAP-090M,0.02347592
SP-029,RATE-SEK-SWAP-120M,0.02374363
SP-029,RATE-SEK-SWAP-180M,0.02419178
SP-029,RATE-SEK-SWAP-240M,0.02456892
SP-029,RATE-SEK-SWAP-360M,0.02520065
SP-029,RATE-SEK-INFLATION-001M,0.02389605
SP-029,RATE-SEK-INFLATION-002M,0.02397563
SP-029,RATE-SEK-INFLATION-003M,0.02403641
SP-029,RATE-SEK-INFLATION-005M,0.02413217
SP-029,RATE-SEK-INFLATION-007M,0.02420948
SP-029,RATE-SEK-INFLATION-010M,0.02430640
SP-029,RATE-SEK-INFLATION-015M,0.02443898
SP-029,RATE-SEK-INFLATION-020M,0.02455020
SP-029,RATE-SEK-INFLATION-030M,0.02473595
SP-029,RATE-SEK-INFLATION-060M,0.02515272
SP-029,RATE-SEK-INFLATION-090M,0.02547103
SP-029,RATE-SEK-INFLATION-120M,0.02573874
SP-029,RATE-SEK-INFLATION-180M,0.02618689
SP-029,RATE-SEK-INFLATION-240M,0.02656403
SP-029,RATE-SEK-INFLATION-360M,0.02719576
SP-029,RATE-NOK-OIS-001M,0.01941071
SP-029,RATE-NOK-OIS-002M,0.01949030
SP-029,RATE-NOK-OIS-003M,0.01955108
SP-029,RATE-NOK-OIS-005M,0.01964683
SP-029,RATE-NOK-OIS-007M,0.01972414
SP-029,RATE-NOK-OIS-010M,0.01982107
SP-029,RATE-NOK-OIS-015M,0.01995364
SP-029,RATE-NOK-OIS-020M,0.02006486
SP-029,RATE-NOK-OIS-030M,0.02025061
SP-029,RATE-NOK-OIS-060M,0.02066738
SP-029,RATE-NOK-OIS-090M,0.02098570
SP-029,RATE-NOK-OIS-120M,0.02125340
SP-029,RATE-NOK-OIS-180M,0.02170155
SP-029,RATE-NOK-OIS-240M,0.02207870
SP-029,RATE-NOK-OIS-360M,0.02271042
SP-029,RATE-NOK-GOVT-001M,0.02140582
SP-029,RATE-NOK-GOVT-002M,0.02148541
SP-029,RATE-NOK-GOVT-003M,0.02154619
SP-029,RATE-NOK-GOVT-005M,0.02164194
SP-029,RATE-NOK-GOVT-007M,0.02171925
SP-029,RATE-NOK-GOVT-010M,0.02181618
SP-029,RATE-NOK-GOVT-015M,0.02194875
SP-029,RATE-NOK-GOVT-020M,0.02205998
SP-029,RATE-NOK-GOVT-030M,0.02224572
SP-029,RATE-NOK-GOVT-060M,0.02266249
SP-029,RATE-NOK-GOVT-090M,0.02298081
SP-029,RATE-NOK-GOVT-120M,0.02324852
SP-029,RATE-NOK-GOVT-180M,0.02369666
SP-029,RATE-NOK-GOVT-240M,0.02407381
SP-029,RATE-NOK-GOVT-360M,0.02470554
SP-029,RATE-NOK-SWAP-001M,0.02340093
SP-029,RATE-NOK-SWAP-002M,0.02348052
SP-029,RATE-NOK-SWAP-003M,0.02354130
SP-029,RATE-NOK-SWAP-005M,0.02363705
SP-029,RATE-NOK-SWAP-007M,0.02371437
SP-029,RATE-NOK-SWAP-010M,0.02381129
SP-029,RATE-NOK-SWAP-015M,0.02394387
SP-029,RATE-NOK-SWAP-020M,0.02405509
SP-029,RATE-NOK-SWAP-030M,0.02424083
SP-029,RATE-NOK-SWAP-060M,0.02465761
SP-029,RATE-NOK-SWAP-090M,0.02497592
SP-029,RATE-NOK-SWAP-120M,0.02524363
SP-029,RATE-NOK-SWAP-180M,0.02569178
SP-029,RATE-NOK-SWAP-240M,0.02606892
SP-029,RATE-NOK-SWAP-360M,0.02670065
SP-029,RATE-NOK-INFLATION-001M,0.02539605
SP-029,RATE-NOK-INFLATION-002M,0.02547563
SP-029,RATE-NOK-INFLATION-003M,0.02553641
SP-029,RATE-NOK-INFLATION-005M,0.02563217
SP-029,RATE-NOK-INFLATION-007M,0.02570948
SP-029,RATE-NOK-INFLATION-010M,0.02580640
SP-029,RATE-NOK-INFLATION-015M,0.02593898
SP-029,RATE-NOK-INFLATION-020M,0.02605020
SP-029,RATE-NOK-INFLATION-030M,0.02623595
SP-029,RATE-NOK-INFLATION-060M,0.02665272
SP-029,RATE-NOK-INFLATION-090M,0.02697103
SP-029,RATE-NOK-INFLATION-120M,0.02723874
SP-029,RATE-NOK-INFLATION-180M,0.02768689
SP-029,RATE-NOK-INFLATION-240M,0.02806403
SP-029,RATE-NOK-INFLATION-360M,0.02869576
SP-029,RATE-DKK-OIS-001M,0.02091071
SP-029,RATE-DKK-OIS-002M,0.02099030
SP-029,RATE-DKK-OIS-003M,0.02105108
SP-029,RATE-DKK-OIS-005M,0.02114683
SP-029,RATE-DKK-OIS-007M,0.02122414
SP-029,RATE-DKK-OIS-010M,0.02132107
SP-029,RATE-DKK-OIS-015M,0.02145364
SP-029,RATE-DKK-OIS-020M,0.02156486
SP-029,RATE-DKK-OIS-030M,0.02175061
SP-029,RATE-DKK-OIS-060M,0.02216738
SP-029,RATE-DKK-OIS-090M,0.02248570
SP-029,RATE-DKK-OIS-120M,0.02275340
SP-029,RATE-DKK-OIS-180M,0.02320155
SP-029,RATE-DKK-OIS-240M,0.02357870
SP-029,RATE-DKK-OIS-360M,0.02421042
SP-029,RATE-DKK-GOVT-001M,0.02290582
SP-029,RATE-DKK-GOVT-002M,0.02298541
SP-029,RATE-DKK-GOVT-003M,0.02304619
SP-029,RATE-DKK-GOVT-005M,0.02314194
SP-029,RATE-DKK-GOVT-007M,0.02321925
SP-029,RATE-DKK-GOVT-010M,0.02331618
SP-029,RATE-DKK-GOVT-015M,0.02344875
SP-029,RATE-DKK-GOVT-020M,0.02355998
SP-029,RATE-DKK-GOVT-030M,0.02374572
SP-029,RATE-DKK-GOVT-060M,0.02416249
SP-029,RATE-DKK-GOVT-090M,0.02448081
SP-029,RATE-DKK-GOVT-120M,0.02474852
SP-029,RATE-DKK-GOVT-180M,0.02519666
SP-029,RATE-DKK-GOVT-240M,0.02557381
SP-029,RATE-DKK-GOVT-360M,0.02620554
SP-029,RATE-DKK-SWAP-001M,0.02490093
SP-029,RATE-DKK-SWAP-002M,0.02498052
SP-029,RATE-DKK-SWAP-003M,0.02504130
SP-029,RATE-DKK-SWAP-005M,0.02513705
SP-029,RATE-DKK-SWAP-007M,0.02521437
SP-029,RATE-DKK-SWAP-010M,0.02531129
SP-029,RATE-DKK-SWAP-015M,0.02544387
SP-029,RATE-DKK-SWAP-020M,0.02555509
SP-029,RATE-DKK-SWAP-030M,0.02574083
SP-029,RATE-DKK-SWAP-060M,0.02615761
SP-029,RATE-DKK-SWAP-090M,0.02647592
SP-029,RATE-DKK-SWAP-120M,0.02674363
SP-029,RATE-DKK-SWAP-180M,0.02719178
SP-029,RATE-DKK-SWAP-240M,0.02756892
SP-029,RATE-DKK-SWAP-360M,0.02820065
SP-029,RATE-DKK-INFLATION-001M,0.02689605
SP-029,RATE-DKK-INFLATION-002M,0.02697563
SP-029,RATE-DKK-INFLATION-003M,0.02703641
SP-029,RATE-DKK-INFLATION-005M,0.02713217
SP-029,RATE-DKK-INFLATION-007M,0.02720948
SP-029,RATE-DKK-INFLATION-010M,0.02730640
SP-029,RATE-DKK-INFLATION-015M,0.02743898
SP-029,RATE-DKK-INFLATION-020M,0.02755020
SP-029,RATE-DKK-INFLATION-030M,0.02773595
SP-029,RATE-DKK-INFLATION-060M,0.02815272
SP-029,RATE-DKK-INFLATION-090M,0.02847103
SP-029,RATE-DKK-INFLATION-120M,0.02873874
SP-029,RATE-DKK-INFLATION-180M,0.02918689
SP-029,RATE-DKK-INFLATION-240M,0.02956403
SP-029,RATE-DKK-INFLATION-360M,0.03019576
SP-029,RATE-PLN-OIS-001M,0.02241071
SP-029,RATE-PLN-OIS-002M,0.02249030
SP-029,RATE-PLN-OIS-003M,0.02255108
SP-029,RATE-PLN-OIS-005M,0.02264683
SP-029,RATE-PLN-OIS-007M,0.02272414
SP-029,RATE-PLN-OIS-010M,0.02282107
SP-029,RATE-PLN-OIS-015M,0.02295364
SP-029,RATE-PLN-OIS-020M,0.02306486
SP-029,RATE-PLN-OIS-030M,0.02325061
SP-029,RATE-PLN-OIS-060M,0.02366738
SP-029,RATE-PLN-OIS-090M,0.02398570
SP-029,RATE-PLN-OIS-120M,0.02425340
SP-029,RATE-PLN-OIS-180M,0.02470155
SP-029,RATE-PLN-OIS-240M,0.02507870
SP-029,RATE-PLN-OIS-360M,0.02571042
SP-029,RATE-PLN-GOVT-001M,0.02440582
SP-029,RATE-PLN-GOVT-002M,0.02448541
SP-029,RATE-PLN-GOVT-003M,0.02454619
SP-029,RATE-PLN-GOVT-005M,0.02464194
SP-029,RATE-PLN-GOVT-007M,0.02471925
SP-029,RATE-PLN-GOVT-010M,0.02481618
SP-029,RATE-PLN-GOVT-015M,0.02494875
SP-029,RATE-PLN-GOVT-020M,0.02505998
SP-029,RATE-PLN-GOVT-030M,0.02524572
SP-029,RATE-PLN-GOVT-060M,0.02566249
SP-029,RATE-PLN-GOVT-090M,0.02598081
SP-029,RATE-PLN-GOVT-120M,0.02624852
SP-029,RATE-PLN-GOVT-180M,0.02669666
SP-029,RATE-PLN-GOVT-240M,0.02707381
SP-029,RATE-PLN-GOVT-360M,0.02770554
SP-029,RATE-PLN-SWAP-001M,0.02640093
SP-029,RATE-PLN-SWAP-002M,0.02648052
SP-029,RATE-PLN-SWAP-003M,0.02654130
SP-029,RATE-PLN-SWAP-005M,0.02663705
SP-029,RATE-PLN-SWAP-007M,0.02671437
SP-029,RATE-PLN-SWAP-010M,0.02681129
SP-029,RATE-PLN-SWAP-015M,0.02694387
SP-029,RATE-PLN-SWAP-020M,0.02705509
SP-029,RATE-PLN-SWAP-030M,0.02724083
SP-029,RATE-PLN-SWAP-060M,0.02765761
SP-029,RATE-PLN-SWAP-090M,0.02797592
SP-029,RATE-PLN-SWAP-120M,0.02824363
SP-029,RATE-PLN-SWAP-180M,0.02869178
SP-029,RATE-PLN-SWAP-240M,0.02906892
SP-029,RATE-PLN-SWAP-360M,0.02970065
SP-029,RATE-PLN-INFLATION-001M,0.02839605
SP-029,RATE-PLN-INFLATION-002M,0.02847563
SP-029,RATE-PLN-INFLATION-003M,0.02853641
SP-029,RATE-PLN-INFLATION-005M,0.02863217
SP-029,RATE-PLN-INFLATION-007M,0.02870948
SP-029,RATE-PLN-INFLATION-010M,0.02880640
SP-029,RATE-PLN-INFLATION-015M,0.02893898
SP-029,RATE-PLN-INFLATION-020M,0.02905020
SP-029,RATE-PLN-INFLATION-030M,0.02923595
SP-029,RATE-PLN-INFLATION-060M,0.02965272
SP-029,RATE-PLN-INFLATION-090M,0.02997103
SP-029,RATE-PLN-INFLATION-120M,0.03023874
SP-029,RATE-PLN-INFLATION-180M,0.03068689
SP-029,RATE-PLN-INFLATION-240M,0.03106403
SP-029,RATE-PLN-INFLATION-360M,0.03169576
SP-029,RATE-CZK-OIS-001M,0.02391071
SP-029,RATE-CZK-OIS-002M,0.02399030
SP-029,RATE-CZK-OIS-003M,0.02405108
SP-029,RATE-CZK-OIS-005M,0.02414683
SP-029,RATE-CZK-OIS-007M,0.02422414
SP-029,RATE-CZK-OIS-010M,0.02432107
SP-029,RATE-CZK-OIS-015M,0.02445364
SP-029,RATE-CZK-OIS-020M,0.02456486
SP-029,RATE-CZK-OIS-030M,0.02475061
SP-029,RATE-CZK-OIS-060M,0.02516738
SP-029,RATE-CZK-OIS-090M,0.02548570
SP-029,RATE-CZK-OIS-120M,0.02575340
SP-029,RATE-CZK-OIS-180M,0.02620155
SP-029,RATE-CZK-OIS-240M,0.02657870
SP-029,RATE-CZK-OIS-360M,0.02721042
SP-029,RATE-CZK-GOVT-001M,0.02590582
SP-029,RATE-CZK-GOVT-002M,0.02598541
SP-029,RATE-CZK-GOVT-003M,0.02604619
SP-029,RATE-CZK-GOVT-005M,0.02614194
SP-029,RATE-CZK-GOVT-007M,0.02621925
SP-029,RATE-CZK-GOVT-010M,0.02631618
SP-029,RATE-CZK-GOVT-015M,0.02644875
SP-029,RATE-CZK-GOVT-020M,0.02655998
SP-029,RATE-CZK-GOVT-030M,0.02674572
SP-029,RATE-CZK-GOVT-060M,0.02716249
SP-029,RATE-CZK-GOVT-090M,0.02748081
SP-029,RATE-CZK-GOVT-120M,0.02774852
SP-029,RATE-CZK-GOVT-180M,0.02819666
SP-029,RATE-CZK-GOVT-240M,0.02857381
SP-029,RATE-CZK-GOVT-360M,0.02920554
SP-029,RATE-CZK-SWAP-001M,0.02790093
SP-029,RATE-CZK-SWAP-002M,0.02798052
SP-029,RATE-CZK-SWAP-003M,0.02804130
SP-029,RATE-CZK-SWAP-005M,0.02813705
SP-029,RATE-CZK-SWAP-007M,0.02821437
SP-029,RATE-CZK-SWAP-010M,0.02831129
SP-029,RATE-CZK-SWAP-015M,0.02844387
SP-029,RATE-CZK-SWAP-020M,0.02855509
SP-029,RATE-CZK-SWAP-030M,0.02874083
SP-029,RATE-CZK-SWAP-060M,0.02915761
SP-029,RATE-CZK-SWAP-090M,0.02947592
SP-029,RATE-CZK-SWAP-120M,0.02974363
SP-029,RATE-CZK-SWAP-180M,0.03019178
SP-029,RATE-CZK-SWAP-240M,0.03056892
SP-029,RATE-CZK-SWAP-360M,0.03120065
SP-029,RATE-CZK-INFLATION-001M,0.02989605
SP-029,RATE-CZK-INFLATION-002M,0.02997563
SP-029,RATE-CZK-INFLATION-003M,0.03003641
SP-029,RATE-CZK-INFLATION-005M,0.03013217
SP-029,RATE-CZK-INFLATION-007M,0.03020948
SP-029,RATE-CZK-INFLATION-010M,0.03030640
SP-029,RATE-CZK-INFLATION-015M,0.03043898
SP-029,RATE-CZK-INFLATION-020M,0.03055020
SP-029,RATE-CZK-INFLATION-030M,0.03073595
SP-029,RATE-CZK-INFLATION-060M,0.03115272
SP-029,RATE-CZK-INFLATION-090M,0.03147103
SP-029,RATE-CZK-INFLATION-120M,0.03173874
SP-029,RATE-CZK-INFLATION-180M,0.03218689
SP-029,RATE-CZK-INFLATION-240M,0.03256403
SP-029,RATE-CZK-INFLATION-360M,0.03319576
SP-029,RATE-HUF-OIS-001M,0.02541071
SP-029,RATE-HUF-OIS-002M,0.02549030
SP-029,RATE-HUF-OIS-003M,0.02555108
SP-029,RATE-HUF-OIS-005M,0.02564683
SP-029,RATE-HUF-OIS-007M,0.02572414
SP-029,RATE-HUF-OIS-010M,0.02582107
SP-029,RATE-HUF-OIS-015M,0.02595364
SP-029,RATE-HUF-OIS-020M,0.02606486
SP-029,RATE-HUF-OIS-030M,0.02625061
SP-029,RATE-HUF-OIS-060M,0.02666738
SP-029,RATE-HUF-OIS-090M,0.02698570
SP-029,RATE-HUF-OIS-120M,0.02725340
SP-029,RATE-HUF-OIS-180M,0.02770155
SP-029,RATE-HUF-OIS-240M,0.02807870
SP-029,RATE-HUF-OIS-360M,0.02871042
SP-029,RATE-HUF-GOVT-001M,0.02740582
SP-029,RATE-HUF-GOVT-002M,0.02748541
SP-029,RATE-HUF-GOVT-003M,0.02754619
SP-029,RATE-HUF-GOVT-005M,0.02764194
SP-029,RATE-HUF-GOVT-007M,0.02771925
SP-029,RATE-HUF-GOVT-010M,0.02781618
SP-029,RATE-HUF-GOVT-015M,0.02794875
SP-029,RATE-HUF-GOVT-020M,0.02805998
SP-029,RATE-HUF-GOVT-030M,0.02824572
SP-029,RATE-HUF-GOVT-060M,0.02866249
SP-029,RATE-HUF-GOVT-090M,0.02898081
SP-029,RATE-HUF-GOVT-120M,0.02924852
SP-029,RATE-HUF-GOVT-180M,0.02969666
SP-029,RATE-HUF-GOVT-240M,0.03007381
SP-029,RATE-HUF-GOVT-360M,0.03070554
SP-029,RATE-HUF-SWAP-001M,0.02940093
SP-029,RATE-HUF-SWAP-002M,0.02948052
SP-029,RATE-HUF-SWAP-003M,0.02954130
SP-029,RATE-HUF-SWAP-005M,0.02963705
SP-029,RATE-HUF-SWAP-007M,0.02971437
SP-029,RATE-HUF-SWAP-010M,0.02981129
SP-029,RATE-HUF-SWAP-015M,0.02994387
SP-029,RATE-HUF-SWAP-020M,0.03005509
SP-029,RATE-HUF-SWAP-030M,0.03024083
SP-029,RATE-HUF-SWAP-060M,0.03065761
SP-029,RATE-HUF-SWAP-090M,0.03097592
SP-029,RATE-HUF-SWAP-120M,0.03124363
SP-029,RATE-HUF-SWAP-180M,0.03169178
SP-029,RATE-HUF-SWAP-240M,0.03206892
SP-029,RATE-HUF-SWAP-360M,0.03270065
SP-029,RATE-HUF-INFLATION-001M,0.03139605
SP-029,RATE-HUF-INFLATION-002M,0.03147563
SP-029,RATE-HUF-INFLATION-003M,0.03153641
SP-029,RATE-HUF-INFLATION-005M,0.03163217
SP-029,RATE-HUF-INFLATION-007M,0.03170948
SP-029,RATE-HUF-INFLATION-010M,0.03180640
SP-029,RATE-HUF-INFLATION-015M,0.03193898
SP-029,RATE-HUF-INFLATION-020M,0.03205020
SP-029,RATE-HUF-INFLATION-030M,0.03223595
SP-029,RATE-HUF-INFLATION-060M,0.03265272
SP-029,RATE-HUF-INFLATION-090M,0.03297103
SP-029,RATE-HUF-INFLATION-120M,0.03323874
SP-029,RATE-HUF-INFLATION-180M,0.03368689
SP-029,RATE-HUF-INFLATION-240M,0.03406403
SP-029,RATE-HUF-INFLATION-360M,0.03469576
SP-029,RATE-SGD-OIS-001M,0.02691071
SP-029,RATE-SGD-OIS-002M,0.02699030
SP-029,RATE-SGD-OIS-003M,0.02705108
SP-029,RATE-SGD-OIS-005M,0.02714683
SP-029,RATE-SGD-OIS-007M,0.02722414
SP-029,RATE-SGD-OIS-010M,0.02732107
SP-029,RATE-SGD-OIS-015M,0.02745364
SP-029,RATE-SGD-OIS-020M,0.02756486
SP-029,RATE-SGD-OIS-030M,0.02775061
SP-029,RATE-SGD-OIS-060M,0.02816738
SP-029,RATE-SGD-OIS-090M,0.02848570
SP-029,RATE-SGD-OIS-120M,0.02875340
SP-029,RATE-SGD-OIS-180M,0.02920155
SP-029,RATE-SGD-OIS-240M,0.02957870
SP-029,RATE-SGD-OIS-360M,0.03021042
SP-029,RATE-SGD-GOVT-001M,0.02890582
SP-029,RATE-SGD-GOVT-002M,0.02898541
SP-029,RATE-SGD-GOVT-003M,0.02904619
SP-029,RATE-SGD-GOVT-005M,0.02914194
SP-029,RATE-SGD-GOVT-007M,0.02921925
SP-029,RATE-SGD-GOVT-010M,0.02931618
SP-029,RATE-SGD-GOVT-015M,0.02944875
SP-029,RATE-SGD-GOVT-020M,0.02955998
SP-029,RATE-SGD-GOVT-030M,0.02974572
SP-029,RATE-SGD-GOVT-060M,0.03016249
SP-029,RATE-SGD-GOVT-090M,0.03048081
SP-029,RATE-SGD-GOVT-120M,0.03074852
SP-029,RATE-SGD-GOVT-180M,0.03119666
SP-029,RATE-SGD-GOVT-240M,0.03157381
SP-029,RATE-SGD-GOVT-360M,0.03220554
SP-029,RATE-SGD-SWAP-001M,0.03090093
SP-029,RATE-SGD-SWAP-002M,0.03098052
SP-029,RATE-SGD-SWAP-003M,0.03104130
SP-029,RATE-SGD-SWAP-005M,0.03113705
SP-029,RATE-SGD-SWAP-007M,0.03121437
SP-029,RATE-SGD-SWAP-010M,0.03131129
SP-029,RATE-SGD-SWAP-015M,0.03144387
SP-029,RATE-SGD-SWAP-020M,0.03155509
SP-029,RATE-SGD-SWAP-030M,0.03174083
SP-029,RATE-SGD-SWAP-060M,0.03215761
SP-029,RATE-SGD-SWAP-090M,0.03247592
SP-029,RATE-SGD-SWAP-120M,0.03274363
SP-029,RATE-SGD-SWAP-180M,0.03319178
SP-029,RATE-SGD-SWAP-240M,0.03356892
SP-029,RATE-SGD-SWAP-360M,0.03420065
SP-029,RATE-SGD-INFLATION-001M,0.03289605
SP-029,RATE-SGD-INFLATION-002M,0.03297563
SP-029,RATE-SGD-INFLATION-003M,0.03303641
SP-029,RATE-SGD-INFLATION-005M,0.03313217
SP-029,RATE-SGD-INFLATION-007M,0.03320948
SP-029,RATE-SGD-INFLATION-010M,0.03330640
SP-029,RATE-SGD-INFLATION-015M,0.03343898
SP-029,RATE-SGD-INFLATION-020M,0.03355020
SP-029,RATE-SGD-INFLATION-030M,0.03373595
SP-029,RATE-SGD-INFLATION-060M,0.03415272
SP-029,RATE-SGD-INFLATION-090M,0.03447103
SP-029,RATE-SGD-INFLATION-120M,0.03473874
SP-029,RATE-SGD-INFLATION-180M,0.03518689
SP-029,RATE-SGD-INFLATION-240M,0.03556403
SP-029,RATE-SGD-INFLATION-360M,0.03619576
SP-029,RATE-HKD-OIS-001M,0.02841071
SP-029,RATE-HKD-OIS-002M,0.02849030
SP-029,RATE-HKD-OIS-003M,0.02855108
SP-029,RATE-HKD-OIS-005M,0.02864683
SP-029,RATE-HKD-OIS-007M,0.02872414
SP-029,RATE-HKD-OIS-010M,0.02882107
SP-029,RATE-HKD-OIS-015M,0.02895364
SP-029,RATE-HKD-OIS-020M,0.02906486
SP-029,RATE-HKD-OIS-030M,0.02925061
SP-029,RATE-HKD-OIS-060M,0.02966738
SP-029,RATE-HKD-OIS-090M,0.02998570
SP-029,RATE-HKD-OIS-120M,0.03025340
SP-029,RATE-HKD-OIS-180M,0.03070155
SP-029,RATE-HKD-OIS-240M,0.03107870
SP-029,RATE-HKD-OIS-360M,0.03171042
SP-029,RATE-HKD-GOVT-001M,0.03040582
SP-029,RATE-HKD-GOVT-002M,0.03048541
SP-029,RATE-HKD-GOVT-003M,0.03054619
SP-029,RATE-HKD-GOVT-005M,0.03064194
SP-029,RATE-HKD-GOVT-007M,0.03071925
SP-029,RATE-HKD-GOVT-010M,0.03081618
SP-029,RATE-HKD-GOVT-015M,0.03094875
SP-029,RATE-HKD-GOVT-020M,0.03105998
SP-029,RATE-HKD-GOVT-030M,0.03124572
SP-029,RATE-HKD-GOVT-060M,0.03166249
SP-029,RATE-HKD-GOVT-090M,0.03198081
SP-029,RATE-HKD-GOVT-120M,0.03224852
SP-029,RATE-HKD-GOVT-180M,0.03269666
SP-029,RATE-HKD-GOVT-240M,0.03307381
SP-029,RATE-HKD-GOVT-360M,0.03370554
SP-029,RATE-HKD-SWAP-001M,0.03240093
SP-029,RATE-HKD-SWAP-002M,0.03248052
SP-029,RATE-HKD-SWAP-003M,0.03254130
SP-029,RATE-HKD-SWAP-005M,0.03263705
SP-029,RATE-HKD-SWAP-007M,0.03271437
SP-029,RATE-HKD-SWAP-010M,0.03281129
SP-029,RATE-HKD-SWAP-015M,0.03294387
SP-029,RATE-HKD-SWAP-020M,0.03305509
SP-029,RATE-HKD-SWAP-030M,0.03324083
SP-029,RATE-HKD-SWAP-060M,0.03365761
SP-029,RATE-HKD-SWAP-090M,0.03397592
SP-029,RATE-HKD-SWAP-120M,0.03424363
SP-029,RATE-HKD-SWAP-180M,0.03469178
SP-029,RATE-HKD-SWAP-240M,0.03506892
SP-029,RATE-HKD-SWAP-360M,0.03570065
SP-029,RATE-HKD-INFLATION-001M,0.03439605
SP-029,RATE-HKD-INFLATION-002M,0.03447563
SP-029,RATE-HKD-INFLATION-003M,0.03453641
SP-029,RATE-HKD-INFLATION-005M,0.03463217
SP-029,RATE-HKD-INFLATION-007M,0.03470948
SP-029,RATE-HKD-INFLATION-010M,0.03480640
SP-029,RATE-HKD-INFLATION-015M,0.03493898
SP-029,RATE-HKD-INFLATION-020M,0.03505020
SP-029,RATE-HKD-INFLATION-030M,0.03523595
SP-029,RATE-HKD-INFLATION-060M,0.03565272
SP-029,RATE-HKD-INFLATION-090M,0.03597103
SP-029,RATE-HKD-INFLATION-120M,0.03623874
SP-029,RATE-HKD-INFLATION-180M,0.03668689
SP-029,RATE-HKD-INFLATION-240M,0.03706403
SP-029,RATE-HKD-INFLATION-360M,0.03769576
SP-029,RATE-KRW-OIS-001M,0.02991071
SP-029,RATE-KRW-OIS-002M,0.02999030
SP-029,RATE-KRW-OIS-003M,0.03005108
SP-029,RATE-KRW-OIS-005M,0.03014683
SP-029,RATE-KRW-OIS-007M,0.03022414
SP-029,RATE-KRW-OIS-010M,0.03032107
SP-029,RATE-KRW-OIS-015M,0.03045364
SP-029,RATE-KRW-OIS-020M,0.03056486
SP-029,RATE-KRW-OIS-030M,0.03075061
SP-029,RATE-KRW-OIS-060M,0.03116738
SP-029,RATE-KRW-OIS-090M,0.03148570
SP-029,RATE-KRW-OIS-120M,0.03175340
SP-029,RATE-KRW-OIS-180M,0.03220155
SP-029,RATE-KRW-OIS-240M,0.03257870
SP-029,RATE-KRW-OIS-360M,0.03321042
SP-029,RATE-KRW-GOVT-001M,0.03190582
SP-029,RATE-KRW-GOVT-002M,0.03198541
SP-029,RATE-KRW-GOVT-003M,0.03204619
SP-029,RATE-KRW-GOVT-005M,0.03214194
SP-029,RATE-KRW-GOVT-007M,0.03221925
SP-029,RATE-KRW-GOVT-010M,0.03231618
SP-029,RATE-KRW-GOVT-015M,0.03244875
SP-029,RATE-KRW-GOVT-020M,0.03255998
SP-029,RATE-KRW-GOVT-030M,0.03274572
SP-029,RATE-KRW-GOVT-060M,0.03316249
SP-029,RATE-KRW-GOVT-090M,0.03348081
SP-029,RATE-KRW-GOVT-120M,0.03374852
SP-029,RATE-KRW-GOVT-180M,0.03419666
SP-029,RATE-KRW-GOVT-240M,0.03457381
SP-029,RATE-KRW-GOVT-360M,0.03520554
SP-029,RATE-KRW-SWAP-001M,0.03390093
SP-029,RATE-KRW-SWAP-002M,0.03398052
SP-029,RATE-KRW-SWAP-003M,0.03404130
SP-029,RATE-KRW-SWAP-005M,0.03413705
SP-029,RATE-KRW-SWAP-007M,0.03421437
SP-029,RATE-KRW-SWAP-010M,0.03431129
SP-029,RATE-KRW-SWAP-015M,0.03444387
SP-029,RATE-KRW-SWAP-020M,0.03455509
SP-029,RATE-KRW-SWAP-030M,0.03474083
SP-029,RATE-KRW-SWAP-060M,0.03515761
SP-029,RATE-KRW-SWAP-090M,0.03547592
SP-029,RATE-KRW-SWAP-120M,0.03574363
SP-029,RATE-KRW-SWAP-180M,0.03619178
SP-029,RATE-KRW-SWAP-240M,0.03656892
SP-029,RATE-KRW-SWAP-360M,0.03720065
SP-029,RATE-KRW-INFLATION-001M,0.03589605
SP-029,RATE-KRW-INFLATION-002M,0.03597563
SP-029,RATE-KRW-INFLATION-003M,0.03603641
SP-029,RATE-KRW-INFLATION-005M,0.03613217
SP-029,RATE-KRW-INFLATION-007M,0.03620948
SP-029,RATE-KRW-INFLATION-010M,0.03630640
SP-029,RATE-KRW-INFLATION-015M,0.03643898
SP-029,RATE-KRW-INFLATION-020M,0.03655020
SP-029,RATE-KRW-INFLATION-030M,0.03673595
SP-029,RATE-KRW-INFLATION-060M,0.03715272
SP-029,RATE-KRW-INFLATION-090M,0.03747103
SP-029,RATE-KRW-INFLATION-120M,0.03773874
SP-029,RATE-KRW-INFLATION-180M,0.03818689
SP-029,RATE-KRW-INFLATION-240M,0.03856403
SP-029,RATE-KRW-INFLATION-360M,0.03919576
SP-029,RATE-CNY-OIS-001M,0.03141071
SP-029,RATE-CNY-OIS-002M,0.03149030
SP-029,RATE-CNY-OIS-003M,0.03155108
SP-029,RATE-CNY-OIS-005M,0.03164683
SP-029,RATE-CNY-OIS-007M,0.03172414
SP-029,RATE-CNY-OIS-010M,0.03182107
SP-029,RATE-CNY-OIS-015M,0.03195364
SP-029,RATE-CNY-OIS-020M,0.03206486
SP-029,RATE-CNY-OIS-030M,0.03225061
SP-029,RATE-CNY-OIS-060M,0.03266738
SP-029,RATE-CNY-OIS-090M,0.03298570
SP-029,RATE-CNY-OIS-120M,0.03325340
SP-029,RATE-CNY-OIS-180M,0.03370155
SP-029,RATE-CNY-OIS-240M,0.03407870
SP-029,RATE-CNY-OIS-360M,0.03471042
SP-029,RATE-CNY-GOVT-001M,0.03340582
SP-029,RATE-CNY-GOVT-002M,0.03348541
SP-029,RATE-CNY-GOVT-003M,0.03354619
SP-029,RATE-CNY-GOVT-005M,0.03364194
SP-029,RATE-CNY-GOVT-007M,0.03371925
SP-029,RATE-CNY-GOVT-010M,0.03381618
SP-029,RATE-CNY-GOVT-015M,0.03394875
SP-029,RATE-CNY-GOVT-020M,0.03405998
SP-029,RATE-CNY-GOVT-030M,0.03424572
SP-029,RATE-CNY-GOVT-060M,0.03466249
SP-029,RATE-CNY-GOVT-090M,0.03498081
SP-029,RATE-CNY-GOVT-120M,0.03524852
SP-029,RATE-CNY-GOVT-180M,0.03569666
SP-029,RATE-CNY-GOVT-240M,0.03607381
SP-029,RATE-CNY-GOVT-360M,0.03670554
SP-029,RATE-CNY-SWAP-001M,0.03540093
SP-029,RATE-CNY-SWAP-002M,0.03548052
SP-029,RATE-CNY-SWAP-003M,0.03554130
SP-029,RATE-CNY-SWAP-005M,0.03563705
SP-029,RATE-CNY-SWAP-007M,0.03571437
SP-029,RATE-CNY-SWAP-010M,0.03581129
SP-029,RATE-CNY-SWAP-015M,0.03594387
SP-029,RATE-CNY-SWAP-020M,0.03605509
SP-029,RATE-CNY-SWAP-030M,0.03624083
SP-029,RATE-CNY-SWAP-060M,0.03665761
SP-029,RATE-CNY-SWAP-090M,0.03697592
SP-029,RATE-CNY-SWAP-120M,0.03724363
SP-029,RATE-CNY-SWAP-180M,0.03769178
SP-029,RATE-CNY-SWAP-240M,0.03806892
SP-029,RATE-CNY-SWAP-360M,0.03870065
SP-029,RATE-CNY-INFLATION-001M,0.03739605
SP-029,RATE-CNY-INFLATION-002M,0.03747563
SP-029,RATE-CNY-INFLATION-003M,0.03753641
SP-029,RATE-CNY-INFLATION-005M,0.03763217
SP-029,RATE-CNY-INFLATION-007M,0.03770948
SP-029,RATE-CNY-INFLATION-010M,0.03780640
SP-029,RATE-CNY-INFLATION-015M,0.03793898
SP-029,RATE-CNY-INFLATION-020M,0.03805020
SP-029,RATE-CNY-INFLATION-030M,0.03823595
SP-029,RATE-CNY-INFLATION-060M,0.03865272
SP-029,RATE-CNY-INFLATION-090M,0.03897103
SP-029,RATE-CNY-INFLATION-120M,0.03923874
SP-029,RATE-CNY-INFLATION-180M,0.03968689
SP-029,RATE-CNY-INFLATION-240M,0.04006403
SP-029,RATE-CNY-INFLATION-360M,0.04069576
SP-029,CREDIT-G001-006M,0.00189720
SP-029,CREDIT-G001-012M,0.00379081
SP-029,CREDIT-G001-024M,0.00756726
SP-029,CREDIT-G001-036M,0.01132942
SP-029,CREDIT-G001-060M,0.01881106
SP-029,CREDIT-G001-084M,0.01364727
SP-029,CREDIT-G001-120M,0.03915706
SP-029,CREDIT-G001-144M,0.04770155
SP-029,CREDIT-G001-180M,0.06041517
SP-029,CREDIT-G001-240M,0.07818581
SP-029,CREDIT-G001-300M,0.09562258
SP-029,CREDIT-G001-360M,0.11273173
SP-029,CREDIT-G002-006M,0.00197705
SP-029,CREDIT-G002-012M,0.00395019
SP-029,CREDIT-G002-024M,0.00788479
SP-029,CREDIT-G002-036M,0.01180387
SP-029,CREDIT-G002-060M,0.01959570
SP-029,CREDIT-G002-084M,0.01479839
SP-029,CREDIT-G002-120M,0.04068703
SP-029,CREDIT-G002-144M,0.04951897
SP-029,CREDIT-G002-180M,0.06265510
SP-029,CREDIT-G002-240M,0.08112255
SP-029,CREDIT-G002-300M,0.09922852
SP-029,CREDIT-G002-360M,0.11698008
SP-029,CREDIT-G003-006M,0.00205688
SP-029,CREDIT-G003-012M,0.00410954
SP-029,CREDIT-G003-024M,0.00820221
SP-029,CREDIT-G003-036M,0.01227809
SP-029,CREDIT-G003-060M,0.02037971
SP-029,CREDIT-G003-084M,0.01594828
SP-029,CREDIT-G003-120M,0.04221454
SP-029,CREDIT-G003-144M,0.05133287
SP-029,CREDIT-G003-180M,0.06488960
SP-029,CREDIT-G003-240M,0.08404982
SP-029,CREDIT-G003-300M,0.10281997
SP-029,CREDIT-G003-360M,0.12120797
SP-029,CREDIT-G004-006M,0.00213672
SP-029,CREDIT-G004-012M,0.00426887
SP-029,CREDIT-G004-024M,0.00851954
SP-029,CREDIT-G004-036M,0.01275208
SP-029,CREDIT-G004-060M,0.02116309
SP-029,CREDIT-G004-084M,0.01709696
SP-029,CREDIT-G004-120M,0.04373959
SP-029,CREDIT-G004-144M,0.05314326
SP-029,CREDIT-G004-180M,0.06711868
SP-029,CREDIT-G004-240M,0.08696766
SP-029,CREDIT-G004-300M,0.10639698
SP-029,CREDIT-G004-360M,0.12541550
SP-029,CREDIT-G005-006M,0.00221654
SP-029,CREDIT-G005-012M,0.00442818
SP-029,CREDIT-G005-024M,0.00883676
SP-029,CREDIT-G005-036M,0.01322585
SP-029,CREDIT-G005-060M,0.02194585
SP-029,CREDIT-G005-084M,0.01824442
SP-029,CREDIT-G005-120M,0.04526219
SP-029,CREDIT-G005-144M,0.05495015
SP-029,CREDIT-G005-180M,0.06934236
SP-029,CREDIT-G005-240M,0.08987611
SP-029,CREDIT-G005-300M,0.10995962
SP-029,CREDIT-G005-360M,0.12960276
SP-029,CREDIT-G006-006M,0.00229636
SP-029,CREDIT-G006-012M,0.00458745
SP-029,CREDIT-G006-024M,0.00915388
SP-029,CREDIT-G006-036M,0.01369938
SP-029,CREDIT-G006-060M,0.02272798
SP-029,CREDIT-G006-084M,0.01939066
SP-029,CREDIT-G006-120M,0.04678235
SP-029,CREDIT-G006-144M,0.05675355
SP-029,CREDIT-G006-180M,0.07156066
SP-029,CREDIT-G006-240M,0.09277518
SP-029,CREDIT-G006-300M,0.11350794
SP-029,CREDIT-G006-360M,0.13376986
SP-029,CREDIT-G007-006M,0.00237617
SP-029,CREDIT-G007-012M,0.00474671
SP-029,CREDIT-G007-024M,0.00947090
SP-029,CREDIT-G007-036M,0.01417269
SP-029,CREDIT-G007-060M,0.02350948
SP-029,CREDIT-G007-084M,0.02053569
SP-029,CREDIT-G007-120M,0.04830005
SP-029,CREDIT-G007-144M,0.05855346
SP-029,CREDIT-G007-180M,0.07377357
SP-029,CREDIT-G007-240M,0.09566491
SP-029,CREDIT-G007-300M,0.11704199
SP-029,CREDIT-G007-360M,0.13791689
SP-029,CREDIT-G008-006M,0.00245598
SP-029,CREDIT-G008-012M,0.00490594
SP-029,CREDIT-G008-024M,0.00978782
SP-029,CREDIT-G008-036M,0.01464578
SP-029,CREDIT-G008-060M,0.02429036
SP-029,CREDIT-G008-084M,0.02167951
SP-029,CREDIT-G008-120M,0.04981532
SP-029,CREDIT-G008-144M,0.06034989
SP-029,CREDIT-G008-180M,0.07598112
SP-029,CREDIT-G008-240M,0.09854533
SP-029,CREDIT-G008-300M,0.12056184
SP-029,CREDIT-G008-360M,0.14204393
SP-029,CREDIT-G009-006M,0.00253578
SP-029,CREDIT-G009-012M,0.00506514
SP-029,CREDIT-G009-024M,0.01010464
SP-029,CREDIT-G009-036M,0.01511863
SP-029,CREDIT-G009-060M,0.02507062
SP-029,CREDIT-G009-084M,0.02282211
SP-029,CREDIT-G009-120M,0.05132815
SP-029,CREDIT-G009-144M,0.06214284
SP-029,CREDIT-G009-180M,0.07818333
SP-029,CREDIT-G009-240M,0.10141648
SP-029,CREDIT-G009-300M,0.12406754
SP-029,CREDIT-G009-360M,0.14615110
SP-029,CREDIT-G010-006M,0.00261558
SP-029,CREDIT-G010-012M,0.00522432
SP-029,CREDIT-G010-024M,0.01042136
SP-029,CREDIT-G010-036M,0.01559126
SP-029,CREDIT-G010-060M,0.02585025
SP-029,CREDIT-G010-084M,0.02396350
SP-029,CREDIT-G010-120M,0.05283855
SP-029,CREDIT-G010-144M,0.06393232
SP-029,CREDIT-G010-180M,0.08038019
SP-029,CREDIT-G010-240M,0.10427837
SP-029,CREDIT-G010-300M,0.12755915
SP-029,CREDIT-G010-360M,0.15023849
SP-029,CREDIT-G011-006M,0.00269536
SP-029,CREDIT-G011-012M,0.00538347
SP-029,CREDIT-G011-024M,0.01073797
SP-029,CREDIT-G011-036M,0.01606367
SP-029,CREDIT-G011-060M,0.02662926
SP-029,CREDIT-G011-084M,0.02510369
SP-029,CREDIT-G011-120M,0.05434651
SP-029,CREDIT-G011-144M,0.06571834
SP-029,CREDIT-G011-180M,0.08257173
SP-029,CREDIT-G011-240M,0.10713103
SP-029,CREDIT-G011-300M,0.13103672
SP-029,CREDIT-G011-360M,0.15430619
SP-029,CREDIT-G012-006M,0.00277514
SP-029,CREDIT-G012-012M,0.00554259
SP-029,CREDIT-G012-024M,0.01105448
SP-029,CREDIT-G012-036M,0.01653584
SP-029,CREDIT-G012-060M,0.02740764
SP-029,CREDIT-G012-084M,0.02624266
SP-029,CREDIT-G012-120M,0.05585206
SP-029,CREDIT-G012-144M,0.06750091
SP-029,CREDIT-G012-180M,0.08475796
SP-029,CREDIT-G012-240M,0.10997451
SP-029,CREDIT-G012-300M,0.13450032
SP-029,CREDIT-G012-360M,0.15835429
SP-029,CREDIT-G013-006M,0.00285492
SP-029,CREDIT-G013-012M,0.00570169
SP-029,CREDIT-G013-024M,0.01137090
SP-029,CREDIT-G013-036M,0.01700779
SP-029,CREDIT-G013-060M,0.02818540
SP-029,CREDIT-G013-084M,0.02738043
SP-029,CREDIT-G013-120M,0.05735518
SP-029,CREDIT-G013-144M,0.06928002
SP-029,CREDIT-G013-180M,0.08693889
SP-029,CREDIT-G013-240M,0.11280882
SP-029,CREDIT-G013-300M,0.13794998
SP-029,CREDIT-G013-360M,0.16238289
SP-029,CREDIT-G014-006M,0.00293469
SP-029,CREDIT-G014-012M,0.00586077
SP-029,CREDIT-G014-024M,0.01168721
SP-029,CREDIT-G014-036M,0.01747952
SP-029,CREDIT-G014-060M,0.02896255
SP-029,CREDIT-G014-084M,0.02851700
SP-029,CREDIT-G014-120M,0.05885588
SP-029,CREDIT-G014-144M,0.07105570
SP-029,CREDIT-G014-180M,0.08911453
SP-029,CREDIT-G014-240M,0.11563401
SP-029,CREDIT-G014-300M,0.14138578
SP-029,CREDIT-G014-360M,0.16639208
SP-029,CREDIT-G015-006M,0.00301445
SP-029,CREDIT-G015-012M,0.00601982
SP-029,CREDIT-G015-024M,0.01200342
SP-029,CREDIT-G015-036M,0.01795101
SP-029,CREDIT-G015-060M,0.02973906
SP-029,CREDIT-G015-084M,0.02965236
SP-029,CREDIT-G015-120M,0.06035417
SP-029,CREDIT-G015-144M,0.07282794
SP-029,CREDIT-G015-180M,0.09128490
SP-029,CREDIT-G015-240M,0.11845008
SP-029,CREDIT-G015-300M,0.14480777
SP-029,CREDIT-G015-360M,0.17038196
SP-029,CREDIT-G016-006M,0.00309421
SP-029,CREDIT-G016-012M,0.00617884
SP-029,CREDIT-G016-024M,0.01231952
SP-029,CREDIT-G016-036M,0.01842228
SP-029,CREDIT-G016-060M,0.03051496
SP-029,CREDIT-G016-084M,0.03078652
SP-029,CREDIT-G016-120M,0.06185004
SP-029,CREDIT-G016-144M,0.07459675
SP-029,CREDIT-G016-180M,0.09345001
SP-029,CREDIT-G016-240M,0.12125708
SP-029,CREDIT-G016-300M,0.14821600
SP-029,CREDIT-G016-360M,0.17435261
SP-029,CREDIT-G017-006M,0.00317395
SP-029,CREDIT-G017-012M,0.00633784
SP-029,CREDIT-G017-024M,0.01263553
SP-029,CREDIT-G017-036M,0.01889333
SP-029,CREDIT-G017-060M,0.03129024
SP-029,CREDIT-G017-084M,0.03191947
SP-029,CREDIT-G017-120M,0.06334352
SP-029,CREDIT-G017-144M,0.07636214
SP-029,CREDIT-G017-180M,0.09560987
SP-029,CREDIT-G017-240M,0.12405504
SP-029,CREDIT-G017-300M,0.15161052
SP-029,CREDIT-G017-360M,0.17830414
SP-029,CREDIT-G018-006M,0.00325370
SP-029,CREDIT-G018-012M,0.00649681
SP-029,CREDIT-G018-024M,0.01295144
SP-029,CREDIT-G018-036M,0.01936414
SP-029,CREDIT-G018-060M,0.03206490
SP-029,CREDIT-G018-084M,0.03305123
SP-029,CREDIT-G018-120M,0.06483459
SP-029,CREDIT-G018-144M,0.07812411
SP-029,CREDIT-G018-180M,0.09776449
SP-029,CREDIT-G018-240M,0.12684398
SP-029,CREDIT-G018-300M,0.15499140
SP-029,CREDIT-G018-360M,0.18223662
SP-029,CREDIT-G019-006M,0.00333343
SP-029,CREDIT-G019-012M,0.00665576
SP-029,CREDIT-G019-024M,0.01326724
SP-029,CREDIT-G019-036M,0.01983474
SP-029,CREDIT-G019-060M,0.03283894
SP-029,CREDIT-G019-084M,0.03418179
SP-029,CREDIT-G019-120M,0.06632326
SP-029,CREDIT-G019-144M,0.07988268
SP-029,CREDIT-G019-180M,0.09991389
SP-029,CREDIT-G019-240M,0.12962393
SP-029,CREDIT-G019-300M,0.15835868
SP-029,CREDIT-G019-360M,0.18615016
SP-029,CREDIT-G020-006M,0.00341316
SP-029,CREDIT-G020-012M,0.00681468
SP-029,CREDIT-G020-024M,0.01358295
SP-029,CREDIT-G020-036M,0.02030510
SP-029,CREDIT-G020-060M,0.03361236
SP-029,CREDIT-G020-084M,0.03531115
SP-029,CREDIT-G020-120M,0.06780953
SP-029,CREDIT-G020-144M,0.08163784
SP-029,CREDIT-G020-180M,0.10205808
SP-029,CREDIT-G020-240M,0.13239492
SP-029,CREDIT-G020-300M,0.16171242
SP-029,CREDIT-G020-360M,0.19004484
SP-029,CREDIT-G021-006M,0.00349289
SP-029,CREDIT-G021-012M,0.00697358
SP-029,CREDIT-G021-024M,0.01389855
SP-029,CREDIT-G021-036M,0.02077524
SP-029,CREDIT-G021-060M,0.03438516
SP-029,CREDIT-G021-084M,0.03643932
SP-029,CREDIT-G021-120M,0.06929342
SP-029,CREDIT-G021-144M,0.08338961
SP-029,CREDIT-G021-180M,0.10419707
SP-029,CREDIT-G021-240M,0.13515697
SP-029,CREDIT-G021-300M,0.16505268
SP-029,CREDIT-G021-360M,0.19392075
SP-029,CREDIT-G022-006M,0.00357261
SP-029,CREDIT-G022-012M,0.00713245
SP-029,CREDIT-G022-024M,0.01421405
SP-029,CREDIT-G022-036M,0.02124516
SP-029,CREDIT-G022-060M,0.03515734
SP-029,CREDIT-G022-084M,0.03756629
SP-029,CREDIT-G022-120M,0.07077492
SP-029,CREDIT-G022-144M,0.08513798
SP-029,CREDIT-G022-180M,0.10633087
SP-029,CREDIT-G022-240M,0.13791013
SP-029,CREDIT-G022-300M,0.16837950
SP-029,CREDIT-G022-360M,0.19777799
SP-029,CREDIT-G023-006M,0.00365232
SP-029,CREDIT-G023-012M,0.00729130
SP-029,CREDIT-G023-024M,0.01452945
SP-029,CREDIT-G023-036M,0.02171485
SP-029,CREDIT-G023-060M,0.03592891
SP-029,CREDIT-G023-084M,0.03869207
SP-029,CREDIT-G023-120M,0.07225404
SP-029,CREDIT-G023-144M,0.08688298
SP-029,CREDIT-G023-180M,0.10845950
SP-029,CREDIT-G023-240M,0.14065441
SP-029,CREDIT-G023-300M,0.17169295
SP-029,CREDIT-G023-360M,0.20161664
SP-029,CREDIT-G024-006M,0.00373202
SP-029,CREDIT-G024-012M,0.00745012
SP-029,CREDIT-G024-024M,0.01484475
SP-029,CREDIT-G024-036M,0.02218431
SP-029,CREDIT-G024-060M,0.03669985
SP-029,CREDIT-G024-084M,0.03981665
SP-029,CREDIT-G024-120M,0.07373077
SP-029,CREDIT-G024-144M,0.08862459
SP-029,CREDIT-G024-180M,0.11058297
SP-029,CREDIT-G024-240M,0.14338985
SP-029,CREDIT-G024-300M,0.17499307
SP-029,CREDIT-G024-360M,0.20543679
SP-029,CREDIT-G025-006M,0.00381172
SP-029,CREDIT-G025-012M,0.00760891
SP-029,CREDIT-G025-024M,0.01515995
SP-029,CREDIT-G025-036M,0.02265355
SP-029,CREDIT-G025-060M,0.03747019
SP-029,CREDIT-G025-084M,0.04094005
SP-029,CREDIT-G025-120M,0.07520513
SP-029,CREDIT-G025-144M,0.09036284
SP-029,CREDIT-G025-180M,0.11270129
SP-029,CREDIT-G025-240M,0.14611647
SP-029,CREDIT-G025-300M,0.17827992
SP-029,CREDIT-G025-360M,0.20923853
SP-029,CREDIT-G026-006M,0.00389141
SP-029,CREDIT-G026-012M,0.00776768
SP-029,CREDIT-G026-024M,0.01547505
SP-029,CREDIT-G026-036M,0.02312257
SP-029,CREDIT-G026-060M,0.03823990
SP-029,CREDIT-G026-084M,0.04206226
SP-029,CREDIT-G026-120M,0.07667712
SP-029,CREDIT-G026-144M,0.09209772
SP-029,CREDIT-G026-180M,0.11481447
SP-029,CREDIT-G026-240M,0.14883430
SP-029,CREDIT-G026-300M,0.18155355
SP-029,CREDIT-G026-360M,0.21302195
SP-029,CREDIT-G027-006M,0.00397110
SP-029,CREDIT-G027-012M,0.00792643
SP-029,CREDIT-G027-024M,0.01579005
SP-029,CREDIT-G027-036M,0.02359135
SP-029,CREDIT-G027-060M,0.03900900
SP-029,CREDIT-G027-084M,0.04318328
SP-029,CREDIT-G027-120M,0.07814674
SP-029,CREDIT-G027-144M,0.09382925
SP-029,CREDIT-G027-180M,0.11692253
SP-029,CREDIT-G027-240M,0.15154336
SP-029,CREDIT-G027-300M,0.18481402
SP-029,CREDIT-G027-360M,0.21678713
SP-029,CREDIT-G028-006M,0.00405078
SP-029,CREDIT-G028-012M,0.00808515
SP-029,CREDIT-G028-024M,0.01610494
SP-029,CREDIT-G028-036M,0.02405992
SP-029,CREDIT-G028-060M,0.03977749
SP-029,CREDIT-G028-084M,0.04430311
SP-029,CREDIT-G028-120M,0.07961400
SP-029,CREDIT-G028-144M,0.09555743
SP-029,CREDIT-G028-180M,0.11902548
SP-029,CREDIT-G028-240M,0.15424370
SP-029,CREDIT-G028-300M,0.18806137
SP-029,CREDIT-G028-360M,0.22053417
SP-029,CREDIT-G029-006M,0.00413045
SP-029,CREDIT-G029-012M,0.00824384
SP-029,CREDIT-G029-024M,0.01641974
SP-029,CREDIT-G029-036M,0.02452826
SP-029,CREDIT-G029-060M,0.04054536
SP-029,CREDIT-G029-084M,0.04542176
SP-029,CREDIT-G029-120M,0.08107890
SP-029,CREDIT-G029-144M,0.09728226
SP-029,CREDIT-G029-180M,0.12112333
SP-029,CREDIT-G029-240M,0.15693533
SP-029,CREDIT-G029-300M,0.19129566
SP-029,CREDIT-G029-360M,0.22426315
SP-029,CREDIT-G030-006M,0.00421011
SP-029,CREDIT-G030-012M,0.00840251
SP-029,CREDIT-G030-024M,0.01673444
SP-029,CREDIT-G030-036M,0.02499637
SP-029,CREDIT-G030-060M,0.04131262
SP-029,CREDIT-G030-084M,0.04653922
SP-029,CREDIT-G030-120M,0.08254144
SP-029,CREDIT-G030-144M,0.09900375
SP-029,CREDIT-G030-180M,0.12321609
SP-029,CREDIT-G030-240M,0.15961828
SP-029,CREDIT-G030-300M,0.19451694
SP-029,CREDIT-G030-360M,0.22797415
SP-029,CREDIT-G031-006M,0.00428977
SP-029,CREDIT-G031-012M,0.00856115
SP-029,CREDIT-G031-024M,0.01704903
SP-029,CREDIT-G031-036M,0.02546426
SP-029,CREDIT-G031-060M,0.04207926
SP-029,CREDIT-G031-084M,0.04765550
SP-029,CREDIT-G031-120M,0.08400162
SP-029,CREDIT-G031-144M,0.10072191
SP-029,CREDIT-G031-180M,0.12530377
SP-029,CREDIT-G031-240M,0.16229258
SP-029,CREDIT-G031-300M,0.19772527
SP-029,CREDIT-G031-360M,0.23166727
SP-029,CREDIT-G032-006M,0.00436943
SP-029,CREDIT-G032-012M,0.00871977
SP-029,CREDIT-G032-024M,0.01736352
SP-029,CREDIT-G032-036M,0.02593193
SP-029,CREDIT-G032-060M,0.04284529
SP-029,CREDIT-G032-084M,0.04877060
SP-029,CREDIT-G032-120M,0.08545946
SP-029,CREDIT-G032-144M,0.10243675
SP-029,CREDIT-G032-180M,0.12738640
SP-029,CREDIT-G032-240M,0.16495826
SP-029,CREDIT-G032-300M,0.20092068
SP-029,CREDIT-G032-360M,0.23534259
SP-029,CREDIT-G033-006M,0.00444908
SP-029,CREDIT-G033-012M,0.00887836
SP-029,CREDIT-G033-024M,0.01767792
SP-029,CREDIT-G033-036M,0.02639937
SP-029,CREDIT-G033-060M,0.04361071
SP-029,CREDIT-G033-084M,0.04988452
SP-029,CREDIT-G033-120M,0.08691496
SP-029,CREDIT-G033-144M,0.10414827
SP-029,CREDIT-G033-180M,0.12946397
SP-029,CREDIT-G033-240M,0.16761535
SP-029,CREDIT-G033-300M,0.20410325
SP-029,CREDIT-G033-360M,0.23900019
SP-029,CREDIT-G034-006M,0.00452872
SP-029,CREDIT-G034-012M,0.00903693
SP-029,CREDIT-G034-024M,0.01799221
SP-029,CREDIT-G034-036M,0.02686658
SP-029,CREDIT-G034-060M,0.04437551
SP-029,CREDIT-G034-084M,0.05099727
SP-029,CREDIT-G034-120M,0.08836811
SP-029,CREDIT-G034-144M,0.10585648
SP-029,CREDIT-G034-180M,0.13153650
SP-029,CREDIT-G034-240M,0.17026387
SP-029,CREDIT-G034-300M,0.20727301
SP-029,CREDIT-G034-360M,0.24264016
SP-029,CREDIT-G035-006M,0.00460835
SP-029,CREDIT-G035-012M,0.00919547
SP-029,CREDIT-G035-024M,0.01830640
SP-029,CREDIT-G035-036M,0.02733357
SP-029,CREDIT-G035-060M,0.04513971
SP-029,CREDIT-G035-084M,0.05210883
SP-029,CREDIT-G035-120M,0.08981892
SP-029,CREDIT-G035-144M,0.10756138
SP-029,CREDIT-G035-180M,0.13360401
SP-029,CREDIT-G035-240M,0.17290384
SP-029,CREDIT-G035-300M,0.21043003
SP-029,CREDIT-G035-360M,0.24626258
SP-029,CREDIT-G036-006M,0.00468798
SP-029,CREDIT-G036-012M,0.00935399
SP-029,CREDIT-G036-024M,0.01862049
SP-029,CREDIT-G036-036M,0.02780034
SP-029,CREDIT-G036-060M,0.04590329
SP-029,CREDIT-G036-084M,0.05321922
SP-029,CREDIT-G036-120M,0.09126740
SP-029,CREDIT-G036-144M,0.10926298
SP-029,CREDIT-G036-180M,0.13566650
SP-029,CREDIT-G036-240M,0.17553531
SP-029,CREDIT-G036-300M,0.21357434
SP-029,CREDIT-G036-360M,0.24986754
SP-029,CREDIT-G037-006M,0.00476760
SP-029,CREDIT-G037-012M,0.00951248
SP-029,CREDIT-G037-024M,0.01893449
SP-029,CREDIT-G037-036M,0.02826689
SP-029,CREDIT-G037-060M,0.04666626
SP-029,CREDIT-G037-084M,0.05432843
SP-029,CREDIT-G037-120M,0.09271355
SP-029,CREDIT-G037-144M,0.11096129
SP-029,CREDIT-G037-180M,0.13772399
SP-029,CREDIT-G037-240M,0.17815829
SP-029,CREDIT-G037-300M,0.21670600
SP-029,CREDIT-G037-360M,0.25345512
SP-029,CREDIT-G038-006M,0.00484722
SP-029,CREDIT-G038-012M,0.00967094
SP-029,CREDIT-G038-024M,0.01924838
SP-029,CREDIT-G038-036M,0.02873321
SP-029,CREDIT-G038-060M,0.04742862
SP-029,CREDIT-G038-084M,0.05543648
SP-029,CREDIT-G038-120M,0.09415737
SP-029,CREDIT-G038-144M,0.11265631
SP-029,CREDIT-G038-180M,0.13977648
SP-029,CREDIT-G038-240M,0.18077281
SP-029,CREDIT-G038-300M,0.21982506
SP-029,CREDIT-G038-360M,0.25702540
SP-029,CREDIT-G039-006M,0.00492683
SP-029,CREDIT-G039-012M,0.00982938
SP-029,CREDIT-G039-024M,0.01956217
SP-029,CREDIT-G039-036M,0.02919930
SP-029,CREDIT-G039-060M,0.04819038
SP-029,CREDIT-G039-084M,0.05654334
SP-029,CREDIT-G039-120M,0.09559887
SP-029,CREDIT-G039-144M,0.11434805
SP-029,CREDIT-G039-180M,0.14182400
SP-029,CREDIT-G039-240M,0.18337890
SP-029,CREDIT-G039-300M,0.22293157
SP-029,CREDIT-G039-360M,0.26057847
SP-029,CREDIT-G040-006M,0.00500643
SP-029,CREDIT-G040-012M,0.00998780
SP-029,CREDIT-G040-024M,0.01987586
SP-029,CREDIT-G040-036M,0.02966517
SP-029,CREDIT-G040-060M,0.04895152
SP-029,CREDIT-G040-084M,0.05764904
SP-029,CREDIT-G040-120M,0.09703805
SP-029,CREDIT-G040-144M,0.11603651
SP-029,CREDIT-G040-180M,0.14386656
SP-029,CREDIT-G040-240M,0.18597659
SP-029,CREDIT-G040-300M,0.22602559
SP-029,CREDIT-G040-360M,0.26411441
SP-029,CREDIT-G041-006M,0.00508602
SP-029,CREDIT-G041-012M,0.01014619
SP-029,CREDIT-G041-024M,0.02018945
SP-029,CREDIT-G041-036M,0.03013082
SP-029,CREDIT-G041-060M,0.04971205
SP-029,CREDIT-G041-084M,0.05875357
SP-029,CREDIT-G041-120M,0.09847491
SP-029,CREDIT-G041-144M,0.11772171
SP-029,CREDIT-G041-180M,0.14590415
SP-029,CREDIT-G041-240M,0.18856590
SP-029,CREDIT-G041-300M,0.22910716
SP-029,CREDIT-G041-360M,0.26763330
SP-029,CREDIT-G042-006M,0.00516561
SP-029,CREDIT-G042-012M,0.01030455
SP-029,CREDIT-G042-024M,0.02050293
SP-029,CREDIT-G042-036M,0.03059625
SP-029,CREDIT-G042-060M,0.05047198
SP-029,CREDIT-G042-084M,0.05985693
SP-029,CREDIT-G042-120M,0.09990947
SP-029,CREDIT-G042-144M,0.11940365
SP-029,CREDIT-G042-180M,0.14793681
SP-029,CREDIT-G042-240M,0.19114686
SP-029,CREDIT-G042-300M,0.23217632
SP-029,CREDIT-G042-360M,0.27113523
SP-029,CREDIT-G043-006M,0.00524520
SP-029,CREDIT-G043-012M,0.01046289
SP-029,CREDIT-G043-024M,0.02081632
SP-029,CREDIT-G043-036M,0.03106145
SP-029,CREDIT-G043-060M,0.05123130
SP-029,CREDIT-G043-084M,0.06095913
SP-029,CREDIT-G043-120M,0.10134171
SP-029,CREDIT-G043-144M,0.12108233
SP-029,CREDIT-G043-180M,0.14996453
SP-029,CREDIT-G043-240M,0.19371949
SP-029,CREDIT-G043-300M,0.23523314
SP-029,CREDIT-G043-360M,0.27462026
SP-029,CREDIT-G044-006M,0.00532478
SP-029,CREDIT-G044-012M,0.01062120
SP-029,CREDIT-G044-024M,0.02112961
SP-029,CREDIT-G044-036M,0.03152643
SP-029,CREDIT-G044-060M,0.05199001
SP-029,CREDIT-G044-084M,0.06206016
SP-029,CREDIT-G044-120M,0.10277165
SP-029,CREDIT-G044-144M,0.12275776
SP-029,CREDIT-G044-180M,0.15198734
SP-029,CREDIT-G044-240M,0.19628383
SP-029,CREDIT-G044-300M,0.23827766
SP-029,CREDIT-G044-360M,0.27808849
SP-029,CREDIT-G045-006M,0.00540435
SP-029,CREDIT-G045-012M,0.01077949
SP-029,CREDIT-G045-024M,0.02144280
SP-029,CREDIT-G045-036M,0.03199119
SP-029,CREDIT-G045-060M,0.05274811
SP-029,CREDIT-G045-084M,0.06316002
SP-029,CREDIT-G045-120M,0.10419929
SP-029,CREDIT-G045-144M,0.12442995
SP-029,CREDIT-G045-180M,0.15400523
SP-029,CREDIT-G045-240M,0.19883990
SP-029,CREDIT-G045-300M,0.24130992
SP-029,CREDIT-G045-360M,0.28154000
SP-029,CREDIT-G046-006M,0.00548391
SP-029,CREDIT-G046-012M,0.01093775
SP-029,CREDIT-G046-024M,0.02175589
SP-029,CREDIT-G046-036M,0.03245572
SP-029,CREDIT-G046-060M,0.05350561
SP-029,CREDIT-G046-084M,0.06425873
SP-029,CREDIT-G046-120M,0.10562464
SP-029,CREDIT-G046-144M,0.12609890
SP-029,CREDIT-G046-180M,0.15601823
SP-029,CREDIT-G046-240M,0.20138772
SP-029,CREDIT-G046-300M,0.24432998
SP-029,CREDIT-G046-360M,0.28497486
SP-029,CREDIT-G047-006M,0.00556347
SP-029,CREDIT-G047-012M,0.01109599
SP-029,CREDIT-G047-024M,0.02206888
SP-029,CREDIT-G047-036M,0.03292003
SP-029,CREDIT-G047-060M,0.05426251
SP-029,CREDIT-G047-084M,0.06535627
SP-029,CREDIT-G047-120M,0.10704768
SP-029,CREDIT-G047-144M,0.12776462
SP-029,CREDIT-G047-180M,0.15802635
SP-029,CREDIT-G047-240M,0.20392732
SP-029,CREDIT-G047-300M,0.24733789
SP-029,CREDIT-G047-360M,0.28839316
SP-029,CREDIT-G048-006M,0.00564302
SP-029,CREDIT-G048-012M,0.01125420
SP-029,CREDIT-G048-024M,0.02238177
SP-029,CREDIT-G048-036M,0.03338411
SP-029,CREDIT-G048-060M,0.05501879
SP-029,CREDIT-G048-084M,0.06645265
SP-029,CREDIT-G048-120M,0.10846844
SP-029,CREDIT-G048-144M,0.12942711
SP-029,CREDIT-G048-180M,0.16002960
SP-029,CREDIT-G048-240M,0.20645873
SP-029,CREDIT-G048-300M,0.25033370
SP-029,CREDIT-G048-360M,0.29179497
SP-029,CREDIT-G049-006M,0.00572257
SP-029,CREDIT-G049-012M,0.01141239
SP-029,CREDIT-G049-024M,0.02269455
SP-029,CREDIT-G049-036M,0.03384798
SP-029,CREDIT-G049-060M,0.05577448
SP-029,CREDIT-G049-084M,0.06754787
SP-029,CREDIT-G049-120M,0.10988692
SP-029,CREDIT-G049-144M,0.13108639
SP-029,CREDIT-G049-180M,0.16202798
SP-029,CREDIT-G049-240M,0.20898198
SP-029,CREDIT-G049-300M,0.25331744
SP-029,CREDIT-G049-360M,0.29518038
SP-029,CREDIT-G050-006M,0.00580210
SP-029,CREDIT-G050-012M,0.01157055
SP-029,CREDIT-G050-024M,0.02300724
SP-029,CREDIT-G050-036M,0.03431162
SP-029,CREDIT-G050-060M,0.05652955
SP-029,CREDIT-G050-084M,0.06864194
SP-029,CREDIT-G050-120M,0.11130311
SP-029,CREDIT-G050-144M,0.13274246
SP-029,CREDIT-G050-180M,0.16402151
SP-029,CREDIT-G050-240M,0.21149709
SP-029,CREDIT-G050-300M,0.25628918
SP-029,CREDIT-G050-360M,0.29854946
SP-029,CREDIT-G051-006M,0.00588164
SP-029,CREDIT-G051-012M,0.01172869
SP-029,CREDIT-G051-024M,0.02331983
SP-029,CREDIT-G051-036M,0.03477504
SP-029,CREDIT-G051-060M,0.05728403
SP-029,CREDIT-G051-084M,0.06973484
SP-029,CREDIT-G051-120M,0.11271702
SP-029,CREDIT-G051-144M,0.13439532
SP-029,CREDIT-G051-180M,0.16601021
SP-029,CREDIT-G051-240M,0.21400408
SP-029,CREDIT-G051-300M,0.25924896
SP-029,CREDIT-G051-360M,0.30190228
SP-029,CREDIT-G052-006M,0.00596116
SP-029,CREDIT-G052-012M,0.01188680
SP-029,CREDIT-G052-024M,0.02363232
SP-029,CREDIT-G052-036M,0.03523824
SP-029,CREDIT-G052-060M,0.05803790
SP-029,CREDIT-G052-084M,0.07082660
SP-029,CREDIT-G052-120M,0.11412866
SP-029,CREDIT-G052-144M,0.13604498
SP-029,CREDIT-G052-180M,0.16799408
SP-029,CREDIT-G052-240M,0.21650299
SP-029,CREDIT-G052-300M,0.26219682
SP-029,CREDIT-G052-360M,0.30523894
SP-029,CREDIT-G053-006M,0.00604068
SP-029,CREDIT-G053-012M,0.01204488
SP-029,CREDIT-G053-024M,0.02394470
SP-029,CREDIT-G053-036M,0.03570121
SP-029,CREDIT-G053-060M,0.05879117
SP-029,CREDIT-G053-084M,0.07191720
SP-029,CREDIT-G053-120M,0.11553802
SP-029,CREDIT-G053-144M,0.13769145
SP-029,CREDIT-G053-180M,0.16997314
SP-029,CREDIT-G053-240M,0.21899383
SP-029,CREDIT-G053-300M,0.26513282
SP-029,CREDIT-G053-360M,0.30855950
SP-029,CREDIT-G054-006M,0.00612020
SP-029,CREDIT-G054-012M,0.01220294
SP-029,CREDIT-G054-024M,0.02425699
SP-029,CREDIT-G054-036M,0.03616396
SP-029,CREDIT-G054-060M,0.05954383
SP-029,CREDIT-G054-084M,0.07300665
SP-029,CREDIT-G054-120M,0.11694512
SP-029,CREDIT-G054-144M,0.13933473
SP-029,CREDIT-G054-180M,0.17194740
SP-029,CREDIT-G054-240M,0.22147664
SP-029,CREDIT-G054-300M,0.26805700
SP-029,CREDIT-G054-360M,0.31186404
SP-029,CREDIT-G055-006M,0.00619970
SP-029,CREDIT-G055-012M,0.01236098
SP-029,CREDIT-G055-024M,0.02456918
SP-029,CREDIT-G055-036M,0.03662649
SP-029,CREDIT-G055-060M,0.06029590
SP-029,CREDIT-G055-084M,0.07409494
SP-029,CREDIT-G055-120M,0.11834995
SP-029,CREDIT-G055-144M,0.14097482
SP-029,CREDIT-G055-180M,0.17391686
SP-029,CREDIT-G055-240M,0.22395144
SP-029,CREDIT-G055-300M,0.27096941
SP-029,CREDIT-G055-360M,0.31515265
SP-029,CREDIT-G056-006M,0.00627921
SP-029,CREDIT-G056-012M,0.01251899
SP-029,CREDIT-G056-024M,0.02488127
SP-029,CREDIT-G056-036M,0.03708880
SP-029,CREDIT-G056-060M,0.06104736
SP-029,CREDIT-G056-084M,0.07518209
SP-029,CREDIT-G056-120M,0.11975253
SP-029,CREDIT-G056-144M,0.14261175
SP-029,CREDIT-G056-180M,0.17588155
SP-029,CREDIT-G056-240M,0.22641825
SP-029,CREDIT-G056-300M,0.27387010
SP-029,CREDIT-G056-360M,0.31842538
SP-029,CREDIT-G057-006M,0.00635870
SP-029,CREDIT-G057-012M,0.01267697
SP-029,CREDIT-G057-024M,0.02519326
SP-029,CREDIT-G057-036M,0.03755089
SP-029,CREDIT-G057-060M,0.06179822
SP-029,CREDIT-G057-084M,0.07626809
SP-029,CREDIT-G057-120M,0.12115284
SP-029,CREDIT-G057-144M,0.14424550
SP-029,CREDIT-G057-180M,0.17784146
SP-029,CREDIT-G057-240M,0.22887710
SP-029,CREDIT-G057-300M,0.27675911
SP-029,CREDIT-G057-360M,0.32168233
SP-029,CREDIT-G058-006M,0.00643819
SP-029,CREDIT-G058-012M,0.01283493
SP-029,CREDIT-G058-024M,0.02550514
SP-029,CREDIT-G058-036M,0.03801275
SP-029,CREDIT-G058-060M,0.06254848
SP-029,CREDIT-G058-084M,0.07735294
SP-029,CREDIT-G058-120M,0.12255091
SP-029,CREDIT-G058-144M,0.14587609
SP-029,CREDIT-G058-180M,0.17979662
SP-029,CREDIT-G058-240M,0.23132802
SP-029,CREDIT-G058-300M,0.27963649
SP-029,CREDIT-G058-360M,0.32492357
SP-029,CREDIT-G059-006M,0.00651767
SP-029,CREDIT-G059-012M,0.01299286
SP-029,CREDIT-G059-024M,0.02581693
SP-029,CREDIT-G059-036M,0.03847440
SP-029,CREDIT-G059-060M,0.06329814
SP-029,CREDIT-G059-084M,0.07843664
SP-029,CREDIT-G059-120M,0.12394672
SP-029,CREDIT-G059-144M,0.14750352
SP-029,CREDIT-G059-180M,0.18174704
SP-029,CREDIT-G059-240M,0.23377103
SP-029,CREDIT-G059-300M,0.28250228
SP-029,CREDIT-G059-360M,0.32814917
SP-029,CREDIT-G060-006M,0.00659715
SP-029,CREDIT-G060-012M,0.01315077
SP-029,CREDIT-G060-024M,0.02612862
SP-029,CREDIT-G060-036M,0.03893582
SP-029,CREDIT-G060-060M,0.06404721
SP-029,CREDIT-G060-084M,0.07951920
SP-029,CREDIT-G060-120M,0.12534029
SP-029,CREDIT-G060-144M,0.14912781
SP-029,CREDIT-G060-180M,0.18369272
SP-029,CREDIT-G060-240M,0.23620616
SP-029,CREDIT-G060-300M,0.28535654
SP-029,CREDIT-G060-360M,0.33135920
SP-029,CREDIT-G061-006M,0.00667661
SP-029,CREDIT-G061-012M,0.01330866
SP-029,CREDIT-G061-024M,0.02644021
SP-029,CREDIT-G061-036M,0.03939702
SP-029,CREDIT-G061-060M,0.06479567
SP-029,CREDIT-G061-084M,0.08060062
SP-029,CREDIT-G061-120M,0.12673161
SP-029,CREDIT-G061-144M,0.15074894
SP-029,CREDIT-G061-180M,0.18563367
SP-029,CREDIT-G061-240M,0.23863343
SP-029,CREDIT-G061-300M,0.28819930
SP-029,CREDIT-G061-360M,0.33455375
SP-029,CREDIT-G062-006M,0.00675608
SP-029,CREDIT-G062-012M,0.01346651
SP-029,CREDIT-G062-024M,0.02675170
SP-029,CREDIT-G062-036M,0.03985800
SP-029,CREDIT-G062-060M,0.06554353
SP-029,CREDIT-G062-084M,0.08168089
SP-029,CREDIT-G062-120M,0.12812070
SP-029,CREDIT-G062-144M,0.15236694
SP-029,CREDIT-G062-180M,0.18756992
SP-029,CREDIT-G062-240M,0.24105287
SP-029,CREDIT-G062-300M,0.29103062
SP-029,CREDIT-G062-360M,0.33773289
SP-029,CREDIT-G063-006M,0.00683553
SP-029,CREDIT-G063-012M,0.01362435
SP-029,CREDIT-G063-024M,0.02706309
SP-029,CREDIT-G063-036M,0.04031875
SP-029,CREDIT-G063-060M,0.06629080
SP-029,CREDIT-G063-084M,0.08276003
SP-029,CREDIT-G063-120M,0.12950755
SP-029,CREDIT-G063-144M,0.15398181
SP-029,CREDIT-G063-180M,0.18950147
SP-029,CREDIT-G063-240M,0.24346450
SP-029,CREDIT-G063-300M,0.29385054
SP-029,CREDIT-G063-360M,0.34089668
SP-029,CREDIT-G064-006M,0.00691498
SP-029,CREDIT-G064-012M,0.01378215
SP-029,CREDIT-G064-024M,0.02737438
SP-029,CREDIT-G064-036M,0.04077929
SP-029,CREDIT-G064-060M,0.06703747
SP-029,CREDIT-G064-084M,0.08383802
SP-029,CREDIT-G064-120M,0.13089216
SP-029,CREDIT-G064-144M,0.15559355
SP-029,CREDIT-G064-180M,0.19142832
SP-029,CREDIT-G064-240M,0.24586834
SP-029,CREDIT-G064-300M,0.29665910
SP-029,CREDIT-G064-360M,0.34404521
SP-029,CREDIT-G065-006M,0.00699443
SP-029,CREDIT-G065-012M,0.01393994
SP-029,CREDIT-G065-024M,0.02768557
SP-029,CREDIT-G065-036M,0.04123961
SP-029,CREDIT-G065-060M,0.06778354
SP-029,CREDIT-G065-084M,0.08491488
SP-029,CREDIT-G065-120M,0.13227455
SP-029,CREDIT-G065-144M,0.15720216
SP-029,CREDIT-G065-180M,0.19335050
SP-029,CREDIT-G065-240M,0.24826443
SP-029,CREDIT-G065-300M,0.29945636
SP-029,CREDIT-G065-360M,0.34717854
SP-029,CREDIT-G066-006M,0.00707386
SP-029,CREDIT-G066-012M,0.01409769
SP-029,CREDIT-G066-024M,0.02799666
SP-029,CREDIT-G066-036M,0.04169970
SP-029,CREDIT-G066-060M,0.06852902
SP-029,CREDIT-G066-084M,0.08599060
SP-029,CREDIT-G066-120M,0.13365472
SP-029,CREDIT-G066-144M,0.15880767
SP-029,CREDIT-G066-180M,0.19526802
SP-029,CREDIT-G066-240M,0.25065278
SP-029,CREDIT-G066-300M,0.30224235
SP-029,CREDIT-G066-360M,0.35029675
SP-029,CREDIT-G067-006M,0.00715329
SP-029,CREDIT-G067-012M,0.01425542
SP-029,CREDIT-G067-024M,0.02830765
SP-029,CREDIT-G067-036M,0.04215957
SP-029,CREDIT-G067-060M,0.06927389
SP-029,CREDIT-G067-084M,0.08706518
SP-029,CREDIT-G067-120M,0.13503266
SP-029,CREDIT-G067-144M,0.16041006
SP-029,CREDIT-G067-180M,0.19718088
SP-029,CREDIT-G067-240M,0.25303343
SP-029,CREDIT-G067-300M,0.30501712
SP-029,CREDIT-G067-360M,0.35339991
SP-029,CREDIT-G068-006M,0.00723272
SP-029,CREDIT-G068-012M,0.01441313
SP-029,CREDIT-G068-024M,0.02861854
SP-029,CREDIT-G068-036M,0.04261923
SP-029,CREDIT-G068-060M,0.07001818
SP-029,CREDIT-G068-084M,0.08813863
SP-029,CREDIT-G068-120M,0.13640839
SP-029,CREDIT-G068-144M,0.16200935
SP-029,CREDIT-G068-180M,0.19908909
SP-029,CREDIT-G068-240M,0.25540639
SP-029,CREDIT-G068-300M,0.30778071
SP-029,CREDIT-G068-360M,0.35648810
SP-029,CREDIT-G069-006M,0.00731214
SP-029,CREDIT-G069-012M,0.01457081
SP-029,CREDIT-G069-024M,0.02892934
SP-029,CREDIT-G069-036M,0.04307866
SP-029,CREDIT-G069-060M,0.07076186
SP-029,CREDIT-G069-084M,0.08921095
SP-029,CREDIT-G069-120M,0.13778190
SP-029,CREDIT-G069-144M,0.16360555
SP-029,CREDIT-G069-180M,0.20099267
SP-029,CREDIT-G069-240M,0.25777169
SP-029,CREDIT-G069-300M,0.31053318
SP-029,CREDIT-G069-360M,0.35956138
SP-029,CREDIT-G070-006M,0.00739155
SP-029,CREDIT-G070-012M,0.01472847
SP-029,CREDIT-G070-024M,0.02924003
SP-029,CREDIT-G070-036M,0.04353787
SP-029,CREDIT-G070-060M,0.07150496
SP-029,CREDIT-G070-084M,0.09028213
SP-029,CREDIT-G070-120M,0.13915320
SP-029,CREDIT-G070-144M,0.16519865
SP-029,CREDIT-G070-180M,0.20289163
SP-029,CREDIT-G070-240M,0.26012936
SP-029,CREDIT-G070-300M,0.31327456
SP-029,CREDIT-G070-360M,0.36261983
SP-029,CREDIT-G071-006M,0.00747096
SP-029,CREDIT-G071-012M,0.01488610
SP-029,CREDIT-G071-024M,0.02955062
SP-029,CREDIT-G071-036M,0.04399686
SP-029,CREDIT-G071-060M,0.07224746
SP-029,CREDIT-G071-084M,0.09135218
SP-029,CREDIT-G071-120M,0.14052230
SP-029,CREDIT-G071-144M,0.16678867
SP-029,CREDIT-G071-180M,0.20478598
SP-029,CREDIT-G071-240M,0.26247942
SP-029,CREDIT-G071-300M,0.31600490
SP-029,CREDIT-G071-360M,0.36566351
SP-029,CREDIT-G072-006M,0.00755035
SP-029,CREDIT-G072-012M,0.01504371
SP-029,CREDIT-G072-024M,0.02986112
SP-029,CREDIT-G072-036M,0.04445564
SP-029,CREDIT-G072-060M,0.07298936
SP-029,CREDIT-G072-084M,0.09242111
SP-029,CREDIT-G072-120M,0.14188919
SP-029,CREDIT-G072-144M,0.16837560
SP-029,CREDIT-G072-180M,0.20667573
SP-029,CREDIT-G072-240M,0.26482189
SP-029,CREDIT-G072-300M,0.31872424
SP-029,CREDIT-G072-360M,0.36869251
SP-029,CREDIT-G073-006M,0.00762975
SP-029,CREDIT-G073-012M,0.01520129
SP-029,CREDIT-G073-024M,0.03017151
SP-029,CREDIT-G073-036M,0.04491419
SP-029,CREDIT-G073-060M,0.07373067
SP-029,CREDIT-G073-084M,0.09348890
SP-029,CREDIT-G073-120M,0.14325388
SP-029,CREDIT-G073-144M,0.16995947
SP-029,CREDIT-G073-180M,0.20856089
SP-029,CREDIT-G073-240M,0.26715680
SP-029,CREDIT-G073-300M,0.32143263
SP-029,CREDIT-G073-360M,0.37170688
SP-029,CREDIT-G074-006M,0.00770913
SP-029,CREDIT-G074-012M,0.01535884
SP-029,CREDIT-G074-024M,0.03048181
SP-029,CREDIT-G074-036M,0.04537252
SP-029,CREDIT-G074-060M,0.07447139
SP-029,CREDIT-G074-084M,0.09455557
SP-029,CREDIT-G074-120M,0.14461637
SP-029,CREDIT-G074-144M,0.17154027
SP-029,CREDIT-G074-180M,0.21044148
SP-029,CREDIT-G074-240M,0.26948417
SP-029,CREDIT-G074-300M,0.32413011
SP-029,CREDIT-G074-360M,0.37470670
SP-029,CREDIT-G075-006M,0.00778851
SP-029,CREDIT-G075-012M,0.01551637
SP-029,CREDIT-G075-024M,0.03079200
SP-029,CREDIT-G075-036M,0.04583063
SP-029,CREDIT-G075-060M,0.07521152
SP-029,CREDIT-G075-084M,0.09562111
SP-029,CREDIT-G075-120M,0.14597668
SP-029,CREDIT-G075-144M,0.17311800
SP-029,CREDIT-G075-180M,0.21231750
SP-029,CREDIT-G075-240M,0.27180402
SP-029,CREDIT-G075-300M,0.32681673
SP-029,CREDIT-G075-360M,0.37769204
SP-029,CREDIT-G076-006M,0.00786789
SP-029,CREDIT-G076-012M,0.01567388
SP-029,CREDIT-G076-024M,0.03110210
SP-029,CREDIT-G076-036M,0.04628852
SP-029,CREDIT-G076-060M,0.07595106
SP-029,CREDIT-G076-084M,0.09668553
SP-029,CREDIT-G076-120M,0.14733479
SP-029,CREDIT-G076-144M,0.17469269
SP-029,CREDIT-G076-180M,0.21418896
SP-029,CREDIT-G076-240M,0.27411639
SP-029,CREDIT-G076-300M,0.32949252
SP-029,CREDIT-G076-360M,0.38066297
SP-029,CREDIT-G077-006M,0.00794725
SP-029,CREDIT-G077-012M,0.01583136
SP-029,CREDIT-G077-024M,0.03141210
SP-029,CREDIT-G077-036M,0.04674619
SP-029,CREDIT-G077-060M,0.07669000
SP-029,CREDIT-G077-084M,0.09774883
SP-029,CREDIT-G077-120M,0.14869071
SP-029,CREDIT-G077-144M,0.17626432
SP-029,CREDIT-G077-180M,0.21605587
SP-029,CREDIT-G077-240M,0.27642129
SP-029,CREDIT-G077-300M,0.33215753
SP-029,CREDIT-G077-360M,0.38361955
SP-029,CREDIT-G078-006M,0.00802662
SP-029,CREDIT-G078-012M,0.01598881
SP-029,CREDIT-G078-024M,0.03172200
SP-029,CREDIT-G078-036M,0.04720364
SP-029,CREDIT-G078-060M,0.07742835
SP-029,CREDIT-G078-084M,0.09881100
SP-029,CREDIT-G078-120M,0.15004446
SP-029,CREDIT-G078-144M,0.17783290
SP-029,CREDIT-G078-180M,0.21791826
SP-029,CREDIT-G078-240M,0.27871875
SP-029,CREDIT-G078-300M,0.33481180
SP-029,CREDIT-G078-360M,0.38656186
SP-029,CREDIT-G079-006M,0.00810597
SP-029,CREDIT-G079-012M,0.01614624
SP-029,CREDIT-G079-024M,0.03203179
SP-029,CREDIT-G079-036M,0.04766088
SP-029,CREDIT-G079-060M,0.07816611
SP-029,CREDIT-G079-084M,0.09987206
SP-029,CREDIT-G079-120M,0.15139602
SP-029,CREDIT-G079-144M,0.17939845
SP-029,CREDIT-G079-180M,0.21977612
SP-029,CREDIT-G079-240M,0.28100879
SP-029,CREDIT-G079-300M,0.33745539
SP-029,CREDIT-G079-360M,0.38948996
SP-029,CREDIT-G080-006M,0.00818532
SP-029,CREDIT-G080-012M,0.01630364
SP-029,CREDIT-G080-024M,0.03234150
SP-029,CREDIT-G080-036M,0.04811789
SP-029,CREDIT-G080-060M,0.07890329
SP-029,CREDIT-G080-084M,0.10093199
SP-029,CREDIT-G080-120M,0.15274541
SP-029,CREDIT-G080-144M,0.18096097
SP-029,CREDIT-G080-180M,0.22162946
SP-029,CREDIT-G080-240M,0.28329144
SP-029,CREDIT-G080-300M,0.34008832
SP-029,CREDIT-G080-360M,0.39240393
SP-029,CREDIT-G081-006M,0.00826466
SP-029,CREDIT-G081-012M,0.01646102
SP-029,CREDIT-G081-024M,0.03265110
SP-029,CREDIT-G081-036M,0.04857468
SP-029,CREDIT-G081-060M,0.07963987
SP-029,CREDIT-G081-084M,0.10199081
SP-029,CREDIT-G081-120M,0.15409263
SP-029,CREDIT-G081-144M,0.18252046
SP-029,CREDIT-G081-180M,0.22347831
SP-029,CREDIT-G081-240M,0.28556672
SP-029,CREDIT-G081-300M,0.34271064
SP-029,CREDIT-G081-360M,0.39530382
SP-029,CREDIT-G082-006M,0.00834400
SP-029,CREDIT-G082-012M,0.01661838
SP-029,CREDIT-G082-024M,0.03296060
SP-029,CREDIT-G082-036M,0.04903126
SP-029,CREDIT-G082-060M,0.08037586
SP-029,CREDIT-G082-084M,0.10304850
SP-029,CREDIT-G082-120M,0.15543768
SP-029,CREDIT-G082-144M,0.18407693
SP-029,CREDIT-G082-180M,0.22532267
SP-029,CREDIT-G082-240M,0.28783464
SP-029,CREDIT-G082-300M,0.34532240
SP-029,CREDIT-G082-360M,0.39818971
SP-029,CREDIT-G083-006M,0.00842333
SP-029,CREDIT-G083-012M,0.01677570
SP-029,CREDIT-G083-024M,0.03327000
SP-029,CREDIT-G083-036M,0.04948761
SP-029,CREDIT-G083-060M,0.08111127
SP-029,CREDIT-G083-084M,0.10410509
SP-029,CREDIT-G083-120M,0.15678057
SP-029,CREDIT-G083-144M,0.18563038
SP-029,CREDIT-G083-180M,0.22716254
SP-029,CREDIT-G083-240M,0.29009525
SP-029,CREDIT-G083-300M,0.34792363
SP-029,CREDIT-G083-360M,0.40106167
SP-029,CREDIT-G084-006M,0.00850265
SP-029,CREDIT-G084-012M,0.01693301
SP-029,CREDIT-G084-024M,0.03357931
SP-029,CREDIT-G084-036M,0.04994375
SP-029,CREDIT-G084-060M,0.08184608
SP-029,CREDIT-G084-084M,0.10516056
SP-029,CREDIT-G084-120M,0.15812129
SP-029,CREDIT-G084-144M,0.18718083
SP-029,CREDIT-G084-180M,0.22899795
SP-029,CREDIT-G084-240M,0.29234855
SP-029,CREDIT-G084-300M,0.35051438
SP-029,CREDIT-G084-360M,0.40391975
SP-029,CREDIT-G085-006M,0.00858197
SP-029,CREDIT-G085-012M,0.01709029
SP-029,CREDIT-G085-024M,0.03388851
SP-029,CREDIT-G085-036M,0.05039967
SP-029,CREDIT-G085-060M,0.08258031
SP-029,CREDIT-G085-084M,0.10621491
SP-029,CREDIT-G085-120M,0.15945985
SP-029,CREDIT-G085-144M,0.18872827
SP-029,CREDIT-G085-180M,0.23082890
SP-029,CREDIT-G085-240M,0.29459458
SP-029,CREDIT-G085-300M,0.35309469
SP-029,CREDIT-G085-360M,0.40676404
SP-029,CREDIT-G086-006M,0.00866128
SP-029,CREDIT-G086-012M,0.01724754
SP-029,CREDIT-G086-024M,0.03419762
SP-029,CREDIT-G086-036M,0.05085537
SP-029,CREDIT-G086-060M,0.08331396
SP-029,CREDIT-G086-084M,0.10726816
SP-029,CREDIT-G086-120M,0.16079626
SP-029,CREDIT-G086-144M,0.19027272
SP-029,CREDIT-G086-180M,0.23265540
SP-029,CREDIT-G086-240M,0.29683335
SP-029,CREDIT-G086-300M,0.35566461
SP-029,CREDIT-G086-360M,0.40959458
SP-029,CREDIT-G087-006M,0.00874058
SP-029,CREDIT-G087-012M,0.01740477
SP-029,CREDIT-G087-024M,0.03450662
SP-029,CREDIT-G087-036M,0.05131085
SP-029,CREDIT-G087-060M,0.08404701
SP-029,CREDIT-G087-084M,0.10832029
SP-029,CREDIT-G087-120M,0.16213052
SP-029,CREDIT-G087-144M,0.19181417
SP-029,CREDIT-G087-180M,0.23447747
SP-029,CREDIT-G087-240M,0.29906489
SP-029,CREDIT-G087-300M,0.35822416
SP-029,CREDIT-G087-360M,0.41241146
SP-029,CREDIT-G088-006M,0.00881988
SP-029,CREDIT-G088-012M,0.01756197
SP-029,CREDIT-G088-024M,0.03481553
SP-029,CREDIT-G088-036M,0.05176611
SP-029,CREDIT-G088-060M,0.08477948
SP-029,CREDIT-G088-084M,0.10937132
SP-029,CREDIT-G088-120M,0.16346263
SP-029,CREDIT-G088-144M,0.19335264
SP-029,CREDIT-G088-180M,0.23629510
SP-029,CREDIT-G088-240M,0.30128923
SP-029,CREDIT-G088-300M,0.36077341
SP-029,CREDIT-G088-360M,0.41521472
SP-029,CREDIT-G089-006M,0.00889917
SP-029,CREDIT-G089-012M,0.01771915
SP-029,CREDIT-G089-024M,0.03512434
SP-029,CREDIT-G089-036M,0.05222115
SP-029,CREDIT-G089-060M,0.08551136
SP-029,CREDIT-G089-084M,0.11042123
SP-029,CREDIT-G089-120M,0.16479260
SP-029,CREDIT-G089-144M,0.19488812
SP-029,CREDIT-G089-180M,0.23810833
SP-029,CREDIT-G089-240M,0.30350638
SP-029,CREDIT-G089-300M,0.36331237
SP-029,CREDIT-G089-360M,0.41800445
SP-029,CREDIT-G090-006M,0.00897845
SP-029,CREDIT-G090-012M,0.01787630
SP-029,CREDIT-G090-024M,0.03543305
SP-029,CREDIT-G090-036M,0.05267598
SP-029,CREDIT-G090-060M,0.08624266
SP-029,CREDIT-G090-084M,0.11147004
SP-029,CREDIT-G090-120M,0.16612043
SP-029,CREDIT-G090-144M,0.19642064
SP-029,CREDIT-G090-180M,0.23991714
SP-029,CREDIT-G090-240M,0.30571637
SP-029,CREDIT-G090-300M,0.36584111
SP-029,CREDIT-G090-360M,0.42078070
SP-029,CREDIT-G091-006M,0.00905773
SP-029,CREDIT-G091-012M,0.01803343
SP-029,CREDIT-G091-024M,0.03574167
SP-029,CREDIT-G091-036M,0.05313058
SP-029,CREDIT-G091-060M,0.08697338
SP-029,CREDIT-G091-084M,0.11251775
SP-029,CREDIT-G091-120M,0.16744612
SP-029,CREDIT-G091-144M,0.19795018
SP-029,CREDIT-G091-180M,0.24172157
SP-029,CREDIT-G091-240M,0.30791922
SP-029,CREDIT-G091-300M,0.36835965
SP-029,CREDIT-G091-360M,0.42354355
SP-029,CREDIT-G092-006M,0.00913700
SP-029,CREDIT-G092-012M,0.01819053
SP-029,CREDIT-G092-024M,0.03605018
SP-029,CREDIT-G092-036M,0.05358497
SP-029,CREDIT-G092-060M,0.08770351
SP-029,CREDIT-G092-084M,0.11356435
SP-029,CREDIT-G092-120M,0.16876967
SP-029,CREDIT-G092-144M,0.19947676
SP-029,CREDIT-G092-180M,0.24352161
SP-029,CREDIT-G092-240M,0.31011495
SP-029,CREDIT-G092-300M,0.37086804
SP-029,CREDIT-G092-360M,0.42629304
SP-029,CREDIT-G093-006M,0.00921627
SP-029,CREDIT-G093-012M,0.01834760
SP-029,CREDIT-G093-024M,0.03635859
SP-029,CREDIT-G093-036M,0.05403914
SP-029,CREDIT-G093-060M,0.08843305
SP-029,CREDIT-G093-084M,0.11460984
SP-029,CREDIT-G093-120M,0.17009109
SP-029,CREDIT-G093-144M,0.20100038
SP-029,CREDIT-G093-180M,0.24531727
SP-029,CREDIT-G093-240M,0.31230359
SP-029,CREDIT-G093-300M,0.37336632
SP-029,CREDIT-G093-360M,0.42902925
SP-029,CREDIT-G094-006M,0.00929553
SP-029,CREDIT-G094-012M,0.01850466
SP-029,CREDIT-G094-024M,0.03666691
SP-029,CREDIT-G094-036M,0.05449309
SP-029,CREDIT-G094-060M,0.08916201
SP-029,CREDIT-G094-084M,0.11565424
SP-029,CREDIT-G094-120M,0.17141039
SP-029,CREDIT-G094-144M,0.20252105
SP-029,CREDIT-G094-180M,0.24710857
SP-029,CREDIT-G094-240M,0.31448516
SP-029,CREDIT-G094-300M,0.37585453
SP-029,CREDIT-G094-360M,0.43175224
SP-029,CREDIT-G095-006M,0.00937478
SP-029,CREDIT-G095-012M,0.01866168
SP-029,CREDIT-G095-024M,0.03697513
SP-029,CREDIT-G095-036M,0.05494683
SP-029,CREDIT-G095-060M,0.08989039
SP-029,CREDIT-G095-084M,0.11669753
SP-029,CREDIT-G095-120M,0.17272756
SP-029,CREDIT-G095-144M,0.20403878
SP-029,CREDIT-G095-180M,0.24889552
SP-029,CREDIT-G095-240M,0.31665968
SP-029,CREDIT-G095-300M,0.37833270
SP-029,CREDIT-G095-360M,0.43446208
SP-029,CREDIT-G096-006M,0.00945403
SP-029,CREDIT-G096-012M,0.01881868
SP-029,CREDIT-G096-024M,0.03728324
SP-029,CREDIT-G096-036M,0.05540034
SP-029,CREDIT-G096-060M,0.09061819
SP-029,CREDIT-G096-084M,0.11773973
SP-029,CREDIT-G096-120M,0.17404261
SP-029,CREDIT-G096-144M,0.20555356
SP-029,CREDIT-G096-180M,0.25067813
SP-029,CREDIT-G096-240M,0.31882718
SP-029,CREDIT-G096-300M,0.38080089
SP-029,CREDIT-G096-360M,0.43715882
SP-029,CREDIT-G097-006M,0.00953327
SP-029,CREDIT-G097-012M,0.01897566
SP-029,CREDIT-G097-024M,0.03759127
SP-029,CREDIT-G097-036M,0.05585364
SP-029,CREDIT-G097-060M,0.09134540
SP-029,CREDIT-G097-084M,0.11878082
SP-029,CREDIT-G097-120M,0.17535555
SP-029,CREDIT-G097-144M,0.20706541
SP-029,CREDIT-G097-180M,0.25245641
SP-029,CREDIT-G097-240M,0.32098767
SP-029,CREDIT-G097-300M,0.38325913
SP-029,CREDIT-G097-360M,0.43984253
SP-029,CREDIT-G098-006M,0.00961250
SP-029,CREDIT-G098-012M,0.01913261
SP-029,CREDIT-G098-024M,0.03789919
SP-029,CREDIT-G098-036M,0.05630672
SP-029,CREDIT-G098-060M,0.09207204
SP-029,CREDIT-G098-084M,0.11982082
SP-029,CREDIT-G098-120M,0.17666637
SP-029,CREDIT-G098-144M,0.20857433
SP-029,CREDIT-G098-180M,0.25423036
SP-029,CREDIT-G098-240M,0.32314119
SP-029,CREDIT-G098-300M,0.38570745
SP-029,CREDIT-G098-360M,0.44251328
SP-029,CREDIT-G099-006M,0.00969173
SP-029,CREDIT-G099-012M,0.01928954
SP-029,CREDIT-G099-024M,0.03820701
SP-029,CREDIT-G099-036M,0.05675959
SP-029,CREDIT-G099-060M,0.09279809
SP-029,CREDIT-G099-084M,0.12085973
SP-029,CREDIT-G099-120M,0.17797508
SP-029,CREDIT-G099-144M,0.21008032
SP-029,CREDIT-G099-180M,0.25600001
SP-029,CREDIT-G099-240M,0.32528774
SP-029,CREDIT-G099-300M,0.38814591
SP-029,CREDIT-G099-360M,0.44517112
SP-029,CREDIT-G100-006M,0.00977095
SP-029,CREDIT-G100-012M,0.01944644
SP-029,CREDIT-G100-024M,0.03851473
SP-029,CREDIT-G100-036M,0.05721224
SP-029,CREDIT-G100-060M,0.09352356
SP-029,CREDIT-G100-084M,0.12189754
SP-029,CREDIT-G100-120M,0.17928169
SP-029,CREDIT-G100-144M,0.21158340
SP-029,CREDIT-G100-180M,0.25776535
SP-029,CREDIT-G100-240M,0.32742736
SP-029,CREDIT-G100-300M,0.39057453
SP-029,CREDIT-G100-360M,0.44781611
SP-029,FX-USDEUR-1D,0.92679787
SP-029,FX-USDEUR-1M,0.92765178
SP-029,FX-USDEUR-3M,0.92938601
SP-029,FX-USDGBP-1D,0.78794186
SP-029,FX-USDGBP-1M,0.78779318
SP-029,FX-USDGBP-3M,0.78750895
SP-029,FX-USDJPY-1D,149.44920467
SP-029,FX-USDJPY-1M,149.88786287
SP-029,FX-USDJPY-3M,150.78136254
SP-029,FX-USDCHF-1D,0.89400376
SP-029,FX-USDCHF-1M,0.89631414
SP-029,FX-USDCHF-3M,0.90103147
SP-029,FX-USDCAD-1D,1.35229985
SP-029,FX-USDCAD-1M,1.35282627
SP-029,FX-USDCAD-3M,1.35393547
SP-029,FX-USDAUD-1D,1.51627580
SP-029,FX-USDAUD-1M,1.51639651
SP-029,FX-USDAUD-3M,1.51671304
SP-029,FX-USDNZD-1D,1.64042859
SP-029,FX-USDNZD-1M,1.63939059
SP-029,FX-USDNZD-3M,1.63736642
SP-029,FX-USDSEK-1D,10.53633321
SP-029,FX-USDSEK-1M,10.54851849
SP-029,FX-USDSEK-3M,10.57345144
SP-029,FX-USDNOK-1D,10.64643717
SP-029,FX-USDNOK-1M,10.64965004
SP-029,FX-USDNOK-3M,10.65653220
SP-029,FX-USDDKK-1D,6.90292938
SP-029,FX-USDDKK-1M,6.90979877
SP-029,FX-USDDKK-3M,6.92382275
SP-029,FX-USDPLN-1D,4.00295938
SP-029,FX-USDPLN-1M,3.99980922
SP-029,FX-USDPLN-3M,3.99356669
SP-029,FX-USDCZK-1D,23.27421325
SP-029,FX-USDCZK-1M,23.26575093
SP-029,FX-USDCZK-3M,23.24928576
SP-029,FX-USDHUF-1D,357.38278092
SP-029,FX-USDHUF-1M,356.71286332
SP-029,FX-USDHUF-3M,355.37063152
SP-029,FX-USDSGD-1D,1.35248257
SP-029,FX-USDSGD-1M,1.35359166
SP-029,FX-USDSGD-3M,1.35586818
SP-029,FX-USDHKD-1D,7.81440547
SP-029,FX-USDHKD-1M,7.81592633
SP-029,FX-USDHKD-3M,7.81912984
SP-029,FX-USDKRW-1D,1352.90351442
SP-029,FX-USDKRW-1M,1353.94108359
SP-029,FX-USDKRW-3M,1356.02950019
SP-029,FX-USDCNY-1D,7.19959967
SP-029,FX-USDCNY-1M,7.21102963
SP-029,FX-USDCNY-3M,7.23429895
SP-029,FX-USDINR-1D,83.38925532
SP-029,FX-USDINR-1M,83.24079513
SP-029,FX-USDINR-3M,82.94254219
SP-029,FX-USDBRL-1D,5.00274694
SP-029,FX-USDBRL-1M,4.97712658
SP-029,FX-USDBRL-3M,4.92528325
SP-029,FX-EURGBP-1D,0.85017660
SP-029,FX-EURGBP-1M,0.84923373
SP-029,FX-EURGBP-3M,0.84734324
SP-029,FX-EURJPY-1D,161.25328961
SP-029,FX-EURJPY-1M,161.57772397
SP-029,FX-EURJPY-3M,162.23760805
SP-029,FX-EURCHF-1D,0.96461569
SP-029,FX-EURCHF-1M,0.96621832
SP-029,FX-EURCHF-3M,0.96949111
SP-029,FX-EURCAD-1D,1.45910980
SP-029,FX-EURCAD-1M,1.45833416
SP-029,FX-EURCAD-3M,1.45680638
SP-029,FX-EURAUD-1D,1.63603722
SP-029,FX-EURAUD-1M,1.63466136
SP-029,FX-EURAUD-3M,1.63195167
SP-029,FX-EURNZD-1D,1.76999608
SP-029,FX-EURNZD-1M,1.76724783
SP-029,FX-EURNZD-3M,1.76177219
SP-029,FX-EURSEK-1D,11.36853417
SP-029,FX-EURSEK-1M,11.37120496
SP-029,FX-EURSEK-3M,11.37681370
SP-029,FX-EURNOK-1D,11.48733458
SP-029,FX-EURNOK-1M,11.48022382
SP-029,FX-EURNOK-3M,11.46620686
SP-029,FX-EURDKK-1D,7.44814984
SP-029,FX-EURDKK-1M,7.44869889
SP-029,FX-EURDKK-3M,7.44988918
SP-029,FX-EURPLN-1D,4.31912883
SP-029,FX-EURPLN-1M,4.31175718
SP-029,FX-EURPLN-3M,4.29699464
SP-029,FX-EURCZK-1D,25.11250199
SP-029,FX-EURCZK-1M,25.08026340
SP-029,FX-EURCZK-3M,25.01574761
SP-029,FX-EURHUF-1D,385.61027608
SP-029,FX-EURHUF-1M,384.53315340
SP-029,FX-EURHUF-3M,382.37140358
SP-029,FX-EURSGD-1D,1.45930696
SP-029,FX-EURSGD-1M,1.45915923
SP-029,FX-EURSGD-3M,1.45888594
SP-029,FX-EURHKD-1D,8.43161789
SP-029,FX-EURHKD-1M,8.42549598
SP-029,FX-EURHKD-3M,8.41322098
SP-029,FX-EURKRW-1D,1459.76114565
SP-029,FX-EURKRW-1M,1459.53591230
SP-029,FX-EURKRW-3M,1459.05952065
SP-029,FX-EURCNY-1D,7.76825232
SP-029,FX-EURCNY-1M,7.77342296
SP-029,FX-EURCNY-3M,7.78395511
SP-029,FX-EURINR-1D,89.97566610
SP-029,FX-EURINR-1M,89.73280399
SP-029,FX-EURINR-3M,89.24444920
SP-029,FX-EURBRL-1D,5.39788353
SP-029,FX-EURBRL-1M,5.36529623
SP-029,FX-EURBRL-3M,5.29950228
SP-029,FX-GBPJPY-1D,189.67034575
SP-029,FX-GBPJPY-1M,190.26296078
SP-029,FX-GBPJPY-3M,191.46622055
SP-029,FX-GBPCHF-1D,1.13460626
SP-029,FX-GBPCHF-1M,1.13775311
SP-029,FX-GBPCHF-3M,1.14415394
SP-029,FX-GBPCAD-1D,1.71624319
SP-029,FX-GBPCAD-1M,1.71723532
SP-029,FX-GBPCAD-3M,1.71926359
SP-029,FX-GBPAUD-1D,1.92434986
SP-029,FX-GBPAUD-1M,1.92486626
SP-029,FX-GBPAUD-3M,1.92596293
SP-029,FX-GBPNZD-1D,2.08191578
SP-029,FX-GBPNZD-1M,2.08099109
SP-029,FX-GBPNZD-3M,2.07917182
SP-029,FX-GBPSEK-1D,13.37196787
SP-029,FX-GBPSEK-1M,13.38995914
SP-029,FX-GBPSEK-3M,13.42645239
SP-029,FX-GBPNOK-1D,13.51170402
SP-029,FX-GBPNOK-1M,13.51833236
SP-029,FX-GBPNOK-3M,13.53195056
SP-029,FX-GBPDKK-1D,8.76070907
SP-029,FX-GBPDKK-1M,8.77108224
SP-029,FX-GBPDKK-3M,8.79205594
SP-029,FX-GBPPLN-1D,5.08027253
SP-029,FX-GBPPLN-1M,5.07723260
SP-029,FX-GBPPLN-3M,5.07113815
SP-029,FX-GBPCZK-1D,29.53798305
SP-029,FX-GBPCZK-1M,29.53281588
SP-029,FX-GBPCZK-3M,29.52256698
SP-029,FX-GBPHUF-1D,453.56491374
SP-029,FX-GBPHUF-1M,452.80014153
SP-029,FX-GBPHUF-3M,451.25916468
SP-029,FX-GBPSGD-1D,1.71647509
SP-029,FX-GBPSGD-1M,1.71820687
SP-029,FX-GBPSGD-3M,1.72171780
SP-029,FX-GBPHKD-1D,9.91748996
SP-029,FX-GBPHKD-1M,9.92129220
SP-029,FX-GBPHKD-3M,9.92894091
SP-029,FX-GBPKRW-1D,1717.00932046
SP-029,FX-GBPKRW-1M,1718.65042536
SP-029,FX-GBPKRW-3M,1721.92264993
SP-029,FX-GBPCNY-1D,9.13722198
SP-029,FX-GBPCNY-1M,9.15345526
SP-029,FX-GBPCNY-3M,9.18630695
SP-029,FX-GBPINR-1D,105.83173677
SP-029,FX-GBPINR-1M,105.66325942
SP-029,FX-GBPINR-3M,105.32266593
SP-029,FX-GBPBRL-1D,6.34913209
SP-029,FX-GBPBRL-1M,6.31780867
SP-029,FX-GBPBRL-3M,6.25425685
SP-029,FX-JPYCHF-1D,0.00598199
SP-029,FX-JPYCHF-1M,0.00597990
SP-029,FX-JPYCHF-3M,0.00597575
SP-029,FX-JPYCAD-1D,0.00904856
SP-029,FX-JPYCAD-1M,0.00902559
SP-029,FX-JPYCAD-3M,0.00897946
SP-029,FX-JPYAUD-1D,0.01014576
SP-029,FX-JPYAUD-1M,0.01011687
SP-029,FX-JPYAUD-3M,0.01005902
SP-029,FX-JPYNZD-1D,0.01097650
SP-029,FX-JPYNZD-1M,0.01093745
SP-029,FX-JPYNZD-3M,0.01085921
SP-029,FX-JPYSEK-1D,0.07050110
SP-029,FX-JPYSEK-1M,0.07037607
SP-029,FX-JPYSEK-3M,0.07012439
SP-029,FX-JPYNOK-1D,0.07123783
SP-029,FX-JPYNOK-1M,0.07105078
SP-029,FX-JPYNOK-3M,0.07067539
SP-029,FX-JPYDKK-1D,0.04618913
SP-029,FX-JPYDKK-1M,0.04609979
SP-029,FX-JPYDKK-3M,0.04591962
SP-029,FX-JPYPLN-1D,0.02678475
SP-029,FX-JPYPLN-1M,0.02668534
SP-029,FX-JPYPLN-3M,0.02648581
SP-029,FX-JPYCZK-1D,0.15573327
SP-029,FX-JPYCZK-1M,0.15522105
SP-029,FX-JPYCZK-3M,0.15419204
SP-029,FX-JPYHUF-1D,2.39133277
SP-029,FX-JPYHUF-1M,2.37986490
SP-029,FX-JPYHUF-3M,2.35686046
SP-029,FX-JPYSGD-1D,0.00904978
SP-029,FX-JPYSGD-1M,0.00903070
SP-029,FX-JPYSGD-3M,0.00899228
SP-029,FX-JPYHKD-1D,0.05228804
SP-029,FX-JPYHKD-1M,0.05214516
SP-029,FX-JPYHKD-3M,0.05185740
SP-029,FX-JPYKRW-1D,9.05259762
SP-029,FX-JPYKRW-1M,9.03302681
SP-029,FX-JPYKRW-3M,8.99334956
SP-029,FX-JPYCNY-1D,0.04817423
SP-029,FX-JPYCNY-1M,0.04810950
SP-029,FX-JPYCNY-3M,0.04797873
SP-029,FX-JPYINR-1D,0.55797724
SP-029,FX-JPYINR-1M,0.55535381
SP-029,FX-JPYINR-3M,0.55008484
SP-029,FX-JPYBRL-1D,0.03347456
SP-029,FX-JPYBRL-1M,0.03320567
SP-029,FX-JPYBRL-3M,0.03266507
SP-029,FX-CHFCAD-1D,1.51263328
SP-029,FX-CHFCAD-1M,1.50932158
SP-029,FX-CHFCAD-3M,1.50265058
SP-029,FX-CHFAUD-1D,1.69605081
SP-029,FX-CHFAUD-1M,1.69181367
SP-029,FX-CHFAUD-3M,1.68330751
SP-029,FX-CHFNZD-1D,1.83492359
SP-029,FX-CHFNZD-1M,1.82903574
SP-029,FX-CHFNZD-3M,1.81721335
SP-029,FX-CHFSEK-1D,11.78555802
SP-029,FX-CHFSEK-1M,11.76877395
SP-029,FX-CHFSEK-3M,11.73483032
SP-029,FX-CHFNOK-1D,11.90871630
SP-029,FX-CHFNOK-1M,11.88160442
SP-029,FX-CHFNOK-3M,11.82703660
SP-029,FX-CHFDKK-1D,7.72136502
SP-029,FX-CHFDKK-1M,7.70912615
SP-029,FX-CHFDKK-3M,7.68432953
SP-029,FX-CHFPLN-1D,4.47756436
SP-029,FX-CHFPLN-1M,4.46250823
SP-029,FX-CHFPLN-3M,4.43221664
SP-029,FX-CHFCZK-1D,26.03368604
SP-029,FX-CHFCZK-1M,25.95713927
SP-029,FX-CHFCZK-3M,25.80296746
SP-029,FX-CHFHUF-1D,399.75534346
SP-029,FX-CHFHUF-1M,397.97750353
SP-029,FX-CHFHUF-3M,394.40423836
SP-029,FX-CHFSGD-1D,1.51283768
SP-029,FX-CHFSGD-1M,1.51017550
SP-029,FX-CHFSGD-3M,1.50479559
SP-029,FX-CHFHKD-1D,8.74090893
SP-029,FX-CHFHKD-1M,8.72007479
SP-029,FX-CHFHKD-3M,8.67797639
SP-029,FX-CHFKRW-1D,1513.30852506
SP-029,FX-CHFKRW-1M,1510.56535322
SP-029,FX-CHFKRW-3M,1504.97462304
SP-029,FX-CHFCNY-1D,8.05320959
SP-029,FX-CHFCNY-1M,8.04520348
SP-029,FX-CHFCNY-3M,8.02890817
SP-029,FX-CHFINR-1D,93.27617944
SP-029,FX-CHFINR-1M,92.87011276
SP-029,FX-CHFINR-3M,92.05288023
SP-029,FX-CHFBRL-1D,5.59589025
SP-029,FX-CHFBRL-1M,5.55288193
SP-029,FX-CHFBRL-3M,5.46627216
SP-029,FX-CADAUD-1D,1.12125710
SP-029,FX-CADAUD-1M,1.12091001
SP-029,FX-CADAUD-3M,1.12022551
SP-029,FX-CADNZD-1D,1.21306572
SP-029,FX-CADNZD-1M,1.21182640
SP-029,FX-CADNZD-3M,1.20933860
SP-029,FX-CADSEK-1D,7.79141788
SP-029,FX-CADSEK-1M,7.79739328
SP-029,FX-CADSEK-3M,7.80942054
SP-029,FX-CADNOK-1D,7.87283767
SP-029,FX-CADNOK-1M,7.87214903
SP-029,FX-CADNOK-3M,7.87078296
SP-029,FX-CADDKK-1D,5.10458490
SP-029,FX-CADDKK-1M,5.10767635
SP-029,FX-CADDKK-3M,5.11384990
SP-029,FX-CADPLN-1D,2.96011228
SP-029,FX-CADPLN-1M,2.95663183
SP-029,FX-CADPLN-3M,2.94959899
SP-029,FX-CADCZK-1D,17.21083775
SP-029,FX-CADCZK-1M,17.19788519
SP-029,FX-CADCZK-3M,17.17163508
SP-029,FX-CADHUF-1D,264.27776480
SP-029,FX-CADHUF-1M,263.67972758
SP-029,FX-CADHUF-3M,262.47235577
SP-029,FX-CADSGD-1D,1.00013512
SP-029,FX-CADSGD-1M,1.00056577
SP-029,FX-CADSGD-3M,1.00142748
SP-029,FX-CADHKD-1D,5.77860412
SP-029,FX-CADHKD-1M,5.77747969
SP-029,FX-CADHKD-3M,5.77511265
SP-029,FX-CADKRW-1D,1000.44640051
SP-029,FX-CADKRW-1M,1000.82405988
SP-029,FX-CADKRW-3M,1001.54662720
SP-029,FX-CADCNY-1D,5.32396693
SP-029,FX-CADCNY-1M,5.33034416
SP-029,FX-CADCNY-3M,5.34316378
SP-029,FX-CADINR-1D,61.66476725
SP-029,FX-CADINR-1M,61.53103081
SP-029,FX-CADINR-3M,61.26033642
SP-029,FX-CADBRL-1D,3.69943615
SP-029,FX-CADBRL-1M,3.67905819
SP-029,FX-CADBRL-3M,3.63775333
SP-029,FX-AUDNZD-1D,1.08188008
SP-029,FX-AUDNZD-1M,1.08110944
SP-029,FX-AUDNZD-3M,1.07954924
SP-029,FX-AUDSEK-1D,6.94882368
SP-029,FX-AUDSEK-1M,6.95630621
SP-029,FX-AUDSEK-3M,6.97129328
SP-029,FX-AUDNOK-1D,7.02143841
SP-029,FX-AUDNOK-1M,7.02299823
SP-029,FX-AUDNOK-3M,7.02607012
SP-029,FX-AUDDKK-1D,4.55255525
SP-029,FX-AUDDKK-1M,4.55672293
SP-029,FX-AUDDKK-3M,4.56501827
SP-029,FX-AUDPLN-1D,2.63999423
SP-029,FX-AUDPLN-1M,2.63770668
SP-029,FX-AUDPLN-3M,2.63304038
SP-029,FX-AUDCZK-1D,15.34959088
SP-029,FX-AUDCZK-1M,15.34278845
SP-029,FX-AUDCZK-3M,15.32873067
SP-029,FX-AUDHUF-1D,235.69774043
SP-029,FX-AUDHUF-1M,235.23719550
SP-029,FX-AUDHUF-3M,234.30314190
SP-029,FX-AUDSGD-1D,0.89197663
SP-029,FX-AUDSGD-1M,0.89263701
SP-029,FX-AUDSGD-3M,0.89395169
SP-029,FX-AUDHKD-1D,5.15368342
SP-029,FX-AUDHKD-1M,5.15427611
SP-029,FX-AUDHKD-3M,5.15531258
SP-029,FX-AUDKRW-1D,892.25423943
SP-029,FX-AUDKRW-1M,892.86744642
SP-029,FX-AUDKRW-3M,894.05804593
SP-029,FX-AUDCNY-1D,4.74821246
SP-029,FX-AUDCNY-1M,4.75537207
SP-029,FX-AUDCNY-3M,4.76972159
SP-029,FX-AUDINR-1D,54.99609971
SP-029,FX-AUDINR-1M,54.89381856
SP-029,FX-AUDINR-3M,54.68571826
SP-029,FX-AUDBRL-1D,3.29936475
SP-029,FX-AUDBRL-1M,3.28220656
SP-029,FX-AUDBRL-3M,3.24734021
SP-029,FX-NZDSEK-1D,6.42291488
SP-029,FX-NZDSEK-1M,6.43441444
SP-029,FX-NZDSEK-3M,6.45759637
SP-029,FX-NZDNOK-1D,6.49003390
SP-029,FX-NZDNOK-1M,6.49610294
SP-029,FX-NZDNOK-3M,6.50833685
SP-029,FX-NZDDKK-1D,4.20800358
SP-029,FX-NZDDKK-1M,4.21485813
SP-029,FX-NZDDKK-3M,4.22863366
SP-029,FX-NZDPLN-1D,2.44019118
SP-029,FX-NZDPLN-1M,2.43981467
SP-029,FX-NZDPLN-3M,2.43901832
SP-029,FX-NZDCZK-1D,14.18788564
SP-029,FX-NZDCZK-1M,14.19170700
SP-029,FX-NZDCZK-3M,14.19919542
SP-029,FX-NZDHUF-1D,217.85939532
SP-029,FX-NZDHUF-1M,217.58869744
SP-029,FX-NZDHUF-3M,217.03793816
SP-029,FX-NZDSGD-1D,0.82446903
SP-029,FX-NZDSGD-1M,0.82566758
SP-029,FX-NZDSGD-3M,0.82807865
SP-029,FX-NZDHKD-1D,4.76363647
SP-029,FX-NZDHKD-1M,4.76758032
SP-029,FX-NZDHKD-3M,4.77543069
SP-029,FX-NZDKRW-1D,824.72563680
SP-029,FX-NZDKRW-1M,825.88072113
SP-029,FX-NZDKRW-3M,828.17717814
SP-029,FX-NZDCNY-1D,4.38885283
SP-029,FX-NZDCNY-1M,4.39860376
SP-029,FX-NZDCNY-3M,4.41825291
SP-029,FX-NZDINR-1D,50.83382219
SP-029,FX-NZDINR-1M,50.77545009
SP-029,FX-NZDINR-3M,50.65606650
SP-029,FX-NZDBRL-1D,3.04965847
SP-029,FX-NZDBRL-1M,3.03596142
SP-029,FX-NZDBRL-3M,3.00805195
SP-029,FX-SEKNOK-1D,1.01044993
SP-029,FX-SEKNOK-1M,1.00958727
SP-029,FX-SEKNOK-3M,1.00785749
SP-029,FX-SEKDKK-1D,0.65515481
SP-029,FX-SEKDKK-1M,0.65504922
SP-029,FX-SEKDKK-3M,0.65483090
SP-029,FX-SEKPLN-1D,0.37991959
SP-029,FX-SEKPLN-1M,0.37918208
SP-029,FX-SEKPLN-3M,0.37769755
SP-029,FX-SEKCZK-1D,2.20894810
SP-029,FX-SEKCZK-1M,2.20559417
SP-029,FX-SEKCZK-3M,2.19883601
SP-029,FX-SEKHUF-1D,33.91908493
SP-029,FX-SEKHUF-1M,33.81639456
SP-029,FX-SEKHUF-3M,33.60970951
SP-029,FX-SEKSGD-1D,0.12836369
SP-029,FX-SEKSGD-1M,0.12832055
SP-029,FX-SEKSGD-3M,0.12823326
SP-029,FX-SEKHKD-1D,0.74166271
SP-029,FX-SEKHKD-1M,0.74095015
SP-029,FX-SEKHKD-3M,0.73950591
SP-029,FX-SEKKRW-1D,128.40363794
SP-029,FX-SEKKRW-1M,128.35367211
SP-029,FX-SEKKRW-3M,128.24852012
SP-029,FX-SEKCNY-1D,0.68331169
SP-029,FX-SEKCNY-1M,0.68360591
SP-029,FX-SEKCNY-3M,0.68419465
SP-029,FX-SEKINR-1D,7.91444743
SP-029,FX-SEKINR-1M,7.89123091
SP-029,FX-SEKINR-3M,7.84441510
SP-029,FX-SEKBRL-1D,0.47480910
SP-029,FX-SEKBRL-1M,0.47183181
SP-029,FX-SEKBRL-3M,0.46581604
SP-029,FX-NOKDKK-1D,0.64837929
SP-029,FX-NOKDKK-1M,0.64882872
SP-029,FX-NOKDKK-3M,0.64972569
SP-029,FX-NOKPLN-1D,0.37599051
SP-029,FX-NOKPLN-1M,0.37558128
SP-029,FX-NOKPLN-3M,0.37475293
SP-029,FX-NOKCZK-1D,2.18610347
SP-029,FX-NOKCZK-1M,2.18464934
SP-029,FX-NOKCZK-3M,2.18169338
SP-029,FX-NOKHUF-1D,33.56829849
SP-029,FX-NOKHUF-1M,33.49526624
SP-029,FX-NOKHUF-3M,33.34768056
SP-029,FX-NOKSGD-1D,0.12703617
SP-029,FX-NOKSGD-1M,0.12710198
SP-029,FX-NOKSGD-3M,0.12723353
SP-029,FX-NOKHKD-1D,0.73399254
SP-029,FX-NOKHKD-1M,0.73391391
SP-029,FX-NOKHKD-3M,0.73374055
SP-029,FX-NOKKRW-1D,127.07570544
SP-029,FX-NOKKRW-1M,127.13479589
SP-029,FX-NOKKRW-3M,127.24866545
SP-029,FX-NOKCNY-1D,0.67624498
SP-029,FX-NOKCNY-1M,0.67711423
SP-029,FX-NOKCNY-3M,0.67886052
SP-029,FX-NOKINR-1D,7.83259732
SP-029,FX-NOKINR-1M,7.81629395
SP-029,FX-NOKINR-3M,7.78325826
SP-029,FX-NOKBRL-1D,0.46989870
SP-029,FX-NOKBRL-1M,0.46735119
SP-029,FX-NOKBRL-3M,0.46218443
SP-029,FX-DKKPLN-1D,0.57989285
SP-029,FX-DKKPLN-1M,0.57886045
SP-029,FX-DKKPLN-3M,0.57678638
SP-029,FX-DKKCZK-1D,3.37164296
SP-029,FX-DKKCZK-1M,3.36706635
SP-029,FX-DKKCZK-3M,3.35786842
SP-029,FX-DKKHUF-1D,51.77262598
SP-029,FX-DKKHUF-1M,51.62420432
SP-029,FX-DKKHUF-3M,51.32578408
SP-029,FX-DKKSGD-1D,0.19592879
SP-029,FX-DKKSGD-1M,0.19589451
SP-029,FX-DKKSGD-3M,0.19582653
SP-029,FX-DKKHKD-1D,1.13204193
SP-029,FX-DKKHKD-1M,1.13113661
SP-029,FX-DKKHKD-3M,1.12930820
SP-029,FX-DKKKRW-1D,195.98976609
SP-029,FX-DKKKRW-1M,195.94508169
SP-029,FX-DKKKRW-3M,195.84982877
SP-029,FX-DKKCNY-1D,1.04297745
SP-029,FX-DKKCNY-1M,1.04359474
SP-029,FX-DKKCNY-3M,1.04484173
SP-029,FX-DKKINR-1D,12.08027067
SP-029,FX-DKKINR-1M,12.04677559
SP-029,FX-DKKINR-3M,11.97929889
SP-029,FX-DKKBRL-1D,0.72472811
SP-029,FX-DKKBRL-1M,0.72029979
SP-029,FX-DKKBRL-3M,0.71135317
SP-029,FX-PLNCZK-1D,5.81425167
SP-029,FX-PLNCZK-1M,5.81671517
SP-029,FX-PLNCZK-3M,5.82168462
SP-029,FX-PLNHUF-1D,89.27964213
SP-029,FX-PLNHUF-1M,89.18246945
SP-029,FX-PLNHUF-3M,88.98577619
SP-029,FX-PLNSGD-1D,0.33787067
SP-029,FX-PLNSGD-1M,0.33841405
SP-029,FX-PLNSGD-3M,0.33951309
SP-029,FX-PLNHKD-1D,1.95215707
SP-029,FX-PLNHKD-1M,1.95407478
SP-029,FX-PLNHKD-3M,1.95793146
SP-029,FX-PLNKRW-1D,337.97582887
SP-029,FX-PLNKRW-1M,338.50141596
SP-029,FX-PLNKRW-3M,339.55348841
SP-029,FX-PLNCNY-1D,1.79856925
SP-029,FX-PLNCNY-1M,1.80284339
SP-029,FX-PLNCNY-3M,1.81148820
SP-029,FX-PLNINR-1D,20.83190145
SP-029,FX-PLNINR-1M,20.81119139
SP-029,FX-PLNINR-3M,20.76903897
SP-029,FX-PLNBRL-1D,1.24976210
SP-029,FX-PLNBRL-1M,1.24434100
SP-029,FX-PLNBRL-3M,1.23330437
SP-029,FX-CZKHUF-1D,15.35531092
SP-029,FX-CZKHUF-1M,15.33210187
SP-029,FX-CZKHUF-3M,15.28522791
SP-029,FX-CZKSGD-1D,0.05811078
SP-029,FX-CZKSGD-1M,0.05817958
SP-029,FX-CZKSGD-3M,0.05831870
SP-029,FX-CZKHKD-1D,0.33575380
SP-029,FX-CZKHKD-1M,0.33594129
SP-029,FX-CZKHKD-3M,0.33631699
SP-029,FX-CZKKRW-1D,58.12886131
SP-029,FX-CZKKRW-1M,58.19460062
SP-029,FX-CZKKRW-3M,58.32564124
SP-029,FX-CZKCNY-1D,0.30933805
SP-029,FX-CZKCNY-1M,0.30994184
SP-029,FX-CZKCNY-3M,0.31116220
SP-029,FX-CZKINR-1D,3.58290329
SP-029,FX-CZKINR-1M,3.57782542
SP-029,FX-CZKINR-3M,3.56753076
SP-029,FX-CZKBRL-1D,0.21494806
SP-029,FX-CZKBRL-1M,0.21392503
SP-029,FX-CZKBRL-3M,0.21184665
SP-029,FX-HUFSGD-1D,0.00378441
SP-029,FX-HUFSGD-1M,0.00379463
SP-029,FX-HUFSGD-3M,0.00381536
SP-029,FX-HUFHKD-1D,0.02186565
SP-029,FX-HUFHKD-1M,0.02191097
SP-029,FX-HUFHKD-3M,0.02200275
SP-029,FX-HUFKRW-1D,3.78558673
SP-029,FX-HUFKRW-1M,3.79560488
SP-029,FX-HUFKRW-3M,3.81581757
SP-029,FX-HUFCNY-1D,0.02014535
SP-029,FX-HUFCNY-1M,0.02021522
SP-029,FX-HUFCNY-3M,0.02035705
SP-029,FX-HUFINR-1D,0.23333316
SP-029,FX-HUFINR-1M,0.23335518
SP-029,FX-HUFINR-3M,0.23339729
SP-029,FX-HUFBRL-1D,0.01399829
SP-029,FX-HUFBRL-1M,0.01395275
SP-029,FX-HUFBRL-3M,0.01385957
SP-029,FX-SGDHKD-1D,5.77782340
SP-029,FX-SGDHKD-1M,5.77421285
SP-029,FX-SGDHKD-3M,5.76688055
SP-029,FX-SGDKRW-1D,1000.31123470
SP-029,FX-SGDKRW-1M,1000.25814858
SP-029,FX-SGDKRW-3M,1000.11897828
SP-029,FX-SGDCNY-1D,5.32324763
SP-029,FX-SGDCNY-1M,5.32733014
SP-029,FX-SGDCNY-3M,5.33554740
SP-029,FX-SGDINR-1D,61.65643600
SP-029,FX-SGDINR-1M,61.49623838
SP-029,FX-SGDINR-3M,61.17301323
SP-029,FX-SGDBRL-1D,3.69893634
SP-029,FX-SGDBRL-1M,3.67697788
SP-029,FX-SGDBRL-3M,3.63256792
SP-029,FX-HKDKRW-1D,173.12942357
SP-029,FX-HKDKRW-1M,173.22848591
SP-029,FX-HKDKRW-3M,173.42460451
SP-029,FX-HKDCNY-1D,0.92132405
SP-029,FX-HKDCNY-1M,0.92260716
SP-029,FX-HKDCNY-3M,0.92520512
SP-029,FX-HKDINR-1D,10.67122197
SP-029,FX-HKDINR-1M,10.65015094
SP-029,FX-HKDINR-3M,10.60764355
SP-029,FX-HKDBRL-1D,0.64019546
SP-029,FX-HKDBRL-1M,0.63679292
SP-029,FX-HKDBRL-3M,0.62990171
SP-029,FX-KRWCNY-1D,0.00532159
SP-029,FX-KRWCNY-1M,0.00532596
SP-029,FX-KRWCNY-3M,0.00533491
SP-029,FX-KRWINR-1D,0.06163725
SP-029,FX-KRWINR-1M,0.06148037
SP-029,FX-KRWINR-3M,0.06116574
SP-029,FX-KRWBRL-1D,0.00369779
SP-029,FX-KRWBRL-1M,0.00367603
SP-029,FX-KRWBRL-3M,0.00363214
SP-029,FX-CNYINR-1D,11.58248502
SP-029,FX-CNYINR-1M,11.54353809
SP-029,FX-CNYINR-3M,11.46518035
SP-029,FX-CNYBRL-1D,0.69486460
SP-029,FX-CNYBRL-1M,0.69021025
SP-029,FX-CNYBRL-3M,0.68082385
SP-029,FX-INRBRL-1D,0.05999270
SP-029,FX-INRBRL-1M,0.05979192
SP-029,FX-INRBRL-3M,0.05938187
SP-029,OPTION-EQA-030D-K050,44.52800000
SP-029,OPTION-EQA-030D-K060,35.62240000
SP-029,OPTION-EQA-030D-K070,26.71680000
SP-029,OPTION-EQA-030D-K080,17.81120703
SP-029,OPTION-EQA-030D-K090,8.93933563
SP-029,OPTION-EQA-030D-K100,1.83999694
SP-029,OPTION-EQA-030D-K110,0.06246852
SP-029,OPTION-EQA-030D-K120,0.00027576
SP-029,OPTION-EQA-030D-K130,0.00000020
SP-029,OPTION-EQA-030D-K140,0.00000000
SP-029,OPTION-EQA-030D-K150,0.00000000
SP-029,OPTION-EQA-090D-K050,44.52800000
SP-029,OPTION-EQA-090D-K060,35.62240001
SP-029,OPTION-EQA-090D-K070,26.71685787
SP-029,OPTION-EQA-090D-K080,17.82675644
SP-029,OPTION-EQA-090D-K090,9.36184632
SP-029,OPTION-EQA-090D-K100,3.20593480
SP-029,OPTION-EQA-090D-K110,0.63109532
SP-029,OPTION-EQA-090D-K120,0.07120684
SP-029,OPTION-EQA-090D-K130,0.00491791
SP-029,OPTION-EQA-090D-K140,0.00022599
SP-029,OPTION-EQA-090D-K150,0.00000748
SP-029,OPTION-EQA-180D-K050,44.52800005
SP-029,OPTION-EQA-180D-K060,35.62246965
SP-029,OPTION-EQA-180D-K070,26.72467790
SP-029,OPTION-EQA-180D-K080,17.98236045
SP-029,OPTION-EQA-180D-K090,10.16622132
SP-029,OPTION-EQA-180D-K100,4.56814269
SP-029,OPTION-EQA-180D-K110,1.60115082
SP-029,OPTION-EQA-180D-K120,0.44417347
SP-029,OPTION-EQA-180D-K130,0.10050943
SP-029,OPTION-EQA-180D-K140,0.01919200
SP-029,OPTION-EQA-180D-K150,0.00319233
SP-029,OPTION-EQA-360D-K050,44.52822146
SP-029,OPTION-EQA-360D-K060,35.63275305
SP-029,OPTION-EQA-360D-K070,26.85325603
SP-029,OPTION-EQA-360D-K080,18.61066321
SP-029,OPTION-EQA-360D-K090,11.64402692
SP-029,OPTION-EQA-360D-K100,6.53595206
SP-029,OPTION-EQA-360D-K110,3.30742138
SP-029,OPTION-EQA-360D-K120,1.52668394
SP-029,OPTION-EQA-360D-K130,0.65178641
SP-029,OPTION-EQA-360D-K140,0.26092557
SP-029,OPTION-EQA-360D-K150,0.09916658
SP-029,OPTION-EQA-720D-K050,44.55062821
SP-029,OPTION-EQA-720D-K060,35.80734638
SP-029,OPTION-EQA-720D-K070,27.52285103
SP-029,OPTION-EQA-720D-K080,20.14941602
SP-029,OPTION-EQA-720D-K090,14.05969929
SP-029,OPTION-EQA-720D-K100,9.38960442
SP-029,OPTION-EQA-720D-K110,6.03632698
SP-029,OPTION-EQA-720D-K120,3.75950134
SP-029,OPTION-EQA-720D-K130,2.28187851
SP-029,OPTION-EQA-720D-K140,1.35695353
SP-029,OPTION-EQA-720D-K150,0.79419781
SP-029,OPTION-EQB-030D-K050,46.04600000
SP-029,OPTION-EQB-030D-K060,36.83680000
SP-029,OPTION-EQB-030D-K070,27.62760000
SP-029,OPTION-EQB-030D-K080,18.41842181
SP-029,OPTION-EQB-030D-K090,9.25814114
SP-029,OPTION-EQB-030D-K100,2.00801538
SP-029,OPTION-EQB-030D-K110,0.08684583
SP-029,OPTION-EQB-030D-K120,0.00061882
SP-029,OPTION-EQB-030D-K130,0.00000091
SP-029,OPTION-EQB-030D-K140,0.00000000
SP-029,OPTION-EQB-030D-K150,0.00000000
SP-029,OPTION-EQB-090D-K050,46.04600000
SP-029,OPTION-EQB-090D-K060,36.83680005
SP-029,OPTION-EQB-090D-K070,27.62775350
SP-029,OPTION-EQB-090D-K080,18.44347365
SP-029,OPTION-EQB-090D-K090,9.77159944
SP-029,OPTION-EQB-090D-K100,3.49746638
SP-029,OPTION-EQB-090D-K110,0.76535135
SP-029,OPTION-EQB-090D-K120,0.10265037
SP-029,OPTION-EQB-090D-K130,0.00894372
SP-029,OPTION-EQB-090D-K140,0.00054436
SP-029,OPTION-EQB-090D-K150,0.00002480
SP-029,OPTION-EQB-180D-K050,46.04600024
SP-029,OPTION-EQB-180D-K060,36.83698509
SP-029,OPTION-EQB-180D-K070,27.64135910
SP-029,OPTION-EQB-180D-K080,18.65061893
SP-029,OPTION-EQB-180D-K090,10.69046212
SP-029,OPTION-EQB-180D-K100,4.98131319
SP-029,OPTION-EQB-180D-K110,1.86393535
SP-029,OPTION-EQB-180D-K120,0.56837721
SP-029,OPTION-EQB-180D-K130,0.14509072
SP-029,OPTION-EQB-180D-K140,0.03193812
SP-029,OPTION-EQB-180D-K150,0.00623256
SP-029,OPTION-EQB-360D-K050,46.04653699
SP-029,OPTION-EQB-360D-K060,36.85478406
SP-029,OPTION-EQB-360D-K070,27.81986864
SP-029,OPTION-EQB-360D-K080,19.40692032
SP-029,OPTION-EQB-360D-K090,12.33600992
SP-029,OPTION-EQB-360D-K100,7.12200843
SP-029,OPTION-EQB-360D-K110,3.75574622
SP-029,OPTION-EQB-360D-K120,1.82896750
SP-029,OPTION-EQB-360D-K130,0.83268108
SP-029,OPTION-EQB-360D-K140,0.35869382
SP-029,OPTION-EQB-360D-K150,0.14777998
SP-029,OPTION-EQB-720D-K050,46.08332152
SP-029,OPTION-EQB-720D-K060,37.09561009
SP-029,OPTION-EQB-720D-K070,28.64181565
SP-029,OPTION-EQB-720D-K080,21.16275576
SP-029,OPTION-EQB-720D-K090,14.98893603
SP-029,OPTION-EQB-720D-K100,10.22095352
SP-029,OPTION-EQB-720D-K110,6.74640403
SP-029,OPTION-EQB-720D-K120,4.33518957
SP-029,OPTION-EQB-720D-K130,2.72618764
SP-029,OPTION-EQB-720D-K140,1.68544496
SP-029,OPTION-EQB-720D-K150,1.02846666
SP-029,OPTION-EQC-030D-K050,47.56400000
SP-029,OPTION-EQC-030D-K060,38.05120000
SP-029,OPTION-EQC-030D-K070,28.53840000
SP-029,OPTION-EQC-030D-K080,19.02565837
SP-029,OPTION-EQC-030D-K090,9.58100318
SP-029,OPTION-EQC-030D-K100,2.18297185
SP-029,OPTION-EQC-030D-K110,0.11666113
SP-029,OPTION-EQC-030D-K120,0.00125443
SP-029,OPTION-EQC-030D-K130,0.00000330
SP-029,OPTION-EQC-030D-K140,0.00000000
SP-029,OPTION-EQC-030D-K150,0.00000000
SP-029,OPTION-EQC-090D-K050,47.56400000
SP-029,OPTION-EQC-090D-K060,38.05120022
SP-029,OPTION-EQC-090D-K070,28.53875921
SP-029,OPTION-EQC-090D-K080,19.06386570
SP-029,OPTION-EQC-090D-K090,10.19350435
SP-029,OPTION-EQC-090D-K100,3.80099143
SP-029,OPTION-EQC-090D-K110,0.91327697
SP-029,OPTION-EQC-090D-K120,0.14230057
SP-029,OPTION-EQC-090D-K130,0.01514408
SP-029,OPTION-EQC-090D-K140,0.00117330
SP-029,OPTION-EQC-090D-K150,0.00007030
SP-029,OPTION-EQC-180D-K050,47.56400103
SP-029,OPTION-EQC-180D-K060,38.05163414
SP-029,OPTION-EQC-180D-K070,28.56090724
SP-029,OPTION-EQC-180D-K080,19.33110679
SP-029,OPTION-EQC-180D-K090,11.23221143
SP-029,OPTION-EQC-180D-K100,5.41139431
SP-029,OPTION-EQC-180D-K110,2.14596428
SP-029,OPTION-EQC-180D-K120,0.71076594
SP-029,OPTION-EQC-180D-K130,0.20141387
SP-029,OPTION-EQC-180D-K140,0.05012303
SP-029,OPTION-EQC-180D-K150,0.01122281
SP-029,OPTION-EQC-360D-K050,47.56516544
SP-029,OPTION-EQC-360D-K060,38.08049682
SP-029,OPTION-EQC-360D-K070,28.79982945
SP-029,OPTION-EQC-360D-K080,20.22549654
SP-029,OPTION-EQC-360D-K090,13.05193949
SP-029,OPTION-EQC-360D-K100,7.73183385
SP-029,OPTION-EQC-360D-K110,4.23033236
SP-029,OPTION-EQC-360D-K120,2.15954125
SP-029,OPTION-EQC-360D-K130,1.03995979
SP-029,OPTION-EQC-360D-K140,0.47744316
SP-029,OPTION-EQC-360D-K150,0.21094107
SP-029,OPTION-EQC-720D-K050,47.62217811
SP-029,OPTION-EQC-720D-K060,38.40113819
SP-029,OPTION-EQC-720D-K070,29.78857155
SP-029,OPTION-EQC-720D-K080,22.20835305
SP-029,OPTION-EQC-720D-K090,15.95073769
SP-029,OPTION-EQC-720D-K100,11.08549406
SP-029,OPTION-EQC-720D-K110,7.49228754
SP-029,OPTION-EQC-720D-K120,4.94995414
SP-029,OPTION-EQC-720D-K130,3.21145936
SP-029,OPTION-EQC-720D-K140,2.05428131
SP-029,OPTION-EQC-720D-K150,1.30001764
SP-029,OPTION-EQD-030D-K050,49.08200000
SP-029,OPTION-EQD-030D-K060,39.26560000
SP-029,OPTION-EQD-030D-K070,29.44920000
SP-029,OPTION-EQD-030D-K080,19.63293828
SP-029,OPTION-EQD-030D-K090,9.90831190
SP-029,OPTION-EQD-030D-K100,2.36486569
SP-029,OPTION-EQD-030D-K110,0.15227232
SP-029,OPTION-EQD-030D-K120,0.00233865
SP-029,OPTION-EQD-030D-K130,0.00001017
SP-029,OPTION-EQD-030D-K140,0.00000002
SP-029,OPTION-EQD-030D-K150,0.00000000
SP-029,OPTION-EQD-090D-K050,49.08200000
SP-029,OPTION-EQD-090D-K060,39.26560087
SP-029,OPTION-EQD-090D-K070,29.44995831
SP-029,OPTION-EQD-090D-K080,19.68860914
SP-029,OPTION-EQD-090D-K090,10.62758209
SP-029,OPTION-EQD-090D-K100,4.11650662
SP-029,OPTION-EQD-090D-K110,1.07482984
SP-029,OPTION-EQD-090D-K120,0.19092056
SP-029,OPTION-EQD-090D-K130,0.02417128
SP-029,OPTION-EQD-090D-K140,0.00230756
SP-029,OPTION-EQD-090D-K150,0.00017522
SP-029,OPTION-EQD-180D-K050,49.08200360
SP-029,OPTION-EQD-180D-K060,39.26651881
SP-029,OPTION-EQD-180D-K070,29.48407103
SP-029,OPTION-EQD-180D-K080,20.02445636
SP-029,OPTION-EQD-180D-K090,11.79132414
SP-029,OPTION-EQD-180D-K100,5.85837663
SP-029,OPTION-EQD-180D-K110,2.44707127
SP-029,OPTION-EQD-180D-K120,0.87167401
SP-029,OPTION-EQD-180D-K130,0.27060193
SP-029,OPTION-EQD-180D-K140,0.07492173
SP-029,OPTION-EQD-180D-K150,0.01890025
SP-029,OPTION-EQD-360D-K050,49.08430809
SP-029,OPTION-EQD-360D-K060,39.31084611
SP-029,OPTION-EQD-360D-K070,29.79419903
SP-029,OPTION-EQD-360D-K080,21.06648511
SP-029,OPTION-EQD-360D-K090,13.79162526
SP-029,OPTION-EQD-360D-K100,8.36540158
SP-029,OPTION-EQD-360D-K110,4.73098918
SP-029,OPTION-EQD-360D-K120,2.51825976
SP-029,OPTION-EQD-360D-K130,1.27412027
SP-029,OPTION-EQD-360D-K140,0.61849079
SP-029,OPTION-EQD-360D-K150,0.29044074
SP-029,OPTION-EQD-720D-K050,49.16851821
SP-029,OPTION-EQD-720D-K060,39.72526239
SP-029,OPTION-EQD-720D-K070,30.96346639
SP-029,OPTION-EQD-720D-K080,23.28593106
SP-029,OPTION-EQD-720D-K090,16.94489724
SP-029,OPTION-EQD-720D-K100,11.98315024
SP-029,OPTION-EQD-720D-K110,8.27377136
SP-029,OPTION-EQD-720D-K120,5.60343138
SP-029,OPTION-EQD-720D-K130,3.73746787
SP-029,OPTION-EQD-720D-K140,2.46375212
SP-029,OPTION-EQD-720D-K150,1.60988409
SP-029,OPTION-EQE-030D-K050,50.60000000
SP-029,OPTION-EQE-030D-K060,40.48000000
SP-029,OPTION-EQE-030D-K070,30.36000001
SP-029,OPTION-EQE-030D-K080,20.24029612
SP-029,OPTION-EQE-030D-K090,10.24040946
SP-029,OPTION-EQE-030D-K100,2.55369625
SP-029,OPTION-EQE-030D-K110,0.19398016
SP-029,OPTION-EQE-030D-K120,0.00406662
SP-029,OPTION-EQE-030D-K130,0.00002741
SP-029,OPTION-EQE-030D-K140,0.00000007
SP-029,OPTION-EQE-030D-K150,0.00000000
SP-029,OPTION-EQE-090D-K050,50.60000000
SP-029,OPTION-EQE-090D-K060,40.48000289
SP-029,OPTION-EQE-090D-K070,30.36146948
SP-029,OPTION-EQE-090D-K080,20.31835593
SP-029,OPTION-EQE-090D-K090,11.07383071
SP-029,OPTION-EQE-090D-K100,4.44400847
SP-029,OPTION-EQE-090D-K110,1.24995709
SP-029,OPTION-EQE-090D-K120,0.24917815
SP-029,OPTION-EQE-090D-K130,0.03671905
SP-029,OPTION-EQE-090D-K140,0.00420528
SP-029,OPTION-EQE-090D-K150,0.00039245
SP-029,OPTION-EQE-180D-K050,50.60001085
SP-029,OPTION-EQE-180D-K060,40.48178516
SP-029,OPTION-EQE-180D-K070,30.41162317
SP-029,OPTION-EQE-180D-K080,20.73118718
SP-029,OPTION-EQE-180D-K090,12.36766745
SP-029,OPTION-EQE-180D-K100,6.32225029
SP-029,OPTION-EQE-180D-K110,2.76710801
SP-029,OPTION-EQE-180D-K120,1.05134498
SP-029,OPTION-EQE-180D-K130,0.35364274
SP-029,OPTION-EQE-180D-K140,0.10750226
SP-029,OPTION-EQE-180D-K150,0.03009756
SP-029,OPTION-EQE-360D-K050,50.60423506
SP-029,OPTION-EQE-360D-K060,40.54681798
SP-029,OPTION-EQE-360D-K070,30.80389169
SP-029,OPTION-EQE-360D-K080,21.92992429
SP-029,OPTION-EQE-360D-K090,14.55490003
SP-029,OPTION-EQE-360D-K100,9.02268368
SP-029,OPTION-EQE-360D-K110,5.25754981
SP-029,OPTION-EQE-360D-K120,2.90496759
SP-029,OPTION-EQE-360D-K130,1.53552670
SP-029,OPTION-EQE-360D-K140,0.78294459
SP-029,OPTION-EQE-360D-K150,0.38790985
SP-029,OPTION-EQE-720D-K050,50.72365767
SP-029,OPTION-EQE-720D-K060,41.06912903
SP-029,OPTION-EQE-720D-K070,32.16673292
SP-029,OPTION-EQE-720D-K080,24.39522520
SP-029,OPTION-EQE-720D-K090,17.97122650
SP-029,OPTION-EQE-720D-K100,12.91384305
SP-029,OPTION-EQE-720D-K110,9.09066679
SP-029,OPTION-EQE-720D-K120,6.29528900
SP-029,OPTION-EQE-720D-K130,4.30396779
SP-029,OPTION-EQE-720D-K140,2.91401933
SP-029,OPTION-EQE-720D-K150,1.95886053
SP-029,OPTION-EQF-030D-K050,52.11800000
SP-029,OPTION-EQF-030D-K060,41.69440000
SP-029,OPTION-EQF-030D-K070,31.27080003
SP-029,OPTION-EQF-030D-K080,20.84778270
SP-029,OPTION-EQF-030D-K090,10.57759259
SP-029,OPTION-EQF-030D-K100,2.74946284
SP-029,OPTION-EQF-030D-K110,0.24203541
SP-029,OPTION-EQF-030D-K120,0.00666943
SP-029,OPTION-EQF-030D-K130,0.00006595
SP-029,OPTION-EQF-030D-K140,0.00000028
SP-029,OPTION-EQF-030D-K150,0.00000000
SP-029,OPTION-EQF-090D-K050,52.11800000
SP-029,OPTION-EQF-090D-K060,41.69440839
SP-029,OPTION-EQF-090D-K070,31.27345032
SP-029,OPTION-EQF-090D-K080,20.95372125
SP-029,OPTION-EQF-090D-K090,11.53223286
SP-029,OPTION-EQF-090D-K100,4.78349338
SP-029,OPTION-EQF-090D-K110,1.43860044
SP-029,OPTION-EQF-090D-K120,0.31765136
SP-029,OPTION-EQF-090D-K130,0.05350131
SP-029,OPTION-EQF-090D-K140,0.00718830
SP-029,OPTION-EQF-090D-K150,0.00080368
SP-029,OPTION-EQF-180D-K050,52.11802880
SP-029,OPTION-EQF-180D-K060,41.69762813
SP-029,OPTION-EQF-180D-K070,31.34433828
SP-029,OPTION-EQF-180D-K080,21.45172290
SP-029,OPTION-EQF-180D-K090,12.96112044
SP-029,OPTION-EQF-180D-K100,6.80300505
SP-029,OPTION-EQF-180D-K110,3.10594225
SP-029,OPTION-EQF-180D-K120,1.24995238
SP-029,OPTION-EQF-180D-K130,0.45139547
SP-029,OPTION-EQF-180D-K140,0.14899777
SP-029,OPTION-EQF-180D-K150,0.04571825
SP-029,OPTION-EQF-360D-K050,52.12528720
SP-029,OPTION-EQF-360D-K060,41.78940198
SP-029,OPTION-EQF-360D-K070,31.82968778
SP-029,OPTION-EQF-360D-K080,22.81581311
SP-029,OPTION-EQF-360D-K090,15.34161571
SP-029,OPTION-EQF-360D-K100,9.70365110
SP-029,OPTION-EQF-360D-K110,5.80986667
SP-029,OPTION-EQF-360D-K120,3.31950620
SP-029,OPTION-EQF-360D-K130,1.82443911
SP-029,OPTION-EQF-360D-K140,0.97172836
SP-029,OPTION-EQF-360D-K150,0.50481236
SP-029,OPTION-EQF-720D-K050,52.28887660
SP-029,OPTION-EQF-720D-K060,42.43371436
SP-029,OPTION-EQF-720D-K070,33.39851545
SP-029,OPTION-EQF-720D-K080,25.53598407
SP-029,OPTION-EQF-720D-K090,19.02955196
SP-029,OPTION-EQF-720D-K100,13.87749035
SP-029,OPTION-EQF-720D-K110,9.94279856
SP-029,OPTION-EQF-720D-K120,7.02522167
SP-029,OPTION-EQF-720D-K130,4.91070434
SP-029,OPTION-EQF-720D-K140,3.40514930
SP-029,OPTION-EQF-720D-K150,2.34754752
SP-029,OPTION-EQG-030D-K050,53.63600000
SP-029,OPTION-EQG-030D-K060,42.90880000
SP-029,OPTION-EQG-030D-K070,32.18160013
SP-029,OPTION-EQG-030D-K080,21.45546763
SP-029,OPTION-EQG-030D-K090,10.92011643
SP-029,OPTION-EQG-030D-K100,2.95216472
SP-029,OPTION-EQG-030D-K110,0.29664576
SP-029,OPTION-EQG-030D-K120,0.01040911
SP-029,OPTION-EQG-030D-K130,0.00014424
SP-029,OPTION-EQG-030D-K140,0.00000093
SP-029,OPTION-EQG-030D-K150,0.00000000
SP-029,OPTION-EQG-090D-K050,53.63600001
SP-029,OPTION-EQG-090D-K060,42.90882164
SP-029,OPTION-EQG-090D-K070,32.18609837
SP-029,OPTION-EQG-090D-K080,21.59527606
SP-029,OPTION-EQG-090D-K090,12.00276123
SP-029,OPTION-EQG-090D-K100,5.13495756
SP-029,OPTION-EQG-090D-K110,1.64069957
SP-029,OPTION-EQG-090D-K120,0.39683637
SP-029,OPTION-EQG-090D-K130,0.07523362
SP-029,OPTION-EQG-090D-K140,0.01163850
SP-029,OPTION-EQG-090D-K150,0.00152585
SP-029,OPTION-EQG-180D-K050,53.63606871
SP-029,OPTION-EQG-180D-K060,42.91429323
SP-029,OPTION-EQG-180D-K070,32.28297508
SP-029,OPTION-EQG-180D-K080,22.18640660
SP-029,OPTION-EQG-180D-K090,13.57157327
SP-029,OPTION-EQG-180D-K100,7.30063023
SP-029,OPTION-EQG-180D-K110,3.46345579
SP-029,OPTION-EQG-180D-K120,1.46761591
SP-029,OPTION-EQG-180D-K130,0.56460087
SP-029,OPTION-EQG-180D-K140,0.20048661
SP-029,OPTION-EQG-180D-K150,0.06671154
SP-029,OPTION-EQG-360D-K050,53.64787345
SP-029,OPTION-EQG-360D-K060,43.03956851
SP-029,OPTION-EQG-360D-K070,32.87224795
SP-029,OPTION-EQG-360D-K080,23.72412283
SP-029,OPTION-EQG-360D-K090,16.15163992
SP-029,OPTION-EQG-360D-K100,10.40827362
SP-029,OPTION-EQG-360D-K110,6.38780789
SP-029,OPTION-EQG-360D-K120,3.76171826
SP-029,OPTION-EQG-360D-K130,2.14103666
SP-029,OPTION-EQG-360D-K140,1.18560672
SP-029,OPTION-EQG-360D-K150,0.64244757
SP-029,OPTION-EQG-720D-K050,53.86539632
SP-029,OPTION-EQG-720D-K060,43.81984217
SP-029,OPTION-EQG-720D-K070,34.65889039
SP-029,OPTION-EQG-720D-K080,26.70796924
SP-029,OPTION-EQG-720D-K090,20.11971152
SP-029,OPTION-EQG-720D-K100,14.87400687
SP-029,OPTION-EQG-720D-K110,10.83000170
SP-029,OPTION-EQG-720D-K120,7.79294701
SP-029,OPTION-EQG-720D-K130,5.55741982
SP-029,OPTION-EQG-720D-K140,3.93713698
SP-029,OPTION-EQG-720D-K150,2.77638901
SP-029,OPTION-EQH-030D-K050,55.15400000
SP-029,OPTION-EQH-030D-K060,44.12320000
SP-029,OPTION-EQH-030D-K070,33.09240042
SP-029,OPTION-EQH-030D-K080,22.06344088
SP-029,OPTION-EQH-030D-K090,11.26819892
SP-029,OPTION-EQH-030D-K100,3.16180114
SP-029,OPTION-EQH-030D-K110,0.35798239
SP-029,OPTION-EQH-030D-K120,0.01557228
SP-029,OPTION-EQH-030D-K130,0.00029091
SP-029,OPTION-EQH-030D-K140,0.00000271
SP-029,OPTION-EQH-030D-K150,0.00000001
SP-029,OPTION-EQH-090D-K050,55.15400002
SP-029,OPTION-EQH-090D-K060,44.12325050
SP-029,OPTION-EQH-090D-K070,33.09964975
SP-029,OPTION-EQH-090D-K080,22.24354345
SP-029,OPTION-EQH-090D-K090,12.48538224
SP-029,OPTION-EQH-090D-K100,5.49839711
SP-029,OPTION-EQH-090D-K110,1.85619430
SP-029,OPTION-EQH-090D-K120,0.48715632
SP-029,OPTION-EQH-090D-K130,0.10261812
SP-029,OPTION-EQH-090D-K140,0.01799081
SP-029,OPTION-EQH-090D-K150,0.00271614
SP-029,OPTION-EQH-180D-K050,55.15414973
SP-029,OPTION-EQH-180D-K060,44.13207526
SP-029,OPTION-EQH-180D-K070,33.22826306
SP-029,OPTION-EQH-180D-K080,22.93551438
SP-029,OPTION-EQH-180D-K090,14.19892615
SP-029,OPTION-EQH-180D-K100,7.81511474
SP-029,OPTION-EQH-180D-K110,3.83954265
SP-029,OPTION-EQH-180D-K120,1.70441411
SP-029,OPTION-EQH-180D-K130,0.69389324
SP-029,OPTION-EQH-180D-K140,0.26297922
SP-029,OPTION-EQH-180D-K150,0.09404862
SP-029,OPTION-EQH-360D-K050,55.17246454
SP-029,OPTION-EQH-360D-K060,44.29825164
SP-029,OPTION-EQH-360D-K070,33.93212771
SP-029,OPTION-EQH-360D-K080,24.65480530
SP-029,OPTION-EQH-360D-K090,16.98485333
SP-029,OPTION-EQH-360D-K100,11.13651989
SP-029,OPTION-EQH-360D-K110,6.99125444
SP-029,OPTION-EQH-360D-K120,4.23145025
SP-029,OPTION-EQH-360D-K130,2.48543590
SP-029,OPTION-EQH-360D-K140,1.42520827
SP-029,OPTION-EQH-360D-K150,0.80195828
SP-029,OPTION-EQH-720D-K050,55.45436378
SP-029,OPTION-EQH-720D-K060,45.22820179
SP-029,OPTION-EQH-720D-K070,35.94788212
SP-029,OPTION-EQH-720D-K080,27.91095451
SP-029,OPTION-EQH-720D-K090,21.24155194
SP-029,OPTION-EQH-720D-K100,15.90330421
SP-029,OPTION-EQH-720D-K110,11.75211907
SP-029,OPTION-EQH-720D-K120,8.59820207
SP-029,OPTION-EQH-720D-K130,6.24385770
SP-029,OPTION-EQH-720D-K140,4.50992400
SP-029,OPTION-EQH-720D-K150,3.24570288
SP-029,OPTION-EQI-030D-K050,56.67200000
SP-029,OPTION-EQI-030D-K060,45.33760000
SP-029,OPTION-EQI-030D-K070,34.00320121
SP-029,OPTION-EQI-030D-K080,22.67181317
SP-029,OPTION-EQI-030D-K090,11.62202531
SP-029,OPTION-EQI-030D-K100,3.37837133
SP-029,OPTION-EQI-030D-K110,0.42618575
SP-029,OPTION-EQI-030D-K120,0.02246343
SP-029,OPTION-EQI-030D-K130,0.00054742
SP-029,OPTION-EQI-030D-K140,0.00000705
SP-029,OPTION-EQI-030D-K150,0.00000005
SP-029,OPTION-EQI-090D-K050,56.67200008
SP-029,OPTION-EQI-090D-K060,45.33770817
SP-029,OPTION-EQI-090D-K070,34.01437579
SP-029,OPTION-EQI-090D-K080,22.89899772
SP-029,OPTION-EQI-090D-K090,12.98005877
SP-029,OPTION-EQI-090D-K100,5.87380797
SP-029,OPTION-EQI-090D-K110,2.08502594
SP-029,OPTION-EQI-090D-K120,0.58897025
SP-029,OPTION-EQI-090D-K130,0.13633205
SP-029,OPTION-EQI-090D-K140,0.02672423
SP-029,OPTION-EQI-090D-K150,0.00457503
SP-029,OPTION-EQI-180D-K050,56.67230194
SP-029,OPTION-EQI-180D-K060,45.35131449
SP-029,OPTION-EQI-180D-K070,34.18089312
SP-029,OPTION-EQI-180D-K080,23.69926697
SP-029,OPTION-EQI-180D-K090,14.84308834
SP-029,OPTION-EQI-180D-K100,8.34644710
SP-029,OPTION-EQI-180D-K110,4.23410753
SP-029,OPTION-EQI-180D-K120,1.96039413
SP-029,OPTION-EQI-180D-K130,0.83981267
SP-029,OPTION-EQI-180D-K140,0.33741086
SP-029,OPTION-EQI-180D-K150,0.12870212
SP-029,OPTION-EQI-360D-K050,56.69958394
SP-029,OPTION-EQI-360D-K060,45.56633707
SP-029,OPTION-EQI-360D-K070,35.00979131
SP-029,OPTION-EQI-360D-K080,25.60779906
SP-029,OPTION-EQI-360D-K090,17.84114735
SP-029,OPTION-EQI-360D-K100,11.88835741
SP-029,OPTION-EQI-360D-K110,7.62009783
SP-029,OPTION-EQI-360D-K120,4.72855385
SP-029,OPTION-EQI-360D-K130,2.85770504
SP-029,OPTION-EQI-360D-K140,1.69104640
SP-029,OPTION-EQI-360D-K150,0.98434227
SP-029,OPTION-EQI-720D-K050,57.05684219
SP-029,OPTION-EQI-720D-K060,46.65936533
SP-029,OPTION-EQI-720D-K070,37.26547519
SP-029,OPTION-EQI-720D-K080,29.14472491
SP-029,OPTION-EQI-720D-K090,22.39492678
SP-029,OPTION-EQI-720D-K100,16.96529087
SP-029,OPTION-EQI-720D-K110,12.70899942
SP-029,OPTION-EQI-720D-K120,9.44074028
SP-029,OPTION-EQI-720D-K130,6.96976495
SP-029,OPTION-EQI-720D-K140,5.12341242
SP-029,OPTION-EQI-720D-K150,3.75570564
SP-029,OPTION-EQJ-030D-K050,58.19000000
SP-029,OPTION-EQJ-030D-K060,46.55200000
SP-029,OPTION-EQJ-030D-K070,34.91400317
SP-029,OPTION-EQJ-030D-K080,23.28071544
SP-029,OPTION-EQJ-030D-K090,11.98175239
SP-029,OPTION-EQJ-030D-K100,3.60187448
SP-029,OPTION-EQJ-030D-K110,0.50137066
SP-029,OPTION-EQJ-030D-K120,0.03139826
SP-029,OPTION-EQJ-030D-K130,0.00097043
SP-029,OPTION-EQJ-030D-K140,0.00001672
SP-029,OPTION-EQJ-030D-K150,0.00000018
SP-029,OPTION-EQJ-090D-K050,58.19000027
SP-029,OPTION-EQJ-090D-K060,46.55221529
SP-029,OPTION-EQJ-090D-K070,34.93057828
SP-029,OPTION-EQJ-090D-K080,23.56206546
SP-029,OPTION-EQJ-090D-K090,13.48675194
SP-029,OPTION-EQJ-090D-K100,6.26118593
SP-029,OPTION-EQJ-090D-K110,2.32713811
SP-029,OPTION-EQJ-090D-K120,0.70258153
SP-029,OPTION-EQJ-090D-K130,0.17701961
SP-029,OPTION-EQJ-090D-K140,0.03835165
SP-029,OPTION-EQJ-090D-K150,0.00734716
SP-029,OPTION-EQJ-180D-K050,58.19056957
SP-029,OPTION-EQJ-180D-K060,46.57239089
SP-029,OPTION-EQJ-180D-K070,35.14151172
SP-029,OPTION-EQJ-180D-K080,24.47783956
SP-029,OPTION-EQJ-180D-K090,15.50397714
SP-029,OPTION-EQJ-180D-K100,8.89461541
SP-029,OPTION-EQJ-180D-K110,4.64706428
SP-029,OPTION-EQJ-180D-K120,2.23557928
SP-029,OPTION-EQJ-180D-K130,1.00281692
SP-029,OPTION-EQJ-180D-K140,0.42463860
SP-029,OPTION-EQJ-180D-K150,0.17162900
SP-029,OPTION-EQJ-360D-K050,58.22979732
SP-029,OPTION-EQJ-360D-K060,46.84465429
SP-029,OPTION-EQJ-360D-K070,36.10562453
SP-029,OPTION-EQJ-360D-K080,26.58303373
SP-029,OPTION-EQJ-360D-K090,18.72042235
SP-029,OPTION-EQJ-360D-K100,12.66375254
SP-029,OPTION-EQJ-360D-K110,8.27423816
SP-029,OPTION-EQJ-360D-K120,5.25288667
SP-029,OPTION-EQJ-360D-K130,3.25787501
SP-029,OPTION-EQJ-360D-K140,1.98353747
SP-029,OPTION-EQJ-360D-K150,1.19046536
SP-029,OPTION-EQJ-720D-K050,58.67380657
SP-029,OPTION-EQJ-720D-K060,48.11380361
SP-029,OPTION-EQJ-720D-K070,38.61162359
SP-029,OPTION-EQJ-720D-K080,30.40907555
SP-029,OPTION-EQJ-720D-K090,23.57969481
SP-029,OPTION-EQJ-720D-K100,18.05987228
SP-029,OPTION-EQJ-720D-K110,13.70049589
SP-029,OPTION-EQJ-720D-K120,10.32032879
SP-029,OPTION-EQJ-720D-K130,7.73489342
SP-029,OPTION-EQJ-720D-K140,5.77747481
SP-029,OPTION-EQJ-720D-K150,4.30653241
SP-029,OTHER-BRENT-001D,45.22214568
SP-029,OTHER-BRENT-005D,45.30250489
SP-029,OTHER-BRENT-010D,45.40295390
SP-029,OTHER-BRENT-020D,45.60385193
SP-029,OTHER-BRENT-030D,45.80474995
SP-029,OTHER-BRENT-060D,46.40744403
SP-029,OTHER-BRENT-090D,47.01013811
SP-029,OTHER-BRENT-120D,47.61283219
SP-029,OTHER-BRENT-180D,48.81822035
SP-029,OTHER-BRENT-360D,52.43438482
SP-029,OTHER-WTI-001D,47.64068260
SP-029,OTHER-WTI-005D,47.72105490
SP-029,OTHER-WTI-010D,47.82152028
SP-029,OTHER-WTI-020D,48.02245104
SP-029,OTHER-WTI-030D,48.22338179
SP-029,OTHER-WTI-060D,48.82617407
SP-029,OTHER-WTI-090D,49.42896634
SP-029,OTHER-WTI-120D,50.03175861
SP-029,OTHER-WTI-180D,51.23734316
SP-029,OTHER-WTI-360D,54.85409679
SP-029,OTHER-GAS_EU-001D,50.06000640
SP-029,OTHER-GAS_EU-005D,50.14039180
SP-029,OTHER-GAS_EU-010D,50.24087354
SP-029,OTHER-GAS_EU-020D,50.44183704
SP-029,OTHER-GAS_EU-030D,50.64280053
SP-029,OTHER-GAS_EU-060D,51.24569101
SP-029,OTHER-GAS_EU-090D,51.84858150
SP-029,OTHER-GAS_EU-120D,52.45147198
SP-029,OTHER-GAS_EU-180D,53.65725294
SP-029,OTHER-GAS_EU-360D,57.27459584
SP-029,OTHER-GAS_US-001D,52.48011727
SP-029,OTHER-GAS_US-005D,52.56051577
SP-029,OTHER-GAS_US-010D,52.66101389
SP-029,OTHER-GAS_US-020D,52.86201012
SP-029,OTHER-GAS_US-030D,53.06300636
SP-029,OTHER-GAS_US-060D,53.66599507
SP-029,OTHER-GAS_US-090D,54.26898378
SP-029,OTHER-GAS_US-120D,54.87197248
SP-029,OTHER-GAS_US-180D,56.07794990
SP-029,OTHER-GAS_US-360D,59.69588215
SP-029,OTHER-GOLD-001D,54.90101541
SP-029,OTHER-GOLD-005D,54.98142701
SP-029,OTHER-GOLD-010D,55.08194150
SP-029,OTHER-GOLD-020D,55.28297048
SP-029,OTHER-GOLD-030D,55.48399947
SP-029,OTHER-GOLD-060D,56.08708642
SP-029,OTHER-GOLD-090D,56.69017337
SP-029,OTHER-GOLD-120D,57.29326032
SP-029,OTHER-GOLD-180D,58.49943422
SP-029,OTHER-GOLD-360D,62.11795592
SP-029,OTHER-SILVER-001D,57.27602724
SP-029,OTHER-SILVER-005D,57.35638646
SP-029,OTHER-SILVER-010D,57.45683547
SP-029,OTHER-SILVER-020D,57.65773349
SP-029,OTHER-SILVER-030D,57.85863152
SP-029,OTHER-SILVER-060D,58.46132560
SP-029,OTHER-SILVER-090D,59.06401968
SP-029,OTHER-SILVER-120D,59.66671376
SP-029,OTHER-SILVER-180D,60.87210191
SP-029,OTHER-SILVER-360D,64.48826638
SP-029,OTHER-COPPER-001D,59.69652805
SP-029,OTHER-COPPER-005D,59.77690035
SP-029,OTHER-COPPER-010D,59.87736573
SP-029,OTHER-COPPER-020D,60.07829649
SP-029,OTHER-COPPER-030D,60.27922724
SP-029,OTHER-COPPER-060D,60.88201952
SP-029,OTHER-COPPER-090D,61.48481179
SP-029,OTHER-COPPER-120D,62.08760406
SP-029,OTHER-COPPER-180D,63.29318861
SP-029,OTHER-COPPER-360D,66.90994224
SP-029,OTHER-ALUMINIUM-001D,62.11781605
SP-029,OTHER-ALUMINIUM-005D,62.19820145
SP-029,OTHER-ALUMINIUM-010D,62.29868319
SP-029,OTHER-ALUMINIUM-020D,62.49964669
SP-029,OTHER-ALUMINIUM-030D,62.70061018
SP-029,OTHER-ALUMINIUM-060D,63.30350067
SP-029,OTHER-ALUMINIUM-090D,63.90639115
SP-029,OTHER-ALUMINIUM-120D,64.50928163
SP-029,OTHER-ALUMINIUM-180D,65.71506260
SP-029,OTHER-ALUMINIUM-360D,69.33240549
SP-029,OTHER-WHEAT-001D,64.53989145
SP-029,OTHER-WHEAT-005D,64.62028994
SP-029,OTHER-WHEAT-010D,64.72078806
SP-029,OTHER-WHEAT-020D,64.92178430
SP-029,OTHER-WHEAT-030D,65.12278053
SP-029,OTHER-WHEAT-060D,65.72576924
SP-029,OTHER-WHEAT-090D,66.32875795
SP-029,OTHER-WHEAT-120D,66.93174666
SP-029,OTHER-WHEAT-180D,68.13772407
SP-029,OTHER-WHEAT-360D,71.75565633
SP-029,OTHER-CORN-001D,66.96275443
SP-029,OTHER-CORN-005D,67.04316602
SP-029,OTHER-CORN-010D,67.14368051
SP-029,OTHER-CORN-020D,67.34470950
SP-029,OTHER-CORN-030D,67.54573848
SP-029,OTHER-CORN-060D,68.14882543
SP-029,OTHER-CORN-090D,68.75191238
SP-029,OTHER-CORN-120D,69.35499933
SP-029,OTHER-CORN-180D,70.56117323
SP-029,OTHER-CORN-360D,74.17969494
SP-029,OTHER-SOY-001D,69.32990881
SP-029,OTHER-SOY-005D,69.41026802
SP-029,OTHER-SOY-010D,69.51071703
SP-029,OTHER-SOY-020D,69.71161506
SP-029,OTHER-SOY-030D,69.91251309
SP-029,OTHER-SOY-060D,70.51520717
SP-029,OTHER-SOY-090D,71.11790124
SP-029,OTHER-SOY-120D,71.72059532
SP-029,OTHER-SOY-180D,72.92598348
SP-029,OTHER-SOY-360D,76.54214795
SP-029,OTHER-CARBON_EU-001D,71.75237350
SP-029,OTHER-CARBON_EU-005D,71.83274580
SP-029,OTHER-CARBON_EU-010D,71.93321118
SP-029,OTHER-CARBON_EU-020D,72.13414193
SP-029,OTHER-CARBON_EU-030D,72.33507269
SP-029,OTHER-CARBON_EU-060D,72.93786496
SP-029,OTHER-CARBON_EU-090D,73.54065724
SP-029,OTHER-CARBON_EU-120D,74.14344951
SP-029,OTHER-CARBON_EU-180D,75.34903405
SP-029,OTHER-CARBON_EU-360D,78.96578769
SP-029,OTHER-CARBON_UK-001D,74.17562570
SP-029,OTHER-CARBON_UK-005D,74.25601110
SP-029,OTHER-CARBON_UK-010D,74.35649285
SP-029,OTHER-CARBON_UK-020D,74.55745634
SP-029,OTHER-CARBON_UK-030D,74.75841983
SP-029,OTHER-CARBON_UK-060D,75.36131032
SP-029,OTHER-CARBON_UK-090D,75.96420080
SP-029,OTHER-CARBON_UK-120D,76.56709128
SP-029,OTHER-CARBON_UK-180D,77.77287225
SP-029,OTHER-CARBON_UK-360D,81.39021514
SP-029,OTHER-EQ_EM-001D,76.59966562
SP-029,OTHER-EQ_EM-005D,76.68006411
SP-029,OTHER-EQ_EM-010D,76.78056223
SP-029,OTHER-EQ_EM-020D,76.98155847
SP-029,OTHER-EQ_EM-030D,77.18255470
SP-029,OTHER-EQ_EM-060D,77.78554341
SP-029,OTHER-EQ_EM-090D,78.38853212
SP-029,OTHER-EQ_EM-120D,78.99152083
SP-029,OTHER-EQ_EM-180D,80.19749825
SP-029,OTHER-EQ_EM-360D,83.81543050
SP-029,OTHER-EQ_DM-001D,79.02449344
SP-029,OTHER-EQ_DM-005D,79.10490504
SP-029,OTHER-EQ_DM-010D,79.20541953
SP-029,OTHER-EQ_DM-020D,79.40644851
SP-029,OTHER-EQ_DM-030D,79.60747750
SP-029,OTHER-EQ_DM-060D,80.21056445
SP-029,OTHER-EQ_DM-090D,80.81365140
SP-029,OTHER-EQ_DM-120D,81.41673835
SP-029,OTHER-EQ_DM-180D,82.62291225
SP-029,OTHER-EQ_DM-360D,86.24143395
SP-029,OTHER-REIT_US-001D,81.38379038
SP-029,OTHER-REIT_US-005D,81.46414959
SP-029,OTHER-REIT_US-010D,81.56459860
SP-029,OTHER-REIT_US-020D,81.76549663
SP-029,OTHER-REIT_US-030D,81.96639465
SP-029,OTHER-REIT_US-060D,82.56908873
SP-029,OTHER-REIT_US-090D,83.17178281
SP-029,OTHER-REIT_US-120D,83.77447689
SP-029,OTHER-REIT_US-180D,84.97986505
SP-029,OTHER-REIT_US-360D,88.59602952
SP-029,OTHER-REIT_EU-001D,83.80821894
SP-029,OTHER-REIT_EU-005D,83.88859125
SP-029,OTHER-REIT_EU-010D,83.98905663
SP-029,OTHER-REIT_EU-020D,84.18998738
SP-029,OTHER-REIT_EU-030D,84.39091814
SP-029,OTHER-REIT_EU-060D,84.99371041
SP-029,OTHER-REIT_EU-090D,85.59650269
SP-029,OTHER-REIT_EU-120D,86.19929496
SP-029,OTHER-REIT_EU-180D,87.40487950
SP-029,OTHER-REIT_EU-360D,91.02163314
SP-029,OTHER-FREIGHT-001D,86.23343535
SP-029,OTHER-FREIGHT-005D,86.31382075
SP-029,OTHER-FREIGHT-010D,86.41430250
SP-029,OTHER-FREIGHT-020D,86.61526599
SP-029,OTHER-FREIGHT-030D,86.81622948
SP-029,OTHER-FREIGHT-060D,87.41911997
SP-029,OTHER-FREIGHT-090D,88.02201045
SP-029,OTHER-FREIGHT-120D,88.62490093
SP-029,OTHER-FREIGHT-180D,89.83068190
SP-029,OTHER-FREIGHT-360D,93.44802479
SP-029,OTHER-POWER_DE-001D,88.65943979
SP-029,OTHER-POWER_DE-005D,88.73983829
SP-029,OTHER-POWER_DE-010D,88.84033640
SP-029,OTHER-POWER_DE-020D,89.04133264
SP-029,OTHER-POWER_DE-030D,89.24232888
SP-029,OTHER-POWER_DE-060D,89.84531758
SP-029,OTHER-POWER_DE-090D,90.44830629
SP-029,OTHER-POWER_DE-120D,91.05129500
SP-029,OTHER-POWER_DE-180D,92.25727242
SP-029,OTHER-POWER_DE-360D,95.87520467
SP-029,OTHER-POWER_UK-001D,91.08623246
SP-029,OTHER-POWER_UK-005D,91.16664405
SP-029,OTHER-POWER_UK-010D,91.26715854
SP-029,OTHER-POWER_UK-020D,91.46818753
SP-029,OTHER-POWER_UK-030D,91.66921651
SP-029,OTHER-POWER_UK-060D,92.27230346
SP-029,OTHER-POWER_UK-090D,92.87539041
SP-029,OTHER-POWER_UK-120D,93.47847736
SP-029,OTHER-POWER_UK-180D,94.68465126
SP-029,OTHER-POWER_UK-360D,98.30317297
